account_id,matches_played,avg_kda,avg_gold_per_min,avg_xp_per_min,avg_chat_messages,avg_chat_length,leaver_rate,reliable
5,5,4.922222222222223,535.0,602.2,0.0,0.0,0.0,1
17,7,4.314935064935065,424.2857142857143,476.57142857142856,1.0,6.428571428571429,0.0,1
40,19,4.658209626630679,507.2105263157895,569.7894736842105,1.947368421052632,5.684210526315789,0.0,1
62,8,5.019369172494173,372.875,386.5,1.875,1.875,0.0,1
63,8,2.4416666666666664,462.625,461.75,0.5,7.75,0.0,1
64,14,2.3620962825076046,392.8571428571428,447.2857142857143,3.571428571428572,3.857142857142857,0.0,1
65,10,2.493520821283979,437.3,488.7,0.8,5.2,0.1,0
66,6,3.8642857142857134,591.5,617.8333333333334,4.166666666666667,3.5,0.0,1
67,5,2.993162393162393,470.0,511.0,2.2,7.2,0.0,1
68,44,2.5812965072657588,364.5,412.3181818181818,4.795454545454546,5.0,0.0,1
69,27,3.0889450056116723,427.6666666666667,482.8888888888889,0.7037037037037037,3.888888888888889,0.0,1
70,35,2.072243153671725,397.4,398.1428571428572,1.6,5.6571428571428575,0.0,1
71,31,4.006759996276125,521.9032258064516,553.9677419354839,1.4193548387096775,3.935483870967742,0.032258064516129,0
72,12,2.2568424265792686,401.75,390.75,0.5833333333333334,1.0,0.0,1
95,7,2.224335188620903,287.2857142857143,295.85714285714283,0.0,0.0,0.0,1
97,28,2.554452538591194,337.07142857142856,335.85714285714283,1.0714285714285714,1.25,0.0357142857142857,0
100,5,2.834285714285714,668.6,594.4,1.6,2.4,0.0,1
101,5,6.755555555555556,585.8,601.2,0.0,0.0,0.0,1
107,24,5.019300491175492,632.2916666666666,623.4583333333334,4.125,7.333333333333333,0.0,1
108,13,2.816373018635462,328.6923076923077,364.46153846153845,0.8461538461538461,5.384615384615385,0.0,1
110,8,2.9589015151515152,482.125,512.625,1.625,3.75,0.0,1
113,8,2.666524621212121,419.75,455.375,1.25,1.875,0.0,1
117,6,2.2121212121212124,322.8333333333333,396.6666666666667,0.6666666666666666,2.6666666666666665,0.0,1
120,5,5.0,367.4,424.2,0.6,4.2,0.0,1
125,5,4.119285714285715,336.6,379.2,0.2,1.8,0.0,1
147,15,2.342757242757243,293.53333333333336,343.06666666666666,1.0,2.8,0.0,1
148,21,2.5260461899559643,458.6190476190476,485.5238095238095,0.238095238095238,0.3809523809523809,0.0,1
149,25,2.699955377955378,438.8,469.52,1.12,2.2,0.04,0
164,19,2.3328303275671693,378.8421052631579,451.578947368421,2.631578947368421,3.1578947368421053,0.0,1
170,38,3.1643902515613043,527.8947368421053,619.6842105263158,1.105263157894737,3.684210526315789,0.0263157894736842,0
183,11,2.6820025933662297,458.0,486.54545454545456,6.636363636363637,7.272727272727272,0.0,1
188,14,4.687505153576582,505.7142857142857,570.8571428571429,0.6428571428571429,4.285714285714286,0.0,1
189,10,3.744170274170274,420.1,486.3,0.4,0.4,0.3,0
190,9,5.4313397129186605,592.2222222222222,593.7777777777778,1.1111111111111112,0.8888888888888888,0.2222222222222222,0
191,6,2.007575757575758,286.1666666666667,281.1666666666667,0.5,2.0,0.0,1
192,7,1.7479853479853478,300.0,330.2857142857143,0.0,0.0,0.0,1
193,12,2.29736050986051,395.0,437.9166666666667,0.0,0.0,0.0,1
202,6,1.8763888888888889,294.8333333333333,338.6666666666667,1.1666666666666667,2.6666666666666665,0.0,1
203,8,3.917857142857143,615.625,637.5,0.25,2.5,0.0,1
233,5,4.899633699633699,612.2,647.8,2.6,4.8,0.0,1
234,9,2.3757255090588423,406.0,493.55555555555554,0.7777777777777778,1.5555555555555556,0.0,1
235,5,2.491111111111111,470.2,558.4,3.2,7.2,0.0,1
237,31,2.924669506121119,430.7741935483871,480.06451612903226,0.5161290322580645,1.1290322580645162,0.0,1
253,11,2.30398137216319,379.1818181818182,399.54545454545456,1.3636363636363635,1.818181818181818,0.0,1
267,15,3.157017797017797,405.26666666666665,447.6,1.0666666666666669,6.8,0.0,1
275,6,3.420899470899471,441.3333333333333,412.6666666666667,0.1666666666666666,2.833333333333333,0.0,1
292,25,2.8515484515484517,453.36,490.8,0.36,2.88,0.0,1
295,6,2.169642857142857,467.3333333333333,575.5,0.3333333333333333,1.8333333333333333,0.0,1
320,5,2.1272727272727274,365.2,404.2,5.6,9.2,0.0,1
326,30,4.215918988418989,447.4,459.9333333333333,0.2666666666666666,1.3333333333333333,0.0,1
330,10,3.487474747474747,504.2,541.3,0.8,2.0,0.0,1
337,5,8.363247863247864,502.0,556.6,4.2,3.6,0.0,1
338,11,3.9302341597796144,549.0909090909091,606.3636363636364,4.090909090909091,7.181818181818182,0.0,1
361,6,5.039351851851852,490.8333333333333,486.3333333333333,0.6666666666666666,1.8333333333333333,0.0,1
363,15,3.227222222222222,414.8666666666667,482.3333333333333,0.3333333333333333,2.6,0.0666666666666666,0
365,15,2.8638239538239536,320.8666666666667,384.8666666666667,0.0666666666666666,0.7333333333333333,0.0,1
366,12,3.934259259259259,459.6666666666667,522.4166666666666,0.0833333333333333,0.4166666666666667,0.0833333333333333,0
367,6,1.6166666666666665,261.8333333333333,224.83333333333331,0.0,0.0,0.0,1
368,6,2.052910052910053,337.1666666666667,376.3333333333333,2.833333333333333,1.5,0.0,1
369,5,3.2286324786324783,380.0,378.0,6.2,4.8,0.0,1
371,9,6.711992945326279,539.6666666666666,609.8888888888889,1.0,5.222222222222222,0.0,1
378,5,3.635180375180375,564.4,615.8,5.8,2.4,0.0,1
379,22,3.1507811632811635,551.8181818181819,613.2727272727273,2.272727272727273,6.818181818181818,0.0454545454545454,0
381,17,2.162383205030264,369.88235294117646,384.4705882352941,0.2352941176470588,0.5294117647058824,0.0,1
392,6,3.113492063492064,534.6666666666666,598.0,0.6666666666666666,4.833333333333333,0.0,1
396,6,2.584211376858436,463.0,491.0,4.0,6.5,0.0,1
400,5,1.6822222222222225,370.8,408.2,0.0,0.0,0.0,1
416,6,3.3586970899470896,524.1666666666666,663.6666666666666,2.333333333333333,4.666666666666667,0.0,1
423,11,5.156704406704407,475.8181818181818,533.4545454545455,0.8181818181818182,0.8181818181818182,0.0909090909090909,0
424,5,3.023409090909091,430.8,457.4,1.0,2.8,0.0,1
426,9,4.828042328042328,514.5555555555555,527.5555555555555,0.8888888888888888,1.3333333333333333,0.0,1
427,7,3.025510204081633,328.85714285714283,355.1428571428572,1.0,4.571428571428571,0.0,1
434,5,1.8356410256410256,349.0,364.2,0.2,1.6,0.0,1
477,7,4.878649921507064,453.7142857142857,505.57142857142856,1.5714285714285714,5.142857142857143,0.1428571428571428,0
478,5,3.1028571428571428,419.6,376.2,0.6,5.2,0.0,1
484,7,2.745748299319728,409.1428571428572,477.7142857142857,1.1428571428571428,7.285714285714286,0.0,1
485,5,3.3186868686868687,402.0,506.2,2.8,7.8,0.0,1
487,6,2.020634920634921,327.5,375.0,0.8333333333333334,0.3333333333333333,0.0,1
488,5,2.49,453.8,513.0,2.8,5.0,0.0,1
490,8,2.423268194224077,367.875,417.25,0.375,2.0,0.0,1
495,5,4.306190476190476,470.8,498.0,0.6,1.0,0.0,1
499,12,2.876833814333814,395.5,419.0833333333333,2.583333333333333,5.416666666666667,0.0,1
500,8,3.14491341991342,436.5,460.0,6.125,4.5,0.125,0
501,5,3.991161616161617,478.2,527.2,1.4,2.4,0.0,1
506,5,2.361904761904761,425.4,493.2,6.2,14.4,0.0,1
507,5,2.029981782922959,418.2,500.6,4.8,3.6,0.0,1
508,6,1.823845598845599,403.6666666666667,491.1666666666667,1.3333333333333333,3.0,0.0,1
516,9,2.3798362131695465,442.22222222222223,449.3333333333333,0.1111111111111111,0.8888888888888888,0.1111111111111111,0
520,6,8.85064935064935,648.5,705.1666666666666,2.0,5.5,0.0,1
524,7,3.8857142857142857,395.4285714285714,414.2857142857143,1.2857142857142858,1.7142857142857142,0.0,1
531,9,4.662746512746512,389.8888888888889,474.1111111111111,0.4444444444444444,1.3333333333333333,0.0,1
538,5,2.27952380952381,542.0,562.8,2.6,3.0,0.0,1
541,7,1.923015873015873,424.2857142857143,420.57142857142856,0.0,0.0,0.0,1
547,5,4.35,582.2,547.6,0.0,0.0,0.0,1
574,5,4.538492063492063,555.0,606.6,0.0,0.0,0.0,1
579,22,3.197929532588624,352.45454545454544,374.04545454545456,0.0909090909090909,0.6363636363636364,0.0,1
593,8,1.6347804972804971,300.625,333.5,0.375,0.875,0.0,1
602,6,2.9744708994708997,462.1666666666667,534.6666666666666,3.6666666666666665,2.0,0.0,1
603,6,3.6677350427350426,414.6666666666667,390.3333333333333,0.3333333333333333,0.6666666666666666,0.0,1
627,10,5.718888888888889,569.7,596.4,6.1,5.2,0.1,0
635,10,2.0034740259740262,358.5,376.0,5.9,3.6,0.0,1
641,10,4.596984126984127,548.5,540.8,0.3,2.6,0.0,1
647,6,1.782440476190476,316.3333333333333,345.0,0.8333333333333334,2.0,0.0,1
649,8,2.700689935064936,624.875,558.75,3.875,6.5,0.25,0
650,5,3.2666666666666666,501.6,534.6,20.8,3.0,0.0,1
662,5,2.0166666666666666,448.2,467.0,1.2,6.8,0.0,1
663,10,2.5632359307359307,407.6,429.9,1.0,5.7,0.0,1
664,7,3.6263760049474336,382.57142857142856,452.4285714285714,0.0,0.0,0.0,1
665,19,5.032672590567327,606.8947368421053,625.2631578947369,0.3157894736842105,3.473684210526316,0.0,1
666,9,1.9018358185024853,288.44444444444446,294.44444444444446,0.6666666666666666,2.6666666666666665,0.0,1
671,17,2.839860792801969,389.9411764705882,415.2941176470589,1.1176470588235294,2.294117647058824,0.0,1
672,13,4.785975135975136,376.6923076923077,417.38461538461536,1.6153846153846154,4.923076923076923,0.0,1
673,10,4.125681818181818,504.7,484.4,0.6,2.4,0.1,0
674,19,3.436568694463431,391.9473684210527,433.0,1.1578947368421053,1.263157894736842,0.0,1
675,18,4.943386243386243,524.2777777777778,528.5555555555555,1.9444444444444444,5.722222222222222,0.0,1
681,5,2.893240093240093,469.8,446.0,1.0,2.6,0.2,0
684,8,3.383928571428571,465.75,493.875,1.875,1.5,0.0,1
685,7,1.7055194805194809,402.8571428571428,410.0,0.5714285714285714,4.714285714285714,0.0,1
686,9,3.883628771373869,478.8888888888889,495.22222222222223,1.2222222222222223,2.6666666666666665,0.0,1
698,20,3.9754807692307694,489.35,531.5,1.85,8.8,0.0,1
699,9,3.1875679875679874,349.3333333333333,420.55555555555554,1.2222222222222223,4.0,0.0,1
714,10,2.7859523809523807,364.5,459.4,2.2,8.4,0.1,0
716,6,3.526587301587302,339.5,376.6666666666667,0.0,0.0,0.0,1
719,7,1.847874149659864,317.57142857142856,373.0,0.1428571428571428,0.5714285714285714,0.0,1
723,18,6.190740740740741,506.05555555555554,531.8333333333334,0.3888888888888889,0.6666666666666666,0.0555555555555555,0
731,7,2.393543956043956,446.1428571428572,493.4285714285714,0.0,0.0,0.0,1
732,40,3.812607461982462,587.45,636.375,2.525,12.675,0.0,1
733,9,1.9121913580246916,319.6666666666667,330.22222222222223,2.333333333333333,3.555555555555556,0.0,1
744,5,2.1355555555555554,447.8,488.6,0.0,0.0,0.0,1
750,15,3.4973088023088024,493.4,527.2666666666667,0.9333333333333332,7.6,0.0,1
759,8,3.3891369047619047,397.125,442.75,0.5,2.0,0.0,1
760,5,2.410793650793651,421.0,421.6,2.8,3.6,0.2,0
764,7,1.710064935064935,367.7142857142857,416.2857142857143,0.0,0.0,0.0,1
766,6,1.920785233285233,390.1666666666667,391.3333333333333,0.8333333333333334,1.0,0.0,1
768,7,3.203174603174604,435.8571428571428,485.57142857142856,0.0,0.0,0.0,1
771,5,4.443809523809524,475.2,547.4,0.0,0.0,0.0,1
772,6,3.113510101010101,419.1666666666667,489.6666666666667,1.3333333333333333,0.6666666666666666,0.0,1
773,7,2.75578231292517,448.4285714285714,453.2857142857143,0.7142857142857143,0.5714285714285714,0.0,1
780,5,3.085714285714286,371.2,402.8,2.6,0.6,0.0,1
783,13,3.3463113809267657,477.6923076923077,513.3846153846154,0.4615384615384615,2.3076923076923075,0.0769230769230769,0
784,6,1.8823139823139825,314.5,382.0,0.1666666666666666,1.6666666666666667,0.0,1
789,6,4.501243201243201,612.8333333333334,590.6666666666666,0.0,0.0,0.0,1
791,18,4.521995751162418,399.94444444444446,430.44444444444446,2.4444444444444446,4.777777777777778,0.0,1
794,8,2.1332570207570205,353.25,390.625,1.0,1.5,0.0,1
795,10,3.104790764790765,347.5,377.8,0.5,0.6,0.0,1
801,6,2.6662698412698416,446.6666666666667,462.0,0.0,0.0,0.0,1
804,12,4.995547739297739,388.5,472.75,1.9166666666666667,2.5,0.0,1
805,6,2.3371794871794878,394.5,442.8333333333333,0.3333333333333333,3.0,0.0,1
806,18,3.427345031511698,377.77777777777777,390.44444444444446,0.0,0.0,0.0,1
807,15,2.093979353979354,368.3333333333333,393.6,1.9333333333333331,4.666666666666667,0.0,1
814,11,2.023316887790572,464.6363636363636,448.27272727272725,2.272727272727273,1.181818181818182,0.0,1
815,6,2.8068181818181817,323.6666666666667,314.1666666666667,16.666666666666668,6.166666666666667,0.0,1
823,6,2.572871572871573,413.0,420.1666666666667,1.1666666666666667,1.5,0.1666666666666666,0
824,36,4.302406004489338,538.0555555555555,594.3611111111111,1.7777777777777777,6.0,0.0833333333333333,0
828,6,3.186111111111112,482.3333333333333,520.1666666666666,6.0,2.6666666666666665,0.0,1
829,12,3.1883597883597883,527.3333333333334,484.0,2.1666666666666665,6.5,0.0,1
830,15,4.391746031746032,328.93333333333334,350.4,0.0,0.0,0.0,1
831,5,3.1806060606060607,570.2,488.0,2.4,8.8,0.0,1
832,10,3.3900396825396824,522.8,541.5,4.0,1.2,0.0,1
833,6,4.830170755170755,559.8333333333334,612.6666666666666,0.1666666666666666,1.8333333333333333,0.0,1
834,6,3.6875,466.6666666666667,478.0,0.0,0.0,0.0,1
835,17,2.5833627157156567,495.5882352941176,523.0,1.7647058823529411,3.7058823529411766,0.0,1
836,51,2.928563439636104,404.921568627451,407.9803921568628,2.5294117647058822,2.294117647058824,0.0196078431372549,0
847,14,4.178659039373325,481.2142857142857,504.0,0.4285714285714285,2.857142857142857,0.0,1
861,6,4.10515873015873,395.0,416.5,0.0,0.0,0.0,1
875,5,4.198095238095238,476.2,554.8,1.6,13.2,0.0,1
881,8,3.515873015873016,426.75,414.625,1.25,2.25,0.0,1
894,9,3.26794532627866,464.55555555555554,493.0,0.3333333333333333,1.7777777777777777,0.0,1
895,7,4.452472527472528,385.1428571428572,418.2857142857143,0.0,0.0,0.0,1
896,7,4.574829931972789,357.0,381.57142857142856,0.0,0.0,0.0,1
897,8,2.082521645021645,382.375,397.75,0.0,0.0,0.0,1
916,27,3.1163727219282773,371.1111111111111,407.22222222222223,1.5925925925925926,4.666666666666667,0.0,1
924,12,2.307173382173382,334.1666666666667,410.25,1.1666666666666667,6.666666666666667,0.0,1
938,6,2.4882154882154883,505.8333333333333,489.1666666666667,11.333333333333334,9.666666666666666,0.0,1
942,6,2.8563492063492064,555.0,578.5,0.0,0.0,0.0,1
946,8,3.6549873737373737,436.375,498.0,3.5,3.0,0.0,1
948,6,3.378547378547379,275.8333333333333,266.1666666666667,0.3333333333333333,1.0,0.0,1
949,5,4.034920634920635,490.6,555.6,3.8,4.2,0.0,1
962,6,2.922799422799423,425.3333333333333,426.3333333333333,0.0,0.0,0.0,1
973,16,3.618303571428571,577.625,618.0,0.75,7.5,0.0,1
976,6,2.545685795685796,440.0,436.5,1.5,2.333333333333333,0.0,1
981,15,2.139601972101972,472.6,479.53333333333336,1.0,3.733333333333333,0.0,1
1001,10,3.3645743145743148,432.9,448.8,1.0,3.0,0.0,1
1003,16,3.462723214285714,448.5,451.375,0.75,3.0,0.0625,0
1005,12,1.851058201058201,381.5833333333333,422.3333333333333,0.9166666666666666,4.0,0.0,1
1007,5,5.8933333333333335,485.0,550.8,0.8,2.2,0.0,1
1011,13,2.774154691462384,359.2307692307692,365.46153846153845,1.9230769230769231,3.230769230769231,0.0,1
1018,16,2.598490695160103,442.25,483.5625,0.5625,1.75,0.125,0
1019,19,4.455718842560948,565.6315789473684,600.2105263157895,0.9473684210526316,4.421052631578948,0.0526315789473684,0
1023,6,3.774801587301587,445.8333333333333,463.5,0.0,0.0,0.0,1
1024,6,4.633689458689459,356.1666666666667,352.8333333333333,1.6666666666666667,2.6666666666666665,0.0,1
1027,34,3.7624773918891568,393.8529411764706,428.2058823529412,1.411764705882353,2.647058823529412,0.0,1
1034,7,2.5972222222222223,473.7142857142857,454.8571428571428,1.4285714285714286,1.1428571428571428,0.0,1
1038,5,2.4555916305916305,432.6,504.8,0.0,0.0,0.0,1
1044,12,4.924747474747474,433.1666666666667,438.25,2.833333333333333,1.25,0.0,1
1047,7,4.56926406926407,690.5714285714286,812.4285714285714,1.8571428571428568,2.0,0.0,1
1053,6,3.35,438.0,453.5,0.1666666666666666,3.333333333333333,0.0,1
1055,38,2.5689544008622955,467.6315789473685,552.9736842105264,1.368421052631579,4.421052631578948,0.0,1
1062,6,1.8027777777777776,338.6666666666667,372.1666666666667,7.333333333333333,6.0,0.0,1
1067,15,2.4765199071081425,490.06666666666666,533.0666666666667,0.3333333333333333,2.0,0.0,1
1069,6,2.966822991822992,413.6666666666667,454.8333333333333,0.0,0.0,0.0,1
1077,5,2.3266666666666667,454.0,459.0,0.0,0.0,0.0,1
1078,7,10.452380952380953,701.4285714285714,718.5714285714286,0.5714285714285714,0.5714285714285714,0.0,1
1082,8,2.6,463.375,473.75,2.375,3.5,0.0,1
1083,12,2.619744607244607,408.25,417.5833333333333,0.75,5.0,0.0,1
1087,8,2.1446699134199134,467.625,497.375,1.0,1.875,0.125,0
1088,7,2.134467120181406,374.7142857142857,355.1428571428572,0.2857142857142857,1.7142857142857142,0.0,1
1091,9,3.114089614089614,424.0,418.0,2.6666666666666665,5.777777777777778,0.1111111111111111,0
1092,7,8.680272108843537,492.57142857142856,540.4285714285714,0.0,0.0,0.1428571428571428,0
1093,5,9.232467532467531,382.8,426.2,0.0,0.0,0.0,1
1096,8,1.691313131313131,423.75,429.625,13.25,9.0,0.0,1
1101,5,4.455407750144593,519.6,497.2,17.0,20.2,0.0,1
1102,9,3.172053872053872,333.3333333333333,381.55555555555554,2.2222222222222223,3.888888888888889,0.0,1
1109,5,10.353333333333332,426.0,455.2,0.6,0.8,0.0,1
1110,5,5.166666666666666,500.8,539.6,0.4,1.6,0.0,1
1117,9,2.763973680640347,481.3333333333333,526.5555555555555,2.0,10.22222222222222,0.0,1
1119,7,3.392687074829932,422.0,459.2857142857143,2.142857142857143,7.428571428571429,0.1428571428571428,0
1120,8,2.2763122294372296,454.375,457.75,0.375,1.0,0.0,1
1121,6,1.94004144004144,387.8333333333333,414.6666666666667,0.0,0.0,0.0,1
1123,19,2.569026952579584,399.0,431.7368421052632,2.0526315789473686,4.631578947368421,0.0526315789473684,0
1124,6,2.7371031746031744,460.0,464.5,2.1666666666666665,2.0,0.0,1
1131,10,4.851904761904762,407.5,423.9,0.1,0.5,0.0,1
1134,6,2.558201058201058,498.1666666666667,503.5,2.6666666666666665,3.5,0.1666666666666666,0
1135,5,2.073983957219252,417.0,513.0,1.0,2.8,0.0,1
1143,5,3.1140873015873014,440.6,488.0,0.0,0.0,0.0,1
1144,10,4.058055555555556,475.3,543.9,1.5,4.8,0.0,1
1147,5,3.176165501165501,523.6,525.0,1.2,3.6,0.0,1
1149,6,3.1828703703703702,325.3333333333333,372.1666666666667,0.0,0.0,0.0,1
1180,20,1.996608734402852,395.55,396.05,0.1,0.1,0.05,0
1184,17,3.103030303030303,396.05882352941177,454.7058823529412,0.1176470588235294,0.2941176470588235,0.0,1
1185,6,2.827958152958153,369.0,374.0,0.6666666666666666,5.5,0.0,1
1187,5,5.846666666666667,529.4,577.8,0.2,0.8,0.0,1
1203,5,3.0535714285714284,458.2,486.4,1.0,4.0,0.0,1
1205,13,6.355477855477856,590.0,597.0,0.6923076923076923,1.1538461538461535,0.0,1
1207,7,4.652380952380952,489.57142857142856,472.2857142857143,0.1428571428571428,0.7142857142857143,0.0,1
1223,5,2.1313131313131315,375.6,443.4,1.2,4.8,0.0,1
1224,5,3.651515151515152,472.8,487.6,0.6,1.2,0.0,1
1225,7,2.465589569160997,325.0,341.2857142857143,1.2857142857142858,1.7142857142857142,0.0,1
1245,5,2.948095238095238,301.4,305.0,0.8,5.4,0.0,1
1255,5,2.244166666666666,394.0,403.6,0.2,1.4,0.0,1
1258,5,1.986007326007326,346.4,383.2,1.6,3.6,0.0,1
1261,7,2.0542124542124545,405.0,416.8571428571428,0.7142857142857143,2.142857142857143,0.1428571428571428,0
1262,9,2.42390289449113,319.44444444444446,282.1111111111111,4.777777777777778,5.444444444444445,0.0,1
1263,5,1.41890977443609,397.6,418.6,11.0,9.6,0.0,1
1265,6,3.0212250712250714,540.1666666666666,570.5,0.0,0.0,0.0,1
1268,7,2.253846153846154,294.7142857142857,296.2857142857143,0.8571428571428571,1.4285714285714286,0.0,1
1272,5,2.8,398.0,368.6,0.8,15.4,0.2,0
1281,6,2.7663398692810457,454.1666666666667,484.5,1.8333333333333333,3.5,0.1666666666666666,0
1282,7,2.1709183673469385,284.1428571428572,351.0,1.5714285714285714,3.0,0.1428571428571428,0
1292,28,2.978746947496948,445.1428571428572,483.7857142857143,1.1428571428571428,2.2857142857142856,0.0,1
1293,6,1.19023569023569,391.3333333333333,401.5,10.333333333333334,7.5,0.1666666666666666,0
1311,5,3.7787301587301583,351.4,376.6,2.4,3.6,0.2,0
1315,7,1.238095238095238,284.1428571428572,311.1428571428572,0.8571428571428571,2.0,0.1428571428571428,0
1322,24,4.251458842083842,507.3333333333333,519.3333333333334,0.875,2.9166666666666665,0.0,1
1323,12,3.26468993968994,434.5833333333333,462.1666666666667,1.4166666666666667,3.0,0.0,1
1335,6,4.551587301587301,415.5,468.8333333333333,0.0,0.0,0.0,1
1353,8,2.15167297979798,409.875,439.5,4.0,1.125,0.0,1
1354,8,3.7560824592074593,430.75,469.5,1.125,2.75,0.0,1
1356,5,4.213333333333333,550.0,610.0,0.0,0.0,0.0,1
1360,6,3.542665667665668,423.8333333333333,423.0,8.666666666666666,3.0,0.0,1
1363,25,3.6322268907563022,469.48,493.68,2.84,2.2,0.0,1
1365,5,1.2556157550739595,291.8,291.2,0.0,0.0,0.0,1
1366,7,2.1737012987012987,425.2857142857143,410.2857142857143,0.8571428571428571,2.857142857142857,0.1428571428571428,0
1367,6,2.374084249084249,401.5,451.1666666666667,0.8333333333333334,1.6666666666666667,0.0,1
1385,12,2.60705451955452,396.0,461.9166666666667,3.25,2.9166666666666665,0.0,1
1386,12,3.688943001443002,401.25,443.9166666666667,2.5,2.083333333333333,0.0,1
1388,14,6.907683982683983,511.6428571428572,539.1428571428571,3.857142857142857,3.5,0.0,1
1407,5,2.6761904761904765,357.0,315.8,0.6,1.6,0.0,1
1409,5,4.83964858670741,616.0,668.2,0.0,0.0,0.0,1
1417,7,2.528693528693529,400.57142857142856,457.1428571428572,0.8571428571428571,1.7142857142857142,0.0,1
1420,10,3.817093837535014,445.6,465.0,0.5,3.2,0.0,1
1439,5,5.793888888888889,441.4,436.8,1.0,2.8,0.0,1
1440,6,4.483080808080808,534.5,546.5,12.166666666666666,9.5,0.0,1
1442,5,3.5072261072261077,551.6,506.8,2.6,11.4,0.0,1
1460,13,2.723204899675488,444.0769230769231,466.0,0.9230769230769232,1.9230769230769231,0.0,1
1477,5,2.518441558441558,324.8,425.2,0.0,0.0,0.0,1
1478,12,2.5864959114959114,406.0833333333333,442.4166666666667,0.3333333333333333,1.3333333333333333,0.0,1
1485,7,3.869152276295133,442.57142857142856,497.4285714285714,1.1428571428571428,1.1428571428571428,0.0,1
1497,32,4.837493235930736,498.96875,544.75,1.53125,9.5625,0.0,1
1504,6,2.2040305010893246,356.8333333333333,379.3333333333333,0.3333333333333333,1.0,0.0,1
1519,16,3.230835657398157,459.5625,512.6875,0.9375,3.5,0.0,1
1523,7,4.449072356215213,493.8571428571428,505.57142857142856,0.1428571428571428,0.2857142857142857,0.1428571428571428,0
1539,5,9.01,665.2,683.2,1.0,8.0,0.0,1
1543,21,3.3227470941756656,351.23809523809524,379.95238095238096,0.5714285714285714,1.4285714285714286,0.0,1
1544,14,2.6553854875283447,317.35714285714283,351.42857142857144,0.0,0.0,0.0,1
1545,41,5.750022335388189,511.609756097561,545.0243902439024,0.0975609756097561,0.3658536585365853,0.0,1
1546,24,3.863708744958745,543.9166666666666,582.8333333333334,0.0833333333333333,0.75,0.0,1
1547,20,3.063096625596626,458.95,521.55,2.65,3.85,0.0,1
1558,7,7.40952380952381,628.2857142857143,572.2857142857143,1.5714285714285714,2.571428571428572,0.0,1
1571,6,2.1357142857142857,516.8333333333334,505.1666666666667,2.833333333333333,3.6666666666666665,0.0,1
1577,6,1.828943278943279,353.3333333333333,381.0,2.333333333333333,6.0,0.0,1
1584,10,3.553908065618592,416.4,463.6,0.7,0.7,0.0,1
1594,5,1.987272727272727,398.4,456.8,0.0,0.0,0.0,1
1595,6,3.311253561253561,437.3333333333333,386.3333333333333,1.3333333333333333,3.333333333333333,0.0,1
1597,5,2.151068376068376,387.0,361.0,0.0,0.0,0.0,1
1598,6,2.213308913308913,327.6666666666667,363.5,0.1666666666666666,1.5,0.0,1
1602,6,1.3005050505050504,363.6666666666667,383.3333333333333,0.0,0.0,0.0,1
1603,33,2.733565731159314,373.3636363636364,391.8484848484849,1.5757575757575757,5.696969696969697,0.0,1
1605,12,3.9985119047619047,475.5,475.5833333333333,2.0,3.75,0.0,1
1606,9,1.5416666666666667,398.8888888888889,394.6666666666667,2.111111111111111,0.6666666666666666,0.0,1
1609,18,3.01500074000074,402.77777777777777,458.8333333333333,1.3333333333333333,3.5,0.0,1
1616,5,5.343076923076923,378.0,422.4,0.4,1.8,0.0,1
1617,9,1.7735830527497194,446.6666666666667,496.0,0.6666666666666666,0.8888888888888888,0.0,1
1619,5,2.180952380952381,345.8,438.2,0.2,1.4,0.0,1
1623,8,2.1404761904761904,441.625,445.25,0.125,1.0,0.0,1
1629,8,3.015277777777777,396.875,378.25,2.125,3.0,0.0,1
1631,9,3.417358567358568,523.1111111111111,555.7777777777778,0.4444444444444444,2.0,0.1111111111111111,0
1640,17,4.422180760416055,455.2941176470589,379.8235294117647,0.7647058823529411,1.7647058823529411,0.0,1
1642,6,2.1960317460317462,420.8333333333333,449.0,0.0,0.0,0.1666666666666666,0
1643,13,4.929487179487179,461.38461538461536,475.61538461538464,0.0,0.0,0.0,1
1648,6,2.1592592592592594,465.3333333333333,471.8333333333333,6.5,4.333333333333333,0.1666666666666666,0
1649,5,3.0557142857142856,394.2,367.0,5.0,2.4,0.0,1
1650,21,4.966156462585034,538.2380952380952,553.7142857142857,0.4761904761904761,5.0,0.0,1
1651,13,1.5459378228608998,508.1538461538461,536.6923076923077,11.307692307692308,4.230769230769231,0.0,1
1662,13,3.671486846486846,470.0769230769231,486.0,0.2307692307692307,1.3846153846153846,0.0,1
1663,10,3.446143768512189,377.5,370.3,0.5,3.6,0.0,1
1667,9,2.777922077922078,273.44444444444446,297.8888888888889,0.3333333333333333,1.7777777777777777,0.0,1
1674,22,2.2904501323226616,448.95454545454544,485.6818181818182,2.636363636363636,2.0454545454545454,0.0454545454545454,0
1677,6,3.0234126984126988,424.8333333333333,474.6666666666667,1.8333333333333333,6.666666666666667,0.0,1
1678,7,2.102922077922078,374.4285714285714,419.1428571428572,5.142857142857143,4.714285714285714,0.0,1
1696,5,1.7443001443001442,378.8,422.2,1.0,7.2,0.0,1
1698,9,3.0465608465608462,295.22222222222223,302.55555555555554,0.4444444444444444,2.2222222222222223,0.0,1
1701,9,1.825925925925926,334.3333333333333,362.55555555555554,0.6666666666666666,2.333333333333333,0.1111111111111111,0
1703,6,2.758405483405483,397.3333333333333,407.6666666666667,0.0,0.0,0.0,1
1704,8,3.904166666666667,419.75,394.25,0.625,2.0,0.125,0
1712,8,5.531944444444444,348.25,399.0,1.5,1.875,0.0,1
1722,6,6.094444444444444,461.6666666666667,514.8333333333334,0.0,0.0,0.0,1
1723,7,7.738095238095239,475.1428571428572,544.7142857142857,0.1428571428571428,1.1428571428571428,0.0,1
1727,28,3.6692693219478936,476.0,505.1785714285714,0.8928571428571429,6.0,0.0357142857142857,0
1728,25,2.443160173160173,393.52,426.68,1.96,4.0,0.0,1
1729,14,2.129638218923933,323.57142857142856,369.7857142857143,1.0,3.571428571428572,0.0,1
1730,21,3.388181131038274,529.6190476190476,560.9047619047619,1.6666666666666667,5.238095238095238,0.0,1
1731,12,2.618013468013468,323.0,357.0833333333333,0.5833333333333334,1.5833333333333333,0.0,1
1737,11,7.449647322374594,493.1818181818182,586.9090909090909,2.272727272727273,9.090909090909092,0.0,1
1738,10,3.4282051282051285,293.8,328.6,0.0,0.0,0.0,1
1751,6,4.555555555555555,354.1666666666667,378.5,2.833333333333333,6.0,0.0,1
1758,10,3.5442521367521365,488.6,491.8,6.2,2.0,0.0,1
1765,9,5.053968253968254,646.5555555555555,696.3333333333334,2.7777777777777777,4.0,0.0,1
1773,7,2.939595325309611,550.2857142857143,527.5714285714286,0.1428571428571428,0.5714285714285714,0.0,1
1775,5,3.5333333333333337,481.4,470.6,0.0,0.0,0.0,1
1776,5,2.1019047619047617,382.2,412.4,0.0,0.0,0.0,1
1779,10,3.3253571428571425,474.1,484.0,5.0,1.8,0.0,1
1780,31,2.239292548674224,477.6774193548387,494.64516129032256,1.7741935483870968,2.4838709677419355,0.0,1
1781,7,3.0583333333333336,408.7142857142857,446.7142857142857,0.0,0.0,0.0,1
1795,7,2.5346938775510206,400.8571428571428,442.0,0.7142857142857143,0.2857142857142857,0.1428571428571428,0
1800,8,4.825595238095239,422.125,444.25,2.125,5.0,0.0,1
1801,8,2.4285714285714284,385.625,371.75,1.0,4.625,0.0,1
1808,5,2.576274509803921,547.4,541.8,2.4,5.2,0.0,1
1815,11,7.382638069001706,471.3636363636364,502.45454545454544,6.2727272727272725,3.636363636363636,0.0,1
1822,21,2.7764084849168884,390.7142857142857,393.4761904761905,0.8095238095238095,4.047619047619048,0.0,1
1827,8,3.353067765567765,279.625,309.5,1.0,6.0,0.0,1
1828,23,3.069482570569527,422.9565217391304,449.4347826086956,0.7391304347826086,3.130434782608696,0.0434782608695652,0
1829,45,2.5452424119090784,377.24444444444447,416.31111111111113,0.2888888888888888,0.7777777777777778,0.0,1
1837,21,4.8136621315192745,528.8095238095239,536.047619047619,2.095238095238096,2.619047619047619,0.0476190476190476,0
1840,7,4.163095238095238,507.0,550.0,0.7142857142857143,2.142857142857143,0.0,1
1849,5,2.85,450.2,453.6,1.2,1.8,0.0,1
1855,14,2.777884714491857,414.9285714285714,489.9285714285714,0.3571428571428571,7.5,0.0,1
1856,14,3.954939703153989,353.85714285714283,431.4285714285714,0.2857142857142857,1.4285714285714286,0.0,1
1860,30,2.3618438043438044,421.03333333333336,410.76666666666665,0.5666666666666667,1.0,0.0,1
1861,31,3.2113432714239165,405.3870967741936,427.8709677419355,0.935483870967742,2.5806451612903225,0.0,1
1863,7,1.7350437144554791,337.0,324.57142857142856,0.2857142857142857,1.2857142857142858,0.1428571428571428,0
1865,5,1.3812820512820512,383.8,441.6,0.0,0.0,0.0,1
1885,5,2.113030303030303,346.8,400.2,0.0,0.0,0.0,1
1886,5,2.771212121212121,350.8,381.8,0.4,3.2,0.0,1
1888,6,2.0791666666666666,430.3333333333333,443.5,0.6666666666666666,0.5,0.0,1
1890,6,2.763888888888889,322.1666666666667,368.1666666666667,0.1666666666666666,0.8333333333333334,0.0,1
1896,27,2.600212852990631,474.44444444444446,489.4074074074074,2.740740740740741,4.0,0.074074074074074,0
1902,9,2.068068968068968,380.6666666666667,400.3333333333333,0.0,0.0,0.0,1
1903,40,2.8936224967842614,513.675,533.2,5.55,3.2,0.0,1
1904,6,6.894907407407408,619.0,621.3333333333334,3.0,8.833333333333334,0.0,1
1905,8,2.259523809523809,415.0,389.5,3.25,7.0,0.0,1
1907,8,5.8730158730158735,597.625,605.25,0.125,0.375,0.0,1
1908,6,2.5564814814814816,253.66666666666663,283.5,0.1666666666666666,1.6666666666666667,0.0,1
1910,18,2.892392946559613,438.55555555555554,477.72222222222223,4.388888888888889,10.0,0.0,1
1917,18,1.9958112874779543,368.22222222222223,394.6111111111111,0.8888888888888888,3.611111111111111,0.1666666666666666,0
1920,5,2.06984126984127,377.2,474.6,1.4,3.0,0.0,1
1925,18,2.6899652453574023,404.44444444444446,472.1111111111111,3.888888888888889,2.7777777777777777,0.0,1
1926,8,2.98677398989899,430.375,482.875,1.125,2.0,0.0,1
1927,11,3.0226551226551224,337.72727272727275,414.27272727272725,1.3636363636363635,2.1818181818181817,0.0,1
1933,19,2.181206804891016,334.57894736842104,383.05263157894734,2.526315789473684,4.421052631578948,0.1052631578947368,0
1945,25,3.238427239427239,409.52,429.2,0.44,1.32,0.04,0
1948,21,3.040225383082526,424.2380952380952,490.0,3.7142857142857135,9.857142857142858,0.0476190476190476,0
1953,10,2.943809801309801,589.6,535.6,0.9,6.0,0.0,1
1954,11,2.327777777777777,366.7272727272728,404.3636363636364,0.0909090909090909,1.818181818181818,0.0,1
1955,15,2.371296296296296,328.46666666666664,382.8666666666667,0.6,4.0,0.0,1
1956,7,3.260062358276644,486.4285714285714,520.4285714285714,1.2857142857142858,2.2857142857142856,0.0,1
1968,10,3.890555555555556,450.7,498.8,0.6,0.8,0.0,1
1971,31,2.6470061300706464,391.61290322580646,443.9354838709677,0.3225806451612903,1.5483870967741935,0.064516129032258,0
1974,6,1.7265572390572388,350.1666666666667,412.1666666666667,2.833333333333333,2.5,0.0,1
1978,12,5.051455026455026,530.0833333333334,560.5833333333334,5.083333333333333,1.0,0.0,1
1980,5,1.8398809523809525,310.6,325.6,2.4,9.4,0.0,1
1981,9,1.8544390794390797,376.55555555555554,435.22222222222223,0.0,0.0,0.0,1
1987,20,4.524229797979798,500.4,542.65,0.65,3.6,0.05,0
1993,5,1.9165800865800864,344.2,339.6,3.2,1.6,0.0,1
1994,19,3.634372790951738,464.7894736842105,500.2631578947368,1.0,3.789473684210526,0.0,1
2002,15,2.2556099456099457,429.3333333333333,469.0,1.4,2.0,0.0,1
2004,13,7.16889904966828,556.0,563.1538461538462,3.3846153846153846,0.6153846153846154,0.0,1
2009,34,3.7412083015024193,465.11764705882354,491.7647058823529,2.617647058823529,5.764705882352941,0.0294117647058823,0
2013,15,4.483828763828764,515.2,545.6666666666666,0.8666666666666667,1.0666666666666669,0.0,1
2014,8,2.96663961038961,490.625,476.25,2.0,3.0,0.0,1
2016,6,6.574675324675325,436.5,417.6666666666667,0.6666666666666666,5.0,0.1666666666666666,0
2017,14,2.96499433106576,360.6428571428572,376.2142857142857,0.1428571428571428,1.0,0.0,1
2020,5,1.5733333333333337,392.6,437.8,0.4,6.4,0.0,1
2022,5,1.607142857142857,329.2,354.0,0.2,1.0,0.0,1
2027,13,2.4470085470085468,426.2307692307692,432.84615384615387,0.1538461538461538,1.2307692307692308,0.1538461538461538,0
2032,47,2.876806762976976,411.8085106382979,429.8085106382979,2.382978723404255,2.936170212765957,0.0212765957446808,0
2038,17,4.731302521008404,427.88235294117646,479.4117647058824,4.411764705882353,6.352941176470588,0.0,1
2039,12,3.9630291005291007,464.0833333333333,549.1666666666666,0.4166666666666667,3.5,0.0,1
2040,13,5.063181263181264,391.1538461538461,473.1538461538461,0.0,0.0,0.0,1
2049,6,3.175925925925926,408.5,384.5,0.1666666666666666,1.1666666666666667,0.0,1
2051,22,2.02344511549057,409.45454545454544,446.9090909090909,0.1363636363636363,1.0,0.0,1
2052,24,3.044249037999038,355.4166666666667,396.2083333333333,0.0,0.0,0.0,1
2053,18,2.3713194213194217,387.6666666666667,409.6666666666667,0.1111111111111111,0.7777777777777778,0.0,1
2055,19,3.946969696969697,431.4736842105263,458.6842105263158,3.473684210526316,2.8421052631578947,0.0,1
2056,8,2.5606646825396826,441.5,433.0,3.5,3.375,0.0,1
2057,7,2.578815628815629,338.85714285714283,368.0,1.1428571428571428,1.4285714285714286,0.0,1
2064,6,5.706854256854257,580.5,674.1666666666666,0.0,0.0,0.0,1
2070,10,2.995357142857143,332.9,341.3,0.5,2.2,0.0,1
2072,8,4.079861111111112,491.125,518.75,1.5,2.5,0.0,1
2073,10,3.5514393939393942,436.0,493.4,5.7,7.2,0.0,1
2074,6,2.268082788671024,322.3333333333333,357.0,4.0,6.666666666666667,0.0,1
2075,6,4.090422077922078,422.3333333333333,494.8333333333333,2.0,1.6666666666666667,0.0,1
2076,5,2.470909090909091,480.8,521.0,2.6,1.6,0.0,1
2078,7,2.1129251700680274,383.1428571428572,437.0,0.7142857142857143,1.1428571428571428,0.0,1
2083,7,2.87312925170068,409.1428571428572,432.7142857142857,3.2857142857142856,15.0,0.1428571428571428,0
2088,19,3.55701564517354,564.5263157894736,535.0526315789474,1.2105263157894737,6.631578947368421,0.0526315789473684,0
2089,20,3.0690068265068264,363.7,401.55,1.45,3.6,0.05,0
2090,12,2.445119031796664,322.0833333333333,354.3333333333333,0.5833333333333334,4.5,0.0833333333333333,0
2099,29,2.3391762339531104,353.9310344827586,417.82758620689657,0.0,0.0,0.0,1
2105,5,4.16,486.2,520.4,1.0,4.8,0.0,1
2109,22,3.0608093926275743,351.8636363636364,387.3181818181818,1.7727272727272727,5.727272727272728,0.0454545454545454,0
2110,16,4.439449112978525,384.5,349.625,2.125,11.625,0.0,1
2112,19,4.08442697653224,693.2105263157895,820.0,0.0526315789473684,0.631578947368421,0.0,1
2118,12,2.2860486735486734,353.6666666666667,388.5,1.0,5.416666666666667,0.0,1
2119,9,3.237247474747475,351.3333333333333,385.3333333333333,0.2222222222222222,1.7777777777777777,0.0,1
2121,7,2.68140589569161,358.1428571428572,427.0,0.4285714285714285,3.0,0.0,1
2126,16,2.684086746586747,471.0625,487.125,4.875,5.0,0.0625,0
2129,13,3.814099789099789,600.7692307692307,621.6923076923077,0.2307692307692307,1.0769230769230769,0.0,1
2130,13,4.074758574758575,489.9230769230769,496.84615384615387,1.8461538461538465,2.3076923076923075,0.0,1
2137,5,2.8074175824175827,416.4,439.2,6.8,5.4,0.0,1
2138,6,1.477777777777778,323.8333333333333,366.3333333333333,0.0,0.0,0.0,1
2141,12,4.4907407407407405,412.75,444.4166666666667,1.25,5.0,0.0,1
2144,6,2.35743006993007,461.3333333333333,529.8333333333334,4.166666666666667,6.666666666666667,0.0,1
2151,42,3.671972075543504,520.7142857142857,509.1428571428572,1.261904761904762,2.619047619047619,0.0,1
2153,20,2.872407592407592,406.3,437.05,2.8,11.55,0.0,1
2157,6,2.302910052910053,481.5,502.5,0.3333333333333333,2.6666666666666665,0.0,1
2161,16,2.3387428543678546,375.3125,420.3125,1.25,1.875,0.0,1
2170,9,5.365954415954416,309.0,363.77777777777777,0.0,0.0,0.0,1
2171,14,3.374440836940837,443.3571428571428,496.2857142857143,0.2142857142857142,4.928571428571429,0.0,1
2172,19,3.5803694843168525,470.42105263157896,529.2105263157895,0.7368421052631579,2.526315789473684,0.0526315789473684,0
2173,17,4.013234477940361,483.11764705882354,508.3529411764706,2.294117647058824,5.294117647058823,0.0,1
2177,14,2.4758194186765614,293.85714285714283,285.2142857142857,0.6428571428571429,1.7142857142857142,0.0714285714285714,0
2180,5,2.5420634920634924,481.8,490.8,0.4,2.4,0.2,0
2182,12,2.202048319327731,441.0,472.5833333333333,0.75,8.5,0.0833333333333333,0
2183,8,2.0929086538461537,341.375,403.75,0.125,0.75,0.0,1
2189,18,2.431701940035273,318.94444444444446,402.8888888888889,1.0,3.611111111111111,0.0,1
2194,15,3.1331577681577683,420.6666666666667,435.6666666666667,0.6666666666666666,1.9333333333333331,0.0,1
2195,5,2.230909090909091,320.4,371.8,0.0,0.0,0.0,1
2199,8,1.5500152625152626,413.125,411.125,3.625,6.0,0.125,0
2204,15,4.531719576719577,361.6666666666667,397.8,3.2666666666666666,1.8,0.0,1
2208,30,2.803079235579236,394.03333333333336,440.3333333333333,0.9,2.333333333333333,0.0,1
2218,35,4.471160981875268,565.9142857142857,613.7428571428571,1.0571428571428572,9.285714285714286,0.0285714285714285,0
2223,16,2.963523629148629,389.0,443.875,0.625,2.375,0.0,1
2228,13,3.469391719391719,453.46153846153845,464.7692307692308,0.8461538461538461,4.230769230769231,0.0,1
2229,14,1.521947726459005,284.5,272.0,1.0,9.857142857142858,0.0714285714285714,0
2230,33,3.3894743303834214,441.8787878787879,473.6363636363636,0.6363636363636364,2.1818181818181817,0.0303030303030303,0
2231,5,2.168181818181818,293.4,276.6,0.2,3.4,0.0,1
2233,6,2.6786324786324784,399.1666666666667,488.1666666666667,1.3333333333333333,1.3333333333333333,0.0,1
2236,5,3.725,359.2,477.8,0.4,8.4,0.0,1
2237,6,1.4081487004281124,293.5,334.8333333333333,0.3333333333333333,1.6666666666666667,0.0,1
2244,20,3.488768037518037,495.9,540.5,0.25,0.6,0.1,0
2245,18,1.6979378894447097,363.22222222222223,369.94444444444446,0.9444444444444444,6.666666666666667,0.0,1
2251,7,2.662121212121212,326.85714285714283,342.7142857142857,0.2857142857142857,1.4285714285714286,0.0,1
2254,35,4.616116978259835,447.6,495.4,2.1142857142857143,3.7142857142857135,0.0,1
2258,5,5.970000000000001,665.6,745.8,0.0,0.0,0.0,1
2259,14,4.036456598956599,454.8571428571428,484.0,1.9285714285714288,3.2142857142857144,0.0,1
2260,5,1.8993650793650796,345.0,331.4,1.4,8.8,0.0,1
2268,8,2.96071047008547,357.75,418.625,0.375,2.0,0.0,1
2276,29,3.375106981141464,480.86206896551727,544.7241379310345,8.03448275862069,1.6551724137931034,0.0344827586206896,0
2281,18,2.610302043635377,499.1666666666667,535.1111111111111,0.1666666666666666,0.5555555555555556,0.0,1
2282,10,5.284188034188034,433.9,496.8,1.9,2.4,0.0,1
2288,6,2.151023051023051,374.5,422.1666666666667,0.3333333333333333,2.5,0.0,1
2297,22,3.132802380329118,417.04545454545456,491.45454545454544,4.7727272727272725,4.363636363636363,0.0,1
2298,11,2.8022791973326733,354.45454545454544,413.54545454545456,0.2727272727272727,3.0,0.0,1
2303,45,2.529184457517791,407.75555555555553,444.0888888888889,1.6,3.555555555555556,0.0,1
2304,15,2.2366041366041367,518.0666666666667,550.3333333333334,5.666666666666667,4.666666666666667,0.0,1
2305,22,2.9758116883116883,443.6363636363636,497.3636363636364,1.3636363636363635,1.6363636363636365,0.0454545454545454,0
2306,12,2.247685185185185,400.0833333333333,445.5833333333333,1.0,2.1666666666666665,0.0833333333333333,0
2308,9,3.6875986261951175,400.3333333333333,410.3333333333333,0.0,0.0,0.1111111111111111,0
2309,15,3.1283697783697786,498.2,473.06666666666666,1.0,2.533333333333333,0.0,1
2310,10,2.609415584415584,390.5,411.2,1.4,1.8,0.1,0
2311,9,3.2929894179894177,489.3333333333333,510.44444444444446,1.5555555555555556,0.8888888888888888,0.0,1
2312,51,4.791904337492572,513.5686274509804,529.0588235294117,2.588235294117647,2.549019607843137,0.0196078431372549,0
2315,6,2.225,282.8333333333333,347.3333333333333,1.3333333333333333,4.0,0.0,1
2316,8,2.050640331890332,349.875,370.5,1.375,1.875,0.0,1
2317,5,2.108888888888889,388.2,414.8,2.0,1.0,0.0,1
2318,8,1.6764266983016982,349.625,439.125,4.875,3.375,0.0,1
2320,5,2.205952380952381,270.6,265.0,0.0,0.0,0.0,1
2321,9,6.35505698005698,902.8888888888888,704.5555555555555,0.3333333333333333,0.7777777777777778,0.0,1
2322,7,4.249206349206349,370.57142857142856,394.7142857142857,0.8571428571428571,5.142857142857143,0.0,1
2323,5,2.8013492063492063,383.4,392.8,3.0,6.0,0.0,1
2327,19,4.572238068948596,561.3684210526316,600.6315789473684,2.263157894736842,4.2105263157894735,0.0526315789473684,0
2328,27,3.3869877036543703,356.0740740740741,422.5185185185185,0.3703703703703703,2.962962962962963,0.037037037037037,0
2333,7,2.039285714285714,357.2857142857143,378.4285714285714,0.5714285714285714,2.571428571428572,0.0,1
2339,9,3.803395061728395,446.3333333333333,485.6666666666667,0.1111111111111111,1.5555555555555556,0.0,1
2340,6,2.561111111111112,429.8333333333333,425.6666666666667,0.0,0.0,0.0,1
2343,5,4.325,479.4,471.8,0.4,2.4,0.0,1
2347,7,2.67012987012987,428.0,431.7142857142857,0.0,0.0,0.0,1
2349,6,4.222222222222222,433.0,492.1666666666667,1.6666666666666667,4.166666666666667,0.0,1
2351,36,3.052859948693282,598.0277777777778,544.1111111111111,0.8055555555555556,4.166666666666667,0.0,1
2352,11,3.703088578088578,422.6363636363636,484.27272727272725,1.181818181818182,0.8181818181818182,0.0,1
2353,5,3.330555555555556,431.4,497.2,0.0,0.0,0.0,1
2355,14,4.518650793650794,499.5,545.4285714285714,2.2142857142857144,3.142857142857143,0.0714285714285714,0
2360,13,2.293845043845044,463.6923076923077,471.38461538461536,1.6153846153846154,1.5384615384615383,0.0,1
2361,20,3.301765873015873,416.85,467.9,4.15,3.0,0.0,1
2362,60,2.489972943722944,437.06666666666666,444.6666666666667,3.566666666666667,1.4333333333333331,0.0333333333333333,0
2364,18,5.118905168905169,527.5,575.4444444444445,1.3888888888888888,1.6666666666666667,0.0555555555555555,0
2365,8,9.447916666666666,547.75,553.25,3.125,5.625,0.0,1
2367,5,4.306666666666667,442.4,493.0,0.4,4.0,0.0,1
2368,6,1.7548210804789752,373.3333333333333,323.8333333333333,4.5,10.333333333333334,0.3333333333333333,0
2369,10,4.181666666666667,416.8,419.3,2.1,3.2,0.0,1
2372,9,3.535702260702261,351.6666666666667,366.6666666666667,0.7777777777777778,0.6666666666666666,0.0,1
2375,5,2.4692857142857143,442.6,460.6,0.2,1.2,0.0,1
2376,6,5.8351139601139606,415.6666666666667,504.3333333333333,0.0,0.0,0.0,1
2380,13,2.160629754860524,425.3076923076923,476.46153846153845,4.538461538461538,2.6923076923076925,0.0,1
2388,27,3.655011089733312,531.074074074074,583.3333333333334,2.4814814814814814,3.3703703703703702,0.0,1
2391,12,2.2363105848399965,358.1666666666667,407.0,0.25,0.5,0.0,1
2392,12,3.627314814814815,459.5,478.0833333333333,0.6666666666666666,2.75,0.0,1
2395,7,2.0657967032967037,364.2857142857143,418.1428571428572,1.5714285714285714,8.571428571428571,0.0,1
2396,37,2.988856713856714,352.8378378378378,375.4594594594595,0.2432432432432432,1.135135135135135,0.027027027027027,0
2397,10,7.553517316017316,593.0,574.1,0.3,1.4,0.0,1
2398,8,6.293353174603175,461.75,453.0,0.25,1.5,0.0,1
2399,15,5.41482646982647,430.8666666666667,450.3333333333333,0.0,0.0,0.0,1
2400,14,5.729369440083725,547.0,557.0,0.1428571428571428,1.1428571428571428,0.0,1
2402,18,2.395646945646946,398.1111111111111,426.72222222222223,0.6666666666666666,5.944444444444445,0.0,1
2403,5,1.8196969696969696,298.4,370.2,0.2,1.0,0.0,1
2404,6,1.7360780423280424,356.6666666666667,373.3333333333333,1.1666666666666667,6.0,0.0,1
2406,6,1.7425925925925927,346.3333333333333,360.1666666666667,1.5,0.6666666666666666,0.0,1
2407,5,4.033333333333333,447.6,382.0,2.6,3.0,0.0,1
2409,29,2.632979281255144,439.2758620689655,450.5172413793104,1.9310344827586208,2.896551724137931,0.0,1
2421,6,4.8125,496.8333333333333,524.6666666666666,0.1666666666666666,1.6666666666666667,0.0,1
2426,7,2.073551448551449,417.2857142857143,426.1428571428572,4.0,3.4285714285714284,0.0,1
2427,5,2.564242424242424,380.2,466.6,2.6,6.0,0.0,1
2428,13,2.3573926073926077,373.0769230769231,401.84615384615387,0.9230769230769232,6.076923076923077,0.0,1
2429,12,1.798611111111111,400.5833333333333,435.8333333333333,0.3333333333333333,0.6666666666666666,0.0,1
2430,9,4.69464331964332,461.77777777777777,562.7777777777778,0.1111111111111111,1.5555555555555556,0.0,1
2433,12,5.937389924889925,577.0,600.4166666666666,0.0833333333333333,0.4166666666666667,0.0,1
2434,13,1.8899558774558776,322.2307692307692,362.0769230769231,0.8461538461538461,8.76923076923077,0.0,1
2437,47,1.9933407018513405,363.51063829787233,420.8085106382979,0.6808510638297872,3.042553191489361,0.0,1
2438,16,2.4947803932178934,318.4375,360.9375,0.0625,0.875,0.0,1
2440,8,2.355027427637722,386.75,414.125,0.125,2.5,0.0,1
2443,5,1.5726190476190474,289.0,289.2,0.4,1.6,0.0,1
2445,7,6.515986394557823,474.1428571428572,583.7142857142857,0.0,0.0,0.0,1
2446,10,2.0758022953998188,520.0,539.6,6.9,3.5,0.0,1
2448,10,2.0378418803418805,345.2,368.6,0.6,1.6,0.1,0
2453,16,2.770080266955267,560.375,622.1875,1.5,1.125,0.0,1
2455,5,1.6484848484848484,336.4,390.4,4.2,8.0,0.0,1
2457,24,2.3243386243386244,389.9583333333333,414.0416666666667,1.7083333333333333,4.375,0.0,1
2458,40,3.962152430902431,448.9,506.225,1.95,1.05,0.0,1
2464,7,2.5345238095238094,391.8571428571428,412.2857142857143,0.0,0.0,0.0,1
2465,7,3.228061224489796,464.7142857142857,413.8571428571428,0.5714285714285714,1.0,0.0,1
2466,17,3.693031151854681,392.1764705882353,445.05882352941177,2.9411764705882355,3.647058823529412,0.0,1
2467,8,4.853463203463203,492.625,530.75,13.25,3.75,0.0,1
2468,11,3.483815426997245,462.8181818181818,520.9090909090909,0.0,0.0,0.0,1
2469,7,1.394749694749695,376.8571428571428,361.7142857142857,2.0,1.7142857142857142,0.1428571428571428,0
2471,5,5.192857142857143,537.4,550.6,0.8,0.6,0.0,1
2472,41,2.0451660944666683,455.3170731707317,509.4390243902439,1.4878048780487805,4.121951219512195,0.024390243902439,0
2475,12,1.9569664880326645,308.5,337.5,1.1666666666666667,1.3333333333333333,0.0,1
2476,14,3.1138147566718994,449.2857142857143,504.9285714285714,2.142857142857143,2.857142857142857,0.0,1
2482,9,2.9046296296296297,425.6666666666667,450.22222222222223,2.555555555555556,5.777777777777778,0.0,1
2484,8,1.887878787878788,362.0,411.5,1.625,6.875,0.0,1
2486,7,1.5625463821892394,330.57142857142856,396.1428571428572,4.571428571428571,1.7142857142857142,0.0,1
2487,54,2.666000152111263,471.0,499.2407407407408,2.8703703703703702,4.685185185185185,0.0,1
2494,14,1.9235036788608215,289.7142857142857,305.6428571428572,1.3571428571428572,2.5,0.0,1
2495,14,3.749467418546366,374.7857142857143,389.0,2.071428571428572,3.0,0.0,1
2501,6,4.398809523809524,420.0,512.1666666666666,1.1666666666666667,2.0,0.0,1
2506,9,1.9301687056589016,305.0,325.44444444444446,1.2222222222222223,3.333333333333333,0.0,1
2507,18,6.2311527978194645,567.8333333333334,565.1111111111111,0.1111111111111111,0.3333333333333333,0.0555555555555555,0
2508,10,2.4998232323232323,407.3,394.8,4.8,7.6,0.0,1
2510,7,4.322222222222222,507.57142857142856,516.1428571428571,7.857142857142857,3.0,0.0,1
2512,6,1.6418650793650793,313.0,311.1666666666667,5.166666666666667,1.6666666666666667,0.0,1
2513,5,2.1100000000000003,477.2,421.8,2.2,5.6,0.0,1
2515,14,2.3904375386518244,468.8571428571428,450.07142857142856,7.0,6.5,0.0714285714285714,0
2517,10,5.484583333333333,423.4,461.1,0.0,0.0,0.2,0
2523,5,2.363882783882784,435.4,471.0,0.4,2.0,0.0,1
2525,24,6.050694444444445,470.0416666666667,500.4166666666667,1.2083333333333333,4.666666666666667,0.0416666666666666,0
2526,26,4.517963660271352,347.6923076923077,379.3076923076923,0.3846153846153846,1.3461538461538465,0.0384615384615384,0
2535,7,3.1005668934240367,536.1428571428571,475.57142857142856,1.2857142857142858,5.714285714285714,0.0,1
2537,7,2.3225623582766444,354.85714285714283,363.57142857142856,3.4285714285714284,0.8571428571428571,0.0,1
2538,17,2.3564881454974334,337.11764705882354,310.2352941176471,6.411764705882353,4.235294117647059,0.0,1
2539,7,3.115079365079365,504.8571428571428,492.8571428571428,4.0,2.857142857142857,0.0,1
2540,16,3.562202380952381,454.5,431.875,0.125,0.375,0.0,1
2541,12,2.8938822751322757,415.5833333333333,457.9166666666667,1.25,2.75,0.0,1
2542,41,2.6559782020147877,483.8048780487805,506.3414634146341,3.414634146341464,5.073170731707317,0.0975609756097561,0
2543,42,3.711437121775468,595.4047619047619,612.6428571428571,3.4761904761904763,5.571428571428571,0.0952380952380952,0
2545,18,2.856324409833182,326.8888888888889,384.1666666666667,1.4444444444444444,4.888888888888889,0.0,1
2552,20,2.133378210841446,386.9,422.8,0.3,2.85,0.0,1
2553,12,2.907868867243867,452.0,502.5,1.5833333333333333,3.0,0.0,1
2561,25,2.5301392496392494,332.28,357.0,0.56,1.4,0.0,1
2563,18,3.50723396973397,353.3888888888889,475.77777777777777,2.4444444444444446,4.0,0.0555555555555555,0
2565,6,3.351282051282052,426.8333333333333,398.0,3.0,1.0,0.1666666666666666,0
2566,10,8.85,681.5,717.2,4.8,6.3,0.0,1
2567,9,3.043033509700176,420.55555555555554,456.77777777777777,0.3333333333333333,2.4444444444444446,0.0,1
2568,11,3.2436147186147184,508.1818181818182,528.4545454545455,0.9090909090909092,1.4545454545454546,0.0909090909090909,0
2569,7,4.144047619047619,494.7142857142857,533.7142857142857,2.142857142857143,1.7142857142857142,0.0,1
2570,17,2.3616458704694,449.3529411764706,444.88235294117646,1.1176470588235294,5.0,0.0,1
2571,15,3.938304473304474,427.6,455.1333333333333,0.0666666666666666,2.066666666666667,0.0,1
2572,6,1.7623737373737374,430.5,441.1666666666667,0.0,0.0,0.1666666666666666,0
2582,8,3.1464781746031747,371.875,412.875,2.0,4.125,0.125,0
2583,6,5.185064935064935,434.0,407.8333333333333,3.5,3.0,0.0,1
2584,8,2.1228017961570598,443.5,454.125,1.0,3.0,0.0,1
2587,26,3.355122761853531,388.61538461538464,449.96153846153845,0.7307692307692307,1.3846153846153846,0.0769230769230769,0
2591,9,2.941798941798942,433.22222222222223,505.22222222222223,1.0,2.6666666666666665,0.0,1
2598,11,3.7834776334776334,485.0,534.2727272727273,0.8181818181818182,2.909090909090909,0.0,1
2602,5,3.8775757575757575,400.8,383.2,0.2,0.8,0.0,1
2604,6,3.2775252525252525,380.5,394.3333333333333,0.0,0.0,0.0,1
2609,37,5.204311454311454,368.8378378378378,412.6486486486487,0.918918918918919,4.756756756756757,0.027027027027027,0
2615,10,2.450061539767422,427.5,501.5,0.2,0.7,0.0,1
2619,13,1.9549488972565892,390.2307692307692,340.38461538461536,3.615384615384616,10.153846153846152,0.0769230769230769,0
2621,5,4.952121212121211,417.6,366.4,0.2,3.0,0.0,1
2628,14,2.919264069264069,442.5,488.0,0.6428571428571429,1.5,0.0,1
2633,23,3.091943382704252,474.7391304347826,497.2608695652174,0.3478260869565217,2.1739130434782608,0.0,1
2634,9,2.1677695761029097,272.55555555555554,357.1111111111111,2.333333333333333,4.888888888888889,0.0,1
2639,11,4.322094572094572,465.09090909090907,527.9090909090909,0.5454545454545454,1.0909090909090908,0.0,1
2640,9,1.9874932166598835,280.3333333333333,310.44444444444446,0.1111111111111111,1.0,0.0,1
2641,8,5.356098762348762,568.25,583.375,2.5,4.5,0.0,1
2646,10,2.7544083694083694,359.2,377.0,0.5,6.6,0.0,1
2647,10,6.995,614.7,562.2,0.4,2.1,0.0,1
2648,8,2.923511904761905,258.375,281.375,0.25,0.5,0.0,1
2650,7,3.2855894105894103,419.0,446.57142857142856,4.571428571428571,2.571428571428572,0.0,1
2651,22,2.671200642791552,467.3181818181818,488.3636363636364,2.3181818181818183,3.090909090909091,0.0,1
2652,22,3.522966427511882,404.04545454545456,406.54545454545456,3.363636363636364,3.227272727272727,0.0,1
2655,16,4.607456259018759,532.6875,567.6875,1.625,6.0,0.0,1
2656,6,1.1166666666666667,300.8333333333333,350.3333333333333,2.6666666666666665,3.0,0.0,1
2658,16,3.829020111832612,428.9375,505.1875,1.9375,6.0,0.0,1
2659,8,2.6438446969696967,367.5,450.75,0.0,0.0,0.0,1
2665,20,1.921567519382922,372.35,408.15,0.1,0.8,0.0,1
2666,12,3.69545177045177,415.5,471.5833333333333,0.5,0.75,0.0,1
2668,8,3.891003787878788,464.375,537.375,1.125,2.25,0.0,1
2672,12,2.1330026455026454,353.5833333333333,378.5,0.9166666666666666,4.083333333333333,0.0,1
2676,6,4.048917748917749,457.8333333333333,464.3333333333333,6.0,4.5,0.1666666666666666,0
2681,8,1.662847222222222,428.0,441.125,0.625,4.5,0.0,1
2683,7,2.9432539682539685,314.42857142857144,368.1428571428572,2.2857142857142856,1.1428571428571428,0.0,1
2686,5,3.166666666666667,441.2,515.2,0.0,0.0,0.0,1
2687,8,5.277678571428572,508.5,500.875,0.0,0.0,0.0,1
2688,12,3.868025493025493,440.4166666666667,491.0833333333333,0.1666666666666666,0.9166666666666666,0.0,1
2689,10,4.1650432900432905,310.0,337.3,0.3,1.4,0.0,1
2690,5,5.226666666666667,465.6,541.8,0.0,0.0,0.0,1
2697,6,2.3299112924112926,357.5,397.1666666666667,0.1666666666666666,2.0,0.0,1
2698,6,2.0614748677248675,367.1666666666667,450.3333333333333,0.8333333333333334,1.6666666666666667,0.0,1
2701,71,2.1680429507894297,376.90140845070425,383.07042253521126,0.3380281690140845,0.6197183098591549,0.0422535211267605,0
2706,7,1.4492063492063492,308.42857142857144,335.0,0.2857142857142857,2.571428571428572,0.0,1
2707,7,3.6948979591836735,790.5714285714286,653.2857142857143,0.0,0.0,0.0,1
2708,7,2.339306526806527,397.57142857142856,462.2857142857143,0.0,0.0,0.0,1
2709,15,3.7432065755595167,647.5333333333333,585.8,5.533333333333333,1.6,0.0,1
2713,6,3.031746031746032,358.5,385.6666666666667,7.166666666666667,8.0,0.0,1
2732,31,2.63262060520125,434.258064516129,439.741935483871,2.5806451612903225,8.129032258064516,0.032258064516129,0
2734,18,3.2222482174688056,443.72222222222223,489.77777777777777,0.2777777777777778,1.6666666666666667,0.0,1
2735,16,2.7750995532245533,420.5,438.75,0.875,3.75,0.0625,0
2736,11,5.851370851370851,329.6363636363636,405.8181818181818,0.2727272727272727,3.5454545454545454,0.0,1
2737,21,4.956887953316525,520.9047619047619,578.0,0.5238095238095238,1.1428571428571428,0.0,1
2740,6,4.108333333333333,534.1666666666666,563.8333333333334,0.3333333333333333,0.5,0.0,1
2742,5,3.0047619047619047,515.0,562.2,3.8,1.2,0.0,1
2743,5,2.577435897435897,389.0,439.2,2.0,3.4,0.0,1
2744,6,3.055808080808081,495.1666666666667,476.0,0.1666666666666666,1.0,0.0,1
2753,39,3.311295043987352,379.2051282051282,431.87179487179486,0.0,0.0,0.0769230769230769,0
2758,9,2.497486772486772,444.55555555555554,406.77777777777777,1.4444444444444444,1.6666666666666667,0.0,1
2760,5,1.3920590520590523,335.0,415.8,0.0,0.0,0.0,1
2763,7,2.953174603174603,375.0,404.0,0.2857142857142857,0.5714285714285714,0.0,1
2765,16,3.1634424603174605,428.5,453.5,2.25,5.0625,0.0,1
2772,19,3.5513679303152985,459.4736842105263,463.6842105263158,0.8947368421052632,3.3684210526315788,0.0,1
2773,16,2.8696303696303698,313.6875,334.75,0.8125,1.75,0.0,1
2774,20,3.248156565656566,540.9,558.7,0.5,0.8,0.0,1
2775,8,3.655101495726496,429.25,473.75,0.25,2.0,0.0,1
2776,8,5.325603991596639,314.5,352.125,0.0,0.0,0.0,1
2780,28,3.680679439608011,471.6071428571428,520.8928571428571,2.5,1.7142857142857142,0.0357142857142857,0
2781,15,3.9025356125356128,334.8666666666667,403.6,2.066666666666667,2.4,0.0,1
2782,12,3.3544312169312174,381.6666666666667,406.4166666666667,0.6666666666666666,2.5,0.0,1
2789,22,2.9669831802184743,431.8181818181818,445.3181818181818,1.318181818181818,5.318181818181818,0.0,1
2792,15,1.5728542753542754,464.1333333333333,457.8,1.5333333333333334,3.333333333333333,0.0,1
2795,17,3.356676166970285,415.3529411764706,467.5882352941176,3.0588235294117645,2.3529411764705883,0.0588235294117647,0
2803,17,2.4239143209731444,370.2941176470589,421.7647058823529,0.8823529411764706,3.294117647058824,0.0588235294117647,0
2809,12,2.5995670995670994,374.8333333333333,400.75,0.3333333333333333,0.5,0.0,1
2818,7,1.3427446822183664,319.57142857142856,344.42857142857144,0.0,0.0,0.0,1
2819,5,6.908766233766234,547.8,649.8,3.6,4.8,0.0,1
2821,6,2.5176346801346803,367.5,390.0,1.8333333333333333,7.333333333333333,0.0,1
2822,19,3.314393939393939,413.2631578947368,469.05263157894734,0.0,0.0,0.0,1
2828,25,3.9436228216228217,441.52,517.48,2.24,1.04,0.04,0
2835,5,1.9177777777777776,323.8,347.2,3.0,6.4,0.0,1
2836,7,4.588888888888889,633.2857142857143,608.4285714285714,1.2857142857142858,6.285714285714286,0.0,1
2845,14,3.1394415108700824,511.4285714285714,531.7857142857143,0.3571428571428571,0.8571428571428571,0.0,1
2850,13,2.5753663003663005,496.61538461538464,519.2307692307693,1.9230769230769231,6.153846153846154,0.0,1
2852,7,4.111355311355312,371.7142857142857,382.2857142857143,0.2857142857142857,3.4285714285714284,0.0,1
2855,5,1.5285353535353534,381.2,433.4,4.8,6.8,0.0,1
2858,7,4.037074037074037,412.4285714285714,355.57142857142856,0.4285714285714285,1.2857142857142858,0.1428571428571428,0
2862,7,6.438466295609152,369.7142857142857,428.57142857142856,1.1428571428571428,3.7142857142857135,0.0,1
2866,17,2.330864070569953,376.11764705882354,375.52941176470586,0.5294117647058824,0.9411764705882352,0.0,1
2867,8,1.6501598075127486,434.125,482.125,0.625,3.0,0.0,1
2870,5,3.500692640692641,436.2,430.0,0.0,0.0,0.0,1
2878,41,2.849519586104952,417.0243902439024,464.0975609756098,1.0,6.170731707317073,0.024390243902439,0
2879,16,4.695463217338217,530.8125,558.0,2.9375,2.8125,0.0,1
2880,5,2.7503463203463205,535.0,589.6,2.2,3.6,0.0,1
2882,10,4.020595238095238,421.6,425.2,0.3,0.3,0.0,1
2883,8,3.441559829059829,357.875,381.375,0.0,0.0,0.0,1
2887,8,2.0359848484848486,361.125,443.25,0.125,1.75,0.0,1
2888,7,1.994067044067044,325.57142857142856,364.0,3.857142857142857,10.714285714285714,0.1428571428571428,0
2892,7,4.947732426303856,603.4285714285714,686.0,0.1428571428571428,1.0,0.0,1
2898,32,3.411272474461813,401.125,440.375,2.0625,3.875,0.15625,0
2905,11,2.0120195461104555,433.09090909090907,437.09090909090907,1.4545454545454546,2.5454545454545454,0.0,1
2912,22,3.281651591637871,425.04545454545456,466.8181818181818,0.3636363636363636,0.4545454545454545,0.0454545454545454,0
2919,11,1.3834136822773186,298.45454545454544,298.0,0.1818181818181818,1.4545454545454546,0.0,1
2923,39,3.144591377283685,414.28205128205127,467.5897435897436,0.7435897435897436,4.358974358974359,0.0,1
2924,21,1.8769254014941763,403.57142857142856,463.2380952380952,0.9523809523809524,2.6666666666666665,0.0,1
2929,8,3.2583333333333333,467.375,465.25,2.0,2.5,0.125,0
2937,13,2.5016024699282613,426.84615384615387,482.2307692307692,0.4615384615384615,4.307692307692308,0.0,1
2938,6,3.6847222222222222,337.0,402.1666666666667,0.3333333333333333,4.666666666666667,0.0,1
2939,7,2.1761904761904765,406.8571428571428,435.1428571428572,2.0,5.142857142857143,0.0,1
2956,18,1.966761905487396,345.27777777777777,302.6666666666667,2.7222222222222223,2.5,0.0555555555555555,0
2957,5,4.916666666666666,583.0,568.0,0.0,0.0,0.0,1
2958,7,3.592338217338217,556.0,558.5714285714286,1.0,3.0,0.2857142857142857,0
2962,57,3.040373271952219,416.3859649122807,483.1578947368421,14.385964912280702,5.052631578947368,0.0526315789473684,0
2963,7,4.190476190476191,456.57142857142856,462.8571428571428,0.7142857142857143,3.857142857142857,0.0,1
2964,5,3.417857142857143,616.0,595.2,2.0,5.6,0.2,0
2965,15,4.822683982683983,503.8,495.6666666666667,1.8666666666666667,4.266666666666667,0.0,1
2972,9,2.5811728395061726,710.6666666666666,602.0,0.5555555555555556,1.6666666666666667,0.0,1
2973,5,3.287857142857143,557.6,594.4,1.6,2.4,0.0,1
2976,13,3.067965367965368,437.38461538461536,429.0,1.4615384615384617,4.230769230769231,0.0,1
2978,23,3.728966926793014,425.1739130434783,461.0434782608696,1.2608695652173914,3.9130434782608696,0.0869565217391304,0
2986,19,2.844186446508428,408.10526315789474,449.1578947368421,0.3157894736842105,4.842105263157895,0.1578947368421052,0
3005,8,4.045138888888889,469.875,466.625,1.5,3.0,0.0,1
3009,12,6.019139194139194,470.8333333333333,522.25,1.1666666666666667,4.0,0.0,1
3010,20,3.8838839523050046,354.3,395.6,0.8,3.0,0.0,1
3013,32,3.116214688089688,436.8125,498.8125,0.375,0.75,0.0,1
3016,12,5.06969881969882,463.9166666666667,559.0,1.3333333333333333,1.6666666666666667,0.0,1
3017,10,4.043286435786436,386.2,472.2,0.5,4.2,0.0,1
3018,5,4.003333333333333,474.4,529.8,0.6,3.6,0.0,1
3019,7,3.1689275710284117,352.2857142857143,444.7142857142857,0.0,0.0,0.0,1
3021,6,3.721626984126984,669.5,848.5,6.0,12.5,0.0,1
3030,6,2.484774484774485,380.5,457.8333333333333,1.3333333333333333,2.0,0.1666666666666666,0
3033,5,3.003333333333333,489.6,502.0,1.6,6.4,0.0,1
3034,7,2.1572631616749263,460.1428571428572,474.57142857142856,0.2857142857142857,1.0,0.0,1
3035,5,2.5478571428571426,368.4,363.6,0.0,0.0,0.0,1
3038,16,3.725906385281385,635.1875,586.0625,2.8125,11.25,0.0,1
3039,26,2.563980463980464,333.8076923076923,331.34615384615387,1.7307692307692308,7.0,0.0,1
3040,19,3.5322417348733133,446.0,442.3157894736842,1.0526315789473684,1.894736842105263,0.0,1
3051,14,3.127603349031921,353.7857142857143,392.3571428571428,2.2857142857142856,3.4285714285714284,0.0714285714285714,0
3052,7,3.939909297052154,532.4285714285714,554.2857142857143,2.2857142857142856,2.2857142857142856,0.0,1
3053,5,3.642777777777778,453.4,516.4,8.4,6.4,0.0,1
3054,5,3.5542857142857143,431.4,486.8,3.6,4.0,0.0,1
3058,7,6.645411497932506,485.7142857142857,547.1428571428571,0.1428571428571428,4.142857142857143,0.0,1
3059,18,2.781390831390832,471.3888888888889,528.1666666666666,1.7222222222222223,1.0,0.0,1
3060,20,3.620813908313908,429.7,470.85,2.5,3.6,0.0,1
3061,8,2.7150862617774383,446.0,490.5,0.0,0.0,0.0,1
3067,6,3.2590488215488214,402.0,462.8333333333333,0.1666666666666666,1.6666666666666667,0.0,1
3076,11,3.668073593073593,382.09090909090907,444.8181818181818,0.1818181818181818,0.5454545454545454,0.0,1
3078,9,2.536702186702187,528.1111111111111,582.7777777777778,2.888888888888889,4.0,0.0,1
3079,10,2.636388888888889,390.2,396.2,0.7,1.8,0.1,0
3081,10,3.387072927072927,508.2,494.8,13.3,3.9,0.0,1
3082,8,2.723532196969697,343.125,394.25,1.25,1.125,0.0,1
3083,13,2.554419072631742,428.0769230769231,464.5384615384616,0.6923076923076923,3.692307692307693,0.0,1
3084,22,2.368568804932441,392.95454545454544,416.6818181818182,1.818181818181818,4.0,0.0,1
3085,21,3.811762311762312,533.0,588.6666666666666,3.095238095238096,4.761904761904762,0.0476190476190476,0
3091,14,2.504808286951144,406.7142857142857,443.8571428571428,1.4285714285714286,3.2142857142857144,0.0,1
3094,5,2.3907936507936505,432.8,485.8,2.2,4.2,0.0,1
3098,14,2.7483508554937126,338.2857142857143,398.2142857142857,1.2857142857142858,4.642857142857143,0.0714285714285714,0
3106,6,1.9895833333333333,360.8333333333333,357.0,2.1666666666666665,1.6666666666666667,0.0,1
3107,8,3.9385416666666666,280.375,261.125,1.375,7.875,0.0,1
3119,18,1.977868042451376,406.0,454.1111111111111,0.3333333333333333,1.6666666666666667,0.0,1
3121,9,3.200741850741851,388.6666666666667,441.77777777777777,3.555555555555556,2.7777777777777777,0.0,1
3123,17,5.381114551083591,665.3529411764706,707.8823529411765,0.5294117647058824,2.294117647058824,0.0,1
3126,7,3.1263736263736264,408.0,453.0,0.1428571428571428,4.0,0.0,1
3127,13,3.125523621677468,406.6923076923077,397.6923076923077,1.0,2.6923076923076925,0.0769230769230769,0
3129,13,3.0370268620268623,421.5384615384616,451.84615384615387,0.6153846153846154,4.384615384615385,0.0,1
3130,6,3.494123931623932,471.1666666666667,378.3333333333333,1.3333333333333333,4.666666666666667,0.0,1
3137,14,2.770016042854389,401.6428571428572,452.5,1.3571428571428572,1.2857142857142858,0.0,1
3138,7,1.6735435199720914,348.2857142857143,376.57142857142856,1.0,3.4285714285714284,0.0,1
3139,7,2.512200143215181,459.8571428571428,461.2857142857143,1.7142857142857142,5.714285714285714,0.1428571428571428,0
3146,13,2.5024332505101734,506.84615384615387,534.0,0.2307692307692307,2.923076923076923,0.0,1
3147,8,2.02035637973138,383.0,426.125,1.25,3.0,0.0,1
3149,8,4.05625,485.0,489.625,0.5,1.75,0.0,1
3152,11,1.7201881451881451,363.09090909090907,384.1818181818182,0.3636363636363636,5.454545454545454,0.0,1
3157,6,4.887896825396825,382.3333333333333,452.0,0.1666666666666666,0.6666666666666666,0.0,1
3169,28,3.911976911976912,475.7142857142857,497.1785714285714,0.7142857142857143,1.4285714285714286,0.0357142857142857,0
3170,9,2.071322196322196,347.77777777777777,391.1111111111111,1.7777777777777777,4.444444444444445,0.1111111111111111,0
3172,17,3.1873805932629464,528.4117647058823,559.1176470588235,0.5882352941176471,2.823529411764706,0.0588235294117647,0
3173,15,2.635033855033855,415.8666666666667,469.26666666666665,0.2,0.4666666666666667,0.0666666666666666,0
3174,8,2.9458333333333333,487.875,564.375,0.0,0.0,0.125,0
3175,40,4.23020652958153,394.875,456.65,2.475,5.35,0.025,0
3178,5,1.0255368814192345,291.2,333.0,1.6,2.8,0.0,1
3188,7,3.4,451.2857142857143,507.7142857142857,0.8571428571428571,1.0,0.0,1
3189,5,2.5663636363636364,387.6,368.0,1.2,3.6,0.0,1
3190,7,2.2718789147360576,453.1428571428572,483.7142857142857,2.142857142857143,3.0,0.0,1
3191,25,1.9460248248483545,418.88,432.56,0.2,0.36,0.0,1
3199,5,2.938095238095238,355.6,368.4,1.2,6.4,0.0,1
3203,5,1.891101055806938,378.8,394.6,2.0,6.0,0.0,1
3207,5,2.231868131868132,432.2,495.6,0.4,2.8,0.0,1
3208,5,2.4074242424242422,434.6,465.0,0.4,3.6,0.0,1
3209,9,5.096913580246913,568.8888888888889,590.5555555555555,5.0,9.0,0.0,1
3218,38,3.628821943450427,463.5263157894737,497.7631578947368,0.0,0.0,0.0526315789473684,0
3224,6,3.092063492063492,412.1666666666667,457.6666666666667,2.5,2.6666666666666665,0.0,1
3225,12,1.9287291412291407,325.75,348.0833333333333,3.0,2.083333333333333,0.0,1
3226,9,2.105597643097643,386.0,370.8888888888889,0.5555555555555556,2.333333333333333,0.0,1
3228,7,2.6587301587301586,388.4285714285714,451.0,3.0,3.4285714285714284,0.0,1
3229,7,3.8184910327767474,492.2857142857143,462.2857142857143,2.857142857142857,5.571428571428571,0.0,1
3231,8,3.066666666666667,546.5,492.125,0.125,1.0,0.0,1
3232,9,3.2304954304954303,388.0,404.0,3.6666666666666665,6.666666666666667,0.1111111111111111,0
3233,9,2.642592592592593,436.22222222222223,413.0,0.5555555555555556,2.4444444444444446,0.0,1
3234,17,2.7972272825214004,392.52941176470586,452.8235294117647,5.0,5.882352941176471,0.0,1
3236,36,2.3206260560427228,334.3611111111111,378.52777777777777,3.1666666666666665,4.722222222222222,0.0,1
3238,5,1.4856565656565657,384.0,418.8,5.0,2.4,0.0,1
3240,9,7.466931216931217,634.4444444444445,607.8888888888889,0.0,0.0,0.0,1
3243,9,3.1183933350600017,353.1111111111111,397.55555555555554,0.4444444444444444,0.5555555555555556,0.1111111111111111,0
3244,8,2.156024531024531,426.5,430.75,1.0,1.25,0.0,1
3250,7,3.2814935064935065,383.0,392.57142857142856,1.0,1.7142857142857142,0.0,1
3253,12,3.329310966810967,428.8333333333333,491.5,0.0,0.0,0.0,1
3263,6,1.5830026455026456,365.5,377.6666666666667,1.5,2.333333333333333,0.0,1
3266,5,2.5466666666666664,348.8,371.4,2.2,8.4,0.0,1
3267,13,5.626678876678876,520.3076923076923,507.2307692307692,5.384615384615385,6.0,0.0,1
3275,6,2.4325396825396823,473.3333333333333,524.5,0.0,0.0,0.0,1
3276,40,2.6575679181929184,369.425,409.05,1.85,8.175,0.025,0
3281,9,3.3722823472823475,366.8888888888889,422.77777777777777,1.7777777777777777,4.0,0.0,1
3282,7,2.045776643990929,495.4285714285714,527.8571428571429,0.0,0.0,0.0,1
3284,49,2.550730551961044,436.265306122449,453.1428571428572,0.3877551020408163,1.0,0.0408163265306122,0
3285,5,3.438636363636364,594.6,620.2,1.8,3.2,0.0,1
3288,7,2.9322570286856005,403.0,429.7142857142857,5.857142857142857,2.857142857142857,0.1428571428571428,0
3290,6,3.1476190476190475,331.3333333333333,354.3333333333333,1.1666666666666667,9.666666666666666,0.0,1
3291,10,6.853235653235653,386.3,466.7,1.8,3.0,0.0,1
3293,5,1.5287878787878788,310.4,324.2,1.8,5.0,0.0,1
3298,7,2.193877551020408,405.0,435.57142857142856,2.571428571428572,4.571428571428571,0.0,1
3300,15,3.084888074888075,394.73333333333335,414.8666666666667,0.5333333333333333,2.333333333333333,0.0666666666666666,0
3301,18,3.8085648918982256,461.3333333333333,491.3888888888889,0.5555555555555556,6.0,0.0555555555555555,0
3302,5,1.3196825396825396,406.8,448.2,0.0,0.0,0.0,1
3314,8,3.46875,591.0,626.75,3.875,3.75,0.0,1
3317,10,2.0764229724523844,287.6,317.0,3.1,4.8,0.0,1
3319,6,1.6883547008547009,401.6666666666667,422.8333333333333,2.6666666666666665,5.0,0.0,1
3323,12,2.6101851851851854,319.4166666666667,392.8333333333333,0.4166666666666667,1.3333333333333333,0.0,1
3327,5,1.9410966810966808,262.8,262.8,0.0,0.0,0.0,1
3329,8,2.1724296536796537,406.25,388.5,4.25,3.0,0.0,1
3332,7,3.864935064935065,461.4285714285714,461.4285714285714,0.2857142857142857,1.5714285714285714,0.0,1
3333,12,3.3284391534391538,433.0833333333333,516.0,0.5,3.0,0.0,1
3337,5,3.5066666666666664,417.0,395.4,1.2,3.0,0.0,1
3338,15,4.442495543672014,412.6,475.9333333333333,1.8,3.8,0.0,1
3342,14,4.702692743764173,514.7142857142857,554.0714285714286,1.2857142857142858,6.428571428571429,0.0,1
3349,6,5.109126984126985,395.1666666666667,395.3333333333333,5.666666666666667,20.666666666666668,0.0,1
3350,16,3.879324494949495,351.0625,399.1875,2.1875,4.6875,0.0,1
3366,20,3.5303874269005844,476.9,532.15,2.1,5.4,0.05,0
3369,6,3.135648148148148,537.3333333333334,495.5,1.8333333333333333,2.0,0.0,1
3375,12,3.870188492063493,433.9166666666667,491.5,1.3333333333333333,5.0,0.0,1
3379,5,2.2153846153846155,351.4,395.0,1.0,2.4,0.0,1
3380,8,1.9923723845598849,385.5,429.375,1.25,6.0,0.0,1
3381,10,2.431060606060606,330.5,370.2,1.2,6.3,0.0,1
3384,6,3.0416666666666665,536.0,518.8333333333334,2.5,2.333333333333333,0.0,1
3386,8,3.0610805860805863,351.375,385.5,1.125,1.5,0.0,1
3387,6,2.714285714285714,481.0,473.0,0.0,0.0,0.0,1
3403,9,2.0848164181497517,428.0,448.1111111111111,1.3333333333333333,6.333333333333333,0.0,1
3404,6,4.0473544973544975,575.5,599.0,0.0,0.0,0.0,1
3415,33,3.252135658953841,365.6060606060606,400.969696969697,6.787878787878788,10.93939393939394,0.0303030303030303,0
3426,26,2.868803418803419,474.34615384615387,512.0769230769231,2.3461538461538463,4.0,0.0,1
3431,6,2.4766233766233765,417.3333333333333,420.5,1.3333333333333333,6.0,0.0,1
3434,5,5.36952380952381,314.6,339.2,0.0,0.0,0.0,1
3435,10,4.2475000000000005,437.5,422.1,0.1,1.2,0.0,1
3437,10,1.9795726495726496,449.7,519.0,3.3,6.5,0.0,1
3442,7,2.3393578643578645,401.2857142857143,400.4285714285714,0.1428571428571428,0.8571428571428571,0.0,1
3444,11,1.542558347772251,363.6363636363636,392.45454545454544,0.8181818181818182,3.5454545454545454,0.0,1
3447,14,3.4179421768707483,521.5,518.7857142857143,1.8571428571428568,3.4285714285714284,0.2142857142857142,0
3457,6,2.156944444444445,458.6666666666667,500.8333333333333,1.0,2.5,0.0,1
3458,6,1.2597680097680095,313.1666666666667,339.5,0.1666666666666666,1.6666666666666667,0.0,1
3463,6,6.182539682539683,509.0,611.6666666666666,1.6666666666666667,7.0,0.0,1
3465,6,3.4980519480519483,331.6666666666667,397.3333333333333,0.3333333333333333,5.333333333333333,0.0,1
3472,6,3.782954545454545,524.5,536.0,0.0,0.0,0.1666666666666666,0
3473,5,3.7223443223443216,396.2,462.6,0.0,0.0,0.0,1
3475,5,5.362424242424242,425.8,418.6,0.0,0.0,0.0,1
3478,6,2.693253968253968,513.1666666666666,583.1666666666666,0.0,0.0,0.0,1
3493,5,3.207019647019647,439.4,497.8,2.4,3.0,0.0,1
3494,6,2.5515873015873014,393.6666666666667,428.1666666666667,1.1666666666666667,3.333333333333333,0.0,1
3496,6,6.707142857142858,719.6666666666666,653.8333333333334,1.8333333333333333,2.833333333333333,0.0,1
3501,6,2.752314814814815,383.3333333333333,416.1666666666667,1.0,4.0,0.0,1
3502,13,2.404570429570429,453.7692307692308,489.6923076923077,2.923076923076923,2.923076923076923,0.0,1
3504,8,2.1620230463980463,298.75,357.25,0.125,1.375,0.0,1
3509,7,3.0197897340754487,449.4285714285714,493.7142857142857,3.2857142857142856,1.1428571428571428,0.0,1
3512,45,4.087662707662707,478.6666666666667,489.3555555555556,4.155555555555556,4.311111111111111,0.0,1
3516,8,2.6146093489843487,509.625,526.75,1.0,1.875,0.0,1
3531,10,5.771965811965812,455.0,502.7,1.6,0.8,0.2,0
3535,5,2.734920634920635,473.0,495.0,0.4,2.2,0.0,1
3538,6,1.0246836496836498,274.3333333333333,307.0,0.1666666666666666,0.8333333333333334,0.0,1
3541,8,2.7382554945054944,495.125,473.5,1.5,3.5,0.0,1
3542,30,2.5681770081770083,377.56666666666666,394.23333333333335,7.5,3.0,0.0,1
3557,25,3.3175263821146173,412.28,480.12,0.8,5.2,0.0,1
3558,37,2.275295641472112,381.8648648648648,416.4594594594595,5.081081081081081,3.783783783783784,0.027027027027027,0
3572,6,2.973148148148148,416.0,459.5,2.333333333333333,2.6666666666666665,0.0,1
3574,43,4.80871421859794,556.5581395348837,572.2790697674419,1.2790697674418603,7.953488372093023,0.0,1
3576,5,2.199365079365079,433.2,478.2,4.6,2.4,0.0,1
3580,5,2.3186813186813184,323.6,318.0,0.0,0.0,0.0,1
3586,5,2.710952380952381,374.6,436.8,0.2,0.8,0.0,1
3592,13,4.422399715668947,410.38461538461536,466.1538461538461,1.6153846153846154,2.1538461538461537,0.0,1
3601,14,2.8702973613687903,379.57142857142856,394.7857142857143,0.1428571428571428,1.2857142857142858,0.0,1
3616,5,2.6904761904761907,424.6,531.4,0.0,0.0,0.0,1
3627,16,2.1193760742933536,463.875,477.6875,1.5625,5.625,0.0625,0
3640,5,5.491666666666666,394.4,390.8,0.4,2.0,0.0,1
3646,22,4.4041008234190056,457.8636363636364,467.8636363636364,0.5909090909090909,1.818181818181818,0.0,1
3648,14,2.940074211502783,421.07142857142856,449.1428571428572,0.5714285714285714,4.714285714285714,0.0,1
3657,5,3.032012987012987,409.0,449.8,4.2,3.0,0.0,1
3661,7,2.151229722658294,559.5714285714286,557.8571428571429,0.2857142857142857,0.4285714285714285,0.0,1
3666,9,2.885185185185185,329.3333333333333,324.44444444444446,0.2222222222222222,1.1111111111111112,0.0,1
3676,18,3.127827881994549,464.1666666666667,552.2777777777778,1.5555555555555556,3.7777777777777777,0.0,1
3681,5,5.7980769230769225,366.6,400.6,0.8,3.2,0.0,1
3685,5,1.2468376068376068,305.8,290.0,1.6,2.4,0.0,1
3686,20,3.9445238095238095,492.5,515.75,0.75,1.6,0.05,0
3688,7,1.021978021978022,370.1428571428572,431.57142857142856,6.0,4.571428571428571,0.1428571428571428,0
3690,27,4.964337822671156,378.0,403.962962962963,1.962962962962963,6.296296296296297,0.1851851851851851,0
3692,11,3.84556277056277,527.6363636363636,493.1818181818182,0.2727272727272727,3.636363636363636,0.0,1
3695,5,1.552946001367054,287.0,299.0,0.0,0.0,0.0,1
3703,33,2.943247072792527,478.6666666666667,539.939393939394,0.9393939393939394,9.363636363636363,0.0,1
3711,7,1.1386158503805563,453.7142857142857,540.0,2.0,4.714285714285714,0.0,1
3717,5,2.512222222222222,389.6,411.6,0.2,1.4,0.0,1
3718,12,3.3033119658119663,569.8333333333334,547.75,2.583333333333333,4.166666666666667,0.0,1
3720,6,1.8151515151515152,296.5,336.8333333333333,0.0,0.0,0.0,1
3721,6,1.6827380952380953,356.8333333333333,390.1666666666667,0.0,0.0,0.0,1
3742,15,5.14984126984127,551.2,572.6666666666666,7.6,2.1333333333333333,0.0666666666666666,0
3748,23,3.728020892151327,376.60869565217394,425.1304347826087,2.6956521739130435,3.652173913043478,0.0,1
3752,5,2.8115384615384618,481.0,469.6,0.0,0.0,0.0,1
3754,17,2.1716019274842804,412.11764705882354,452.52941176470586,1.2352941176470589,4.941176470588236,0.0,1
3760,14,1.979742281527996,409.2857142857143,430.5,0.1428571428571428,0.9285714285714286,0.0,1
3766,10,3.968232323232324,658.7,645.0,8.7,6.6,0.0,1
3769,10,2.4207142857142854,365.7,434.7,1.3,1.0,0.0,1
3779,5,3.1783333333333337,467.8,499.0,0.2,2.0,0.0,1
3787,21,3.916095016095016,472.4285714285714,511.9047619047619,2.095238095238096,5.142857142857143,0.0,1
3795,15,2.0140697108189367,384.8,440.2,1.8666666666666667,3.0,0.0,1
3803,22,2.9682359307359305,348.45454545454544,374.95454545454544,0.1363636363636363,0.8181818181818182,0.0909090909090909,0
3810,5,4.033333333333333,497.4,510.2,0.6,4.6,0.0,1
3812,8,2.6806006493506493,373.0,410.0,0.125,0.75,0.0,1
3815,7,5.274447774447775,481.4285714285714,478.0,0.4285714285714285,0.5714285714285714,0.0,1
3817,5,3.0494505494505493,566.4,467.8,1.0,3.0,0.0,1
3819,21,4.795021645021645,540.6190476190476,557.2857142857143,0.7142857142857143,2.333333333333333,0.0952380952380952,0
3823,6,1.9833333333333332,376.1666666666667,450.0,0.5,8.0,0.0,1
3824,7,1.9454989454989453,356.85714285714283,401.1428571428572,1.4285714285714286,19.142857142857142,0.2857142857142857,0
3826,5,3.1953846153846155,479.6,555.0,1.0,7.2,0.0,1
3827,13,2.071072517226363,375.38461538461536,434.0,2.230769230769231,3.230769230769231,0.0,1
3833,6,2.417989417989418,389.0,327.5,2.5,6.5,0.0,1
3834,6,7.28968253968254,571.6666666666666,549.6666666666666,1.5,4.5,0.0,1
3835,33,3.331108958381685,546.030303030303,564.2424242424242,0.303030303030303,1.8484848484848484,0.0606060606060606,0
3837,5,6.2142857142857135,536.6,504.0,0.2,1.2,0.0,1
3838,7,2.5651360544217687,523.2857142857143,559.2857142857143,1.1428571428571428,1.1428571428571428,0.0,1
3841,9,3.092857142857143,492.44444444444446,544.6666666666666,1.0,0.6666666666666666,0.0,1
3844,5,1.9737373737373736,403.4,393.0,5.0,7.8,0.0,1
3849,24,2.878406084656085,355.5833333333333,408.5833333333333,0.9166666666666666,1.4583333333333333,0.0,1
3866,18,3.2054363075196406,444.72222222222223,470.77777777777777,2.9444444444444446,10.22222222222222,0.0,1
3868,5,5.416666666666667,572.8,551.4,1.0,4.0,0.0,1
3869,5,2.37965367965368,427.0,471.2,0.0,0.0,0.0,1
3875,7,2.0134920634920634,352.0,339.1428571428572,3.2857142857142856,13.285714285714286,0.0,1
3880,5,4.546031746031746,388.2,377.4,0.0,0.0,0.2,0
3881,17,5.116110033757092,476.11764705882354,530.8235294117648,0.7647058823529411,3.117647058823529,0.0,1
3891,6,2.9035714285714285,442.8333333333333,511.6666666666667,0.0,0.0,0.0,1
3893,6,3.191647241647242,360.8333333333333,355.1666666666667,2.6666666666666665,4.0,0.0,1
3894,9,3.343422318422318,387.6666666666667,422.55555555555554,0.7777777777777778,0.8888888888888888,0.1111111111111111,0
3895,8,1.9530753968253969,395.375,392.625,0.625,3.0,0.125,0
3897,6,5.070075757575758,419.3333333333333,483.0,0.8333333333333334,2.0,0.1666666666666666,0
3898,8,2.507417582417583,324.25,391.5,0.125,0.375,0.125,0
3901,14,2.6172077922077923,319.7857142857143,372.6428571428572,3.4285714285714284,4.285714285714286,0.0,1
3905,9,4.818055555555556,392.22222222222223,389.77777777777777,0.1111111111111111,1.0,0.0,1
3909,24,2.5367592408952704,449.5,477.375,1.6666666666666667,2.333333333333333,0.0,1
3929,19,2.8129461182092763,403.7894736842105,466.0,2.3157894736842106,7.105263157894737,0.0,1
3930,12,2.6629520397902757,441.9166666666667,484.1666666666667,0.9166666666666666,2.0,0.0833333333333333,0
3942,6,1.9962301587301583,437.8333333333333,379.1666666666667,1.0,5.666666666666667,0.0,1
3947,9,1.3797899631232964,272.22222222222223,330.3333333333333,0.0,0.0,0.0,1
3948,5,1.9666666666666668,399.8,503.4,0.2,0.8,0.0,1
3952,5,3.81969696969697,492.8,553.0,1.6,9.6,0.0,1
3962,38,3.301872433122433,480.2105263157895,480.3684210526316,0.3684210526315789,3.0526315789473686,0.0263157894736842,0
3975,7,1.3520008003201285,339.57142857142856,321.0,0.0,0.0,0.1428571428571428,0
3977,6,3.2209235209235207,366.8333333333333,403.5,0.5,4.0,0.0,1
3979,9,4.506481481481482,589.5555555555555,618.2222222222222,0.7777777777777778,13.77777777777778,0.0,1
3981,9,3.1444444444444444,359.55555555555554,376.22222222222223,2.333333333333333,2.0,0.0,1
3983,26,3.70702491952492,420.88461538461536,451.4230769230769,0.5384615384615384,1.0769230769230769,0.0,1
3984,5,7.791428571428571,448.2,506.8,1.4,2.8,0.0,1
3987,19,4.516561216561217,502.6842105263158,580.2631578947369,1.2105263157894737,2.1052631578947367,0.0,1
3991,25,2.3875113775113777,439.8,501.08,2.24,8.8,0.16,0
3997,5,2.291948051948052,513.8,515.6,0.0,0.0,0.0,1
4000,11,7.525757575757575,680.8181818181819,662.9090909090909,2.5454545454545454,1.4545454545454546,0.0,1
4003,6,2.624656593406593,448.8333333333333,500.6666666666667,0.0,0.0,0.0,1
4004,8,1.8721049783549784,304.0,324.375,0.5,1.0,0.0,1
4005,19,2.599145591250854,391.89473684210526,444.6842105263158,2.526315789473684,7.526315789473684,0.0526315789473684,0
4008,6,2.5500000000000003,511.3333333333333,491.6666666666667,0.3333333333333333,0.8333333333333334,0.0,1
4011,6,1.1553030303030305,326.0,428.5,0.0,0.0,0.0,1
4014,6,2.640277777777778,394.0,369.0,1.8333333333333333,5.0,0.0,1
4018,5,3.0885714285714285,450.0,450.2,0.2,2.4,0.2,0
4019,15,2.7683545539427894,467.4666666666666,518.0666666666667,1.1333333333333333,2.333333333333333,0.0,1
4020,5,2.944166666666667,333.0,322.4,1.2,3.8,0.0,1
4024,6,3.112001424501424,629.3333333333334,557.1666666666666,0.5,4.666666666666667,0.0,1
4025,5,3.985897435897437,473.4,569.8,0.0,0.0,0.0,1
4032,35,3.716579690151119,423.4857142857143,442.5142857142857,0.8285714285714286,1.0285714285714285,0.0285714285714285,0
4036,12,1.9877314814814813,370.25,361.0,0.75,3.0,0.1666666666666666,0
4039,25,2.444708513708514,361.68,380.2,0.44,3.4,0.0,1
4041,5,3.3704761904761904,392.8,449.4,12.8,7.2,0.0,1
4042,9,4.078924162257496,558.1111111111111,527.7777777777778,3.4444444444444446,3.111111111111111,0.0,1
4048,7,2.216759431045145,353.2857142857143,418.7142857142857,2.571428571428572,0.5714285714285714,0.0,1
4051,10,3.025479797979798,506.4,519.4,3.1,14.0,0.0,1
4053,7,1.9029993815708104,358.57142857142856,423.8571428571428,0.0,0.0,0.0,1
4063,13,5.843040293040293,513.0,600.3076923076923,2.6153846153846154,3.4615384615384617,0.0,1
4066,5,9.39642857142857,465.6,519.2,1.8,0.8,0.0,1
4079,26,2.8502167704090784,418.11538461538464,454.0,5.538461538461538,7.846153846153846,0.0769230769230769,0
4080,22,5.412200930382749,554.6363636363636,595.4545454545455,1.9090909090909087,6.545454545454546,0.0,1
4086,8,2.5632270507270505,415.5,484.375,3.125,9.625,0.0,1
4088,5,2.264705882352941,445.4,442.8,8.2,7.2,0.0,1
4089,5,4.577489177489178,425.0,420.4,1.6,1.8,0.0,1
4100,5,4.7281818181818185,568.4,584.2,0.8,2.4,0.0,1
4101,9,4.212562129228796,410.0,407.0,0.6666666666666666,1.3333333333333333,0.0,1
4111,6,4.611111111111112,418.0,450.0,1.0,3.5,0.0,1
4124,10,4.129277389277389,352.4,345.4,2.3,2.5,0.0,1
4126,30,4.448733766233767,486.3,529.0666666666667,0.5,0.5333333333333333,0.0,1
4127,9,1.9194003527336865,395.44444444444446,436.1111111111111,2.333333333333333,6.222222222222222,0.0,1
4136,13,3.631959706959707,387.9230769230769,425.38461538461536,0.6923076923076923,0.8461538461538461,0.0,1
4140,21,2.7007096078524646,483.6666666666667,546.6190476190476,1.4285714285714286,4.9523809523809526,0.0,1
4141,7,2.47506105006105,375.0,389.2857142857143,1.4285714285714286,0.7142857142857143,0.0,1
4143,5,6.34,417.2,445.4,0.2,1.0,0.0,1
4145,10,4.164603174603174,442.2,463.5,1.3,2.0,0.0,1
4146,8,2.61133658008658,420.5,434.875,4.125,3.0,0.0,1
4148,9,1.457826278659612,340.6666666666667,344.8888888888889,2.111111111111111,5.333333333333333,0.0,1
4149,5,1.697142857142857,314.0,311.6,0.2,1.2,0.4,0
4159,8,2.0728594322344325,404.875,521.25,2.75,5.625,0.0,1
4161,8,2.420693889443889,426.375,509.375,1.375,5.0,0.0,1
4162,8,2.172960372960373,346.5,385.25,0.375,2.5,0.0,1
4163,7,2.300340136054422,483.0,494.0,4.428571428571429,6.428571428571429,0.0,1
4166,15,5.662301587301587,552.9333333333333,515.6,0.0666666666666666,1.2,0.0,1
4167,5,2.911919191919192,385.8,408.8,2.0,2.4,0.0,1
4168,5,2.236103896103896,322.8,358.6,3.4,2.4,0.2,0
4179,15,2.2054545454545456,488.73333333333335,480.8666666666667,0.0,0.0,0.0666666666666666,0
4180,8,4.223958333333333,588.75,531.625,0.0,0.0,0.0,1
4181,9,2.0057578224244894,427.44444444444446,452.44444444444446,0.4444444444444444,1.1111111111111112,0.0,1
4183,5,2.044502262443439,451.6,448.0,7.0,2.4,0.0,1
4184,6,2.047949735449736,434.5,529.8333333333334,0.3333333333333333,0.8333333333333334,0.0,1
4191,6,1.566035816035816,401.8333333333333,435.3333333333333,1.5,1.3333333333333333,0.1666666666666666,0
4192,6,2.279040404040404,458.3333333333333,511.1666666666667,3.0,1.3333333333333333,0.1666666666666666,0
4197,13,2.418803418803418,440.6923076923077,511.6923076923077,4.6923076923076925,9.23076923076923,0.0,1
4209,10,3.258127705627706,406.4,447.5,1.0,1.8,0.0,1
4210,8,2.522508741258741,410.875,482.75,2.5,12.75,0.0,1
4223,23,3.403970003426525,574.1304347826087,581.4782608695652,0.6521739130434783,5.217391304347826,0.0434782608695652,0
4227,23,1.947052212493389,363.60869565217394,375.1739130434783,1.173913043478261,2.260869565217391,0.0434782608695652,0
4232,35,4.638214008214008,490.8857142857143,540.8571428571429,4.6571428571428575,4.428571428571429,0.0571428571428571,0
4239,15,3.358439153439154,467.6,508.9333333333333,1.3333333333333333,4.2,0.0,1
4249,5,2.437272727272727,475.4,511.4,2.8,4.8,0.0,1
4250,6,3.771428571428571,511.5,536.1666666666666,0.5,1.3333333333333333,0.0,1
4252,37,3.1913919413919416,389.0,407.5945945945946,0.1891891891891892,0.6756756756756757,0.027027027027027,0
4256,5,1.645897435897436,267.2,285.8,0.0,0.0,0.0,1
4257,8,3.974134199134199,529.125,546.5,0.25,3.5,0.0,1
4262,31,4.294047619047619,531.8387096774194,572.6129032258065,1.5161290322580645,0.5806451612903226,0.0,1
4270,8,2.4455700549450547,399.375,440.625,0.875,1.0,0.0,1
4272,11,4.63376863035954,448.8181818181818,450.7272727272728,0.9090909090909092,1.0909090909090908,0.0,1
4273,11,3.1323888232979145,451.9090909090909,489.6363636363636,1.0,7.090909090909091,0.0,1
4274,23,2.7838125642473472,506.2173913043478,540.0434782608696,6.304347826086956,6.782608695652174,0.0,1
4279,6,2.116534391534392,437.5,480.3333333333333,2.833333333333333,4.5,0.0,1
4286,11,3.087298307752853,393.3636363636364,427.6363636363636,0.0909090909090909,0.0909090909090909,0.0,1
4287,45,2.419816227708385,379.0888888888889,468.31111111111113,0.0444444444444444,0.5333333333333333,0.0,1
4290,22,2.8917084809130262,402.5,411.2272727272728,0.5454545454545454,1.4545454545454546,0.0,1
4292,8,3.838762626262626,513.0,460.75,0.5,2.625,0.0,1
4295,7,4.176133786848072,488.8571428571428,493.1428571428572,1.8571428571428568,3.0,0.0,1
4302,12,2.302080327080327,401.25,434.1666666666667,0.9166666666666666,4.583333333333333,0.4166666666666667,0
4306,7,3.23974358974359,539.2857142857143,598.8571428571429,0.4285714285714285,3.0,0.0,1
4320,6,3.5666666666666664,363.0,371.8333333333333,0.6666666666666666,3.0,0.1666666666666666,0
4321,6,1.3642857142857143,330.0,364.3333333333333,8.666666666666666,2.6666666666666665,0.0,1
4322,24,2.5513411935286934,385.2083333333333,431.125,1.25,1.6435897435897435,0.0,1
4330,20,3.3959722222222224,364.75,418.45,1.2,1.8,0.05,0
4339,23,6.260041407867495,497.9565217391304,526.2173913043479,0.6521739130434783,2.4347826086956523,0.0,1
4341,6,2.108465608465609,466.5,546.0,7.0,6.666666666666667,0.0,1
4345,20,4.441825396825397,469.1,555.4,2.55,4.4,0.05,0
4348,7,4.673412698412698,329.2857142857143,386.0,0.7142857142857143,2.2857142857142856,0.0,1
4359,5,2.745909090909091,390.4,438.6,3.0,2.8,0.0,1
4360,36,3.072226230559564,439.8888888888889,472.4166666666667,0.0555555555555555,0.3333333333333333,0.0277777777777777,0
4370,16,2.620299104490281,312.9375,333.75,0.75,2.5,0.0,1
4371,16,4.978118235930736,585.625,591.1875,0.6875,2.8125,0.0,1
4372,23,2.6326212434908087,410.3478260869565,431.0434782608696,1.9565217391304348,5.260869565217392,0.0,1
4387,11,3.83494031221304,577.2727272727273,746.5454545454545,0.5454545454545454,1.0909090909090908,0.0,1
4390,58,2.50608266254818,372.91379310344826,422.7241379310345,2.689655172413793,5.931034482758621,0.0172413793103448,0
4393,7,3.182417582417582,416.7142857142857,423.57142857142856,1.1428571428571428,1.1428571428571428,0.0,1
4397,5,3.318333333333333,395.4,407.0,0.8,3.8,0.0,1
4398,14,4.637506541077969,483.4285714285714,527.9285714285714,0.2857142857142857,0.4285714285714285,0.0,1
4399,31,2.7392601126472096,383.8709677419355,409.5806451612903,0.1612903225806451,0.2903225806451613,0.032258064516129,0
4400,12,3.6263888888888887,458.25,506.1666666666667,0.0,0.0,0.0,1
4401,5,5.359523809523809,396.8,424.8,0.0,0.0,0.0,1
4407,7,3.739177489177489,477.1428571428572,512.8571428571429,1.0,4.285714285714286,0.0,1
4411,12,3.4735990860990857,410.1666666666667,453.0833333333333,0.0,0.0,0.0,1
4413,5,5.282857142857143,475.2,450.4,0.6,1.2,0.0,1
4414,10,1.8995454545454544,393.4,373.5,2.6,1.6,0.0,1
4415,6,2.795283882783883,494.3333333333333,480.6666666666667,0.1666666666666666,3.0,0.0,1
4416,19,1.9472157228736175,431.578947368421,428.05263157894734,2.736842105263158,2.1052631578947367,0.0,1
4417,6,1.9792568542568545,446.3333333333333,439.5,0.8333333333333334,1.3333333333333333,0.0,1
4419,5,4.64,483.6,489.8,3.0,5.6,0.0,1
4420,5,2.799267399267399,543.2,550.6,0.0,0.0,0.0,1
4421,5,1.7866666666666666,365.0,387.4,0.6,0.8,0.0,1
4423,12,2.458543771043771,512.25,564.3333333333334,0.5833333333333334,1.25,0.0,1
4437,5,2.378679653679653,435.4,469.0,0.8,3.2,0.2,0
4439,29,3.7330926904963415,516.0,526.1379310344828,2.6206896551724137,1.3793103448275863,0.0,1
4441,6,3.8066849816849815,580.6666666666666,577.5,0.3333333333333333,3.333333333333333,0.0,1
4447,7,3.5871533228676085,615.0,604.2857142857143,3.571428571428572,8.857142857142858,0.0,1
4448,5,2.366616161616162,358.2,330.4,9.0,10.4,0.0,1
4449,7,3.95436507936508,540.4285714285714,579.5714285714286,0.0,0.0,0.0,1
4451,30,3.6424783549783553,537.2,581.4666666666667,3.5,3.6,0.1666666666666666,0
4454,5,1.9050793650793647,293.4,325.6,5.6,5.2,0.0,1
4467,10,4.1701332001332,438.9,479.3,0.5,2.7,0.0,1
4469,19,4.5373487623487625,425.10526315789474,478.6315789473685,0.4210526315789473,2.789473684210526,0.0,1
4472,6,4.441468253968254,524.0,519.6666666666666,4.5,11.666666666666666,0.0,1
4480,5,2.7168731268731268,426.0,440.6,15.0,4.8,0.0,1
4481,5,5.256140350877193,567.0,612.6,0.4,1.4,0.0,1
4482,8,2.388209706959707,426.875,444.75,4.0,3.0,0.0,1
4485,5,1.6806593406593406,387.2,427.6,0.2,1.8,0.0,1
4488,34,5.708479798747965,330.6764705882353,364.38235294117646,0.2647058823529412,1.0294117647058822,0.1176470588235294,0
4495,7,3.102891156462585,477.4285714285714,522.2857142857143,2.142857142857143,5.0,0.0,1
4501,18,3.1034562659562663,373.0,432.0,0.0555555555555555,0.3888888888888889,0.0,1
4510,19,3.6849016480595433,495.578947368421,473.10526315789474,2.631578947368421,0.5263157894736842,0.0,1
4512,6,3.272222222222222,455.8333333333333,409.8333333333333,1.1666666666666667,9.666666666666666,0.0,1
4513,8,3.7315476190476193,497.5,496.0,0.0,0.0,0.125,0
4518,7,5.146825396825397,437.2857142857143,545.4285714285714,1.7142857142857142,6.857142857142857,0.0,1
4519,6,3.6870701058201054,429.3333333333333,502.5,12.333333333333334,8.666666666666666,0.0,1
4521,9,2.9246913580246914,464.3333333333333,523.8888888888889,0.5555555555555556,1.0,0.0,1
4522,20,2.879604562104562,488.6,507.35,0.85,1.6,0.0,1
4526,13,4.177899877899877,529.3846153846154,615.6923076923077,3.3076923076923075,5.076923076923077,0.0,1
4530,8,1.9072420634920637,303.5,312.0,0.0,0.0,0.0,1
4531,11,3.352272727272727,488.8181818181818,534.2727272727273,0.2727272727272727,0.7272727272727273,0.0,1
4534,13,2.78026973026973,533.7692307692307,555.7692307692307,1.3076923076923077,2.769230769230769,0.0,1
4535,5,2.161666666666666,331.2,373.0,0.4,3.6,0.0,1
4536,7,3.57624716553288,412.7142857142857,508.8571428571428,0.2857142857142857,5.142857142857143,0.0,1
4544,11,3.8885175282234106,356.54545454545456,376.9090909090909,0.9090909090909092,5.454545454545454,0.0,1
4545,6,2.1346153846153846,408.6666666666667,456.3333333333333,1.5,1.8333333333333333,0.0,1
4548,7,5.076190476190476,388.7142857142857,462.4285714285714,1.4285714285714286,1.7142857142857142,0.0,1
4549,7,2.844633307868602,472.57142857142856,550.1428571428571,0.0,0.0,0.0,1
4566,5,1.758730158730159,355.6,384.2,4.0,8.4,0.0,1
4567,29,3.350456206516044,365.86206896551727,430.3103448275862,0.7586206896551724,3.0689655172413794,0.0,1
4571,6,2.577272727272728,432.1666666666667,462.1666666666667,0.8333333333333334,1.6666666666666667,0.0,1
4572,13,1.4186852614454426,277.7692307692308,304.2307692307692,1.3076923076923077,2.3076923076923075,0.0,1
4573,5,1.6551159951159948,356.0,391.2,0.2,1.0,0.0,1
4574,8,6.270695970695971,478.375,522.625,2.75,3.625,0.0,1
4575,5,9.605555555555556,660.2,651.6,0.0,0.0,0.0,1
4588,7,2.870892995892996,484.2857142857143,525.2857142857143,0.2857142857142857,1.4285714285714286,0.0,1
4593,19,3.7005349913244654,419.6315789473685,450.0,3.0526315789473686,1.1578947368421053,0.0,1
4594,13,1.9073142543730777,323.15384615384613,333.6923076923077,0.8461538461538461,2.6923076923076925,0.0,1
4611,6,3.7515873015873016,508.8333333333333,494.6666666666667,0.0,0.0,0.0,1
4614,8,2.57609126984127,407.5,411.25,3.375,2.5,0.0,1
4624,33,3.601431273222717,458.24242424242425,501.24242424242425,1.6363636363636365,3.393939393939394,0.0,1
4634,19,2.89001247290721,398.2631578947368,430.2105263157895,0.5263157894736842,2.210526315789474,0.0,1
4635,14,3.9418135435992574,485.8571428571428,518.6428571428571,0.3571428571428571,3.928571428571429,0.0,1
4637,15,2.3571765979118924,363.4,427.8,1.6666666666666667,6.2,0.0,1
4638,25,4.665104673104674,580.68,622.92,5.6,4.64,0.12,0
4649,13,2.3076923076923075,513.9230769230769,527.5384615384615,2.3846153846153846,7.846153846153846,0.0,1
4651,6,1.3833333333333335,270.1666666666667,315.6666666666667,0.6666666666666666,6.0,0.0,1
4652,5,3.6895670995671,533.8,630.4,2.2,3.2,0.0,1
4658,8,2.570535714285714,468.125,473.875,3.375,2.625,0.0,1
4660,16,2.8035859060530117,394.4375,423.875,1.0625,0.625,0.0,1
4680,7,4.5344671201814055,562.7142857142857,507.4285714285714,0.8571428571428571,2.0,0.0,1
4684,6,2.7129629629629632,400.3333333333333,399.0,0.3333333333333333,3.0,0.1666666666666666,0
4686,6,3.1257215007215007,509.8333333333333,473.5,0.0,0.0,0.0,1
4695,17,3.4544817927170866,625.1764705882352,585.5294117647059,0.0,0.0,0.0,1
4697,7,2.6440642690642693,417.57142857142856,460.4285714285714,0.1428571428571428,0.8571428571428571,0.0,1
4699,6,1.7222222222222223,327.8333333333333,333.0,0.6666666666666666,5.333333333333333,0.0,1
4703,5,1.5074841824841825,455.0,454.2,0.2,1.0,0.0,1
4705,15,3.729648869648869,458.06666666666666,515.4,1.5333333333333334,7.933333333333334,0.0,1
4709,43,2.889214274097995,518.8139534883721,534.5116279069767,0.4651162790697674,1.255813953488372,0.0,1
4722,10,3.3741666666666665,467.4,514.3,0.7,1.6,0.0,1
4740,5,1.7166666666666668,419.0,453.2,1.4,2.0,0.0,1
4741,8,2.758482142857143,459.0,527.875,0.625,1.5,0.0,1
4743,22,3.7992063492063495,492.6363636363636,516.5454545454545,2.636363636363636,4.727272727272728,0.0454545454545454,0
4745,17,3.4228033404503995,489.4117647058824,533.1764705882352,1.8235294117647056,1.2352941176470589,0.0,1
4746,8,4.723863636363636,472.875,470.5,3.0,2.625,0.0,1
4748,10,4.143174603174603,507.5,502.0,0.8,0.9,0.0,1
4749,31,2.3148790277822537,408.8387096774193,426.06451612903226,0.2903225806451613,2.903225806451613,0.032258064516129,0
4756,29,2.781130268199234,469.5862068965517,468.1034482758621,2.655172413793104,5.586206896551724,0.0689655172413793,0
4760,35,2.4395022018131263,352.51428571428573,399.54285714285714,0.4285714285714285,0.7714285714285715,0.0,1
4763,19,2.2333146385777964,324.4736842105263,376.7368421052632,0.4210526315789473,0.4210526315789473,0.0,1
4765,6,3.0843253968253967,452.5,472.5,0.0,0.0,0.1666666666666666,0
4766,8,2.745592948717949,396.25,410.0,2.25,6.0,0.0,1
4779,34,2.406222598047858,406.7647058823529,437.5,2.0588235294117645,1.8235294117647056,0.0588235294117647,0
4786,20,2.786579947829948,503.45,562.7,1.05,3.6,0.1,0
4804,5,4.691666666666666,497.8,464.8,1.2,6.0,0.0,1
4809,8,2.4052128427128427,432.125,475.375,1.5,4.5,0.0,1
4810,22,3.089583648674558,404.59090909090907,437.77272727272725,2.272727272727273,10.909090909090908,0.0,1
4817,12,5.3125,470.4166666666667,486.3333333333333,5.166666666666667,3.0,0.1666666666666666,0
4833,10,3.381309523809524,508.7,559.4,0.6,2.0,0.0,1
4835,12,3.4358315295815296,464.5,542.25,0.3333333333333333,1.1666666666666667,0.0,1
4846,7,2.923185941043084,501.2857142857143,545.8571428571429,0.5714285714285714,4.285714285714286,0.0,1
4850,40,2.8969508963258965,397.35,470.55,2.5,7.35,0.125,0
4853,5,6.071428571428571,470.6,516.2,0.0,0.0,0.0,1
4861,8,3.9180059523809527,447.875,441.375,0.0,0.0,0.0,1
4863,43,2.54085436527297,308.95348837209303,349.09302325581393,1.930232558139535,3.813953488372093,0.0465116279069767,0
4867,8,3.726511335886336,581.75,590.25,6.875,2.625,0.0,1
4871,7,1.9600340136054424,457.0,483.4285714285714,1.8571428571428568,4.571428571428571,0.0,1
4874,5,1.743174603174603,284.2,304.0,0.8,2.0,0.0,1
4880,6,4.00925925925926,449.0,521.1666666666666,0.6666666666666666,2.6666666666666665,0.0,1
4881,16,5.746803977272728,483.625,458.5625,1.25,2.0625,0.0625,0
4889,7,2.183333333333333,450.0,425.8571428571428,2.2857142857142856,4.0,0.0,1
4890,5,6.133333333333333,490.6,473.2,0.8,4.8,0.0,1
4893,11,3.759422143513053,408.1818181818182,444.3636363636364,0.6363636363636364,4.090909090909091,0.0,1
4899,10,4.185947940947941,523.3,535.2,1.7,2.4,0.1,0
4905,14,2.097104978354978,395.7142857142857,422.0,0.2857142857142857,2.0,0.0714285714285714,0
4906,5,1.6850649350649352,411.0,429.0,0.6,14.4,0.0,1
4911,7,3.5064935064935066,468.8571428571428,558.8571428571429,0.7142857142857143,0.5714285714285714,0.2857142857142857,0
4915,5,2.2087373737373737,444.6,532.4,1.8,4.2,0.0,1
4925,19,3.258093149540518,328.5263157894737,340.63157894736844,0.1052631578947368,1.263157894736842,0.0,1
4930,6,2.380876068376068,462.3333333333333,499.6666666666667,0.1666666666666666,0.5,0.0,1
4939,7,3.152840017125731,520.7142857142857,545.1428571428571,0.1428571428571428,1.1428571428571428,0.0,1
4940,5,2.2333333333333334,412.2,423.8,0.0,0.0,0.0,1
4947,6,2.919662309368192,457.6666666666667,516.1666666666666,1.0,2.333333333333333,0.0,1
4959,7,2.835374149659864,417.2857142857143,490.2857142857143,7.714285714285714,20.857142857142858,0.1428571428571428,0
4960,9,7.59567901234568,475.44444444444446,535.3333333333334,1.5555555555555556,5.333333333333333,0.0,1
4962,5,3.926490683229814,388.8,423.0,0.8,2.2,0.0,1
4963,9,2.7723665223665224,430.77777777777777,447.22222222222223,7.444444444444445,3.888888888888889,0.1111111111111111,0
4965,7,2.6559987631416204,371.7142857142857,416.57142857142856,0.8571428571428571,3.571428571428572,0.0,1
4976,6,4.246031746031746,406.5,525.6666666666666,0.6666666666666666,2.333333333333333,0.0,1
4979,43,2.5590261919263284,446.0697674418605,479.2558139534884,3.930232558139535,3.0930232558139537,0.0,1
4990,8,2.654464285714286,369.75,299.625,0.0,0.0,0.0,1
4991,7,2.941974691974692,515.2857142857143,484.2857142857143,3.571428571428572,3.4285714285714284,0.0,1
4993,8,3.0522727272727272,478.75,436.125,0.0,0.0,0.0,1
5004,7,1.913980463980464,382.7142857142857,379.57142857142856,4.571428571428571,4.571428571428571,0.0,1
5007,5,2.397179487179487,435.0,486.0,0.0,0.0,0.0,1
5008,6,2.288780663780664,316.5,298.6666666666667,0.8333333333333334,0.8333333333333334,0.0,1
5012,22,3.712235113371477,532.6818181818181,575.1818181818181,0.7272727272727273,5.818181818181818,0.0,1
5014,6,2.1064814814814814,332.8333333333333,347.1666666666667,8.166666666666666,3.0,0.1666666666666666,0
5021,9,5.356481481481481,537.3333333333334,512.8888888888889,0.2222222222222222,1.1111111111111112,0.0,1
5029,37,2.751566262092578,415.4864864864865,475.6486486486487,4.054054054054054,5.675675675675675,0.0,1
5031,22,2.644783625465444,335.8636363636364,379.2272727272728,0.7272727272727273,1.818181818181818,0.0,1
5040,13,3.58003663003663,484.2307692307692,509.84615384615387,2.3076923076923075,9.23076923076923,0.0,1
5046,10,5.577023809523809,495.6,489.0,0.0,0.0,0.0,1
5053,22,4.501059012288959,439.1363636363636,458.1818181818182,1.9090909090909087,1.2727272727272727,0.0,1
5058,8,1.856932773109244,397.25,474.125,2.125,7.375,0.0,1
5066,23,2.37991718426501,475.3043478260869,521.7826086956521,0.391304347826087,1.565217391304348,0.0,1
5078,7,2.647402597402597,372.4285714285714,409.0,1.0,3.4285714285714284,0.0,1
5079,19,3.2164046479835955,505.3684210526316,527.7368421052631,0.1052631578947368,2.1052631578947367,0.0,1
5091,5,3.124235764235764,471.4,586.2,4.2,2.0,0.2,0
5093,5,8.3,540.4,436.6,0.2,0.8,0.0,1
5095,21,3.519255479969765,315.5238095238095,312.1428571428572,0.7619047619047619,2.0,0.0,1
5098,9,4.178571428571429,370.6666666666667,356.55555555555554,0.2222222222222222,0.4444444444444444,0.1111111111111111,0
5099,5,3.378251748251748,573.6,666.0,11.6,8.0,0.0,1
5107,12,5.099107142857143,469.0833333333333,421.25,2.25,2.0,0.0,1
5114,5,1.4513636363636364,386.2,442.0,0.0,0.0,0.0,1
5121,8,6.073412698412699,592.125,594.375,0.0,0.0,0.0,1
5122,5,1.8609523809523807,406.4,395.2,3.2,4.2,0.0,1
5128,35,3.015007452864596,399.4,463.9428571428571,0.3428571428571428,2.3142857142857145,0.0,1
5132,13,1.896287900134054,296.46153846153845,319.6923076923077,0.9230769230769232,1.8461538461538465,0.0,1
5133,8,2.087202380952381,406.875,453.625,1.375,6.5,0.0,1
5147,5,3.507142857142857,507.0,468.4,2.4,3.6,0.0,1
5148,5,5.56940836940837,587.2,615.8,0.0,0.0,0.0,1
5157,6,1.5514804639804638,281.8333333333333,311.0,0.6666666666666666,3.0,0.0,1
5159,7,1.617045454545455,312.1428571428572,347.0,0.2857142857142857,0.7142857142857143,0.0,1
5166,11,2.2436032401941493,385.7272727272728,444.54545454545456,1.0909090909090908,1.818181818181818,0.0,1
5170,21,3.743355726128835,419.8571428571428,476.9047619047619,0.4761904761904761,1.3333333333333333,0.0,1
5171,25,3.7925772005772007,386.08,438.64,1.08,2.56,0.0,1
5176,9,2.187990712990713,360.3333333333333,339.44444444444446,0.2222222222222222,1.3333333333333333,0.0,1
5180,31,2.606089877864071,380.483870967742,447.0,6.516129032258065,3.870967741935484,0.032258064516129,0
5184,9,3.2224627224627227,466.1111111111111,480.1111111111111,1.6666666666666667,0.8888888888888888,0.0,1
5185,8,1.3414033882783882,309.875,355.125,5.625,4.5,0.0,1
5186,5,6.218461538461538,520.0,527.2,0.0,0.0,0.0,1
5188,6,8.099537037037036,551.0,537.5,1.1666666666666667,4.5,0.0,1
5191,6,2.4261563599798897,304.3333333333333,302.6666666666667,1.6666666666666667,3.333333333333333,0.0,1
5196,6,2.708333333333333,393.5,371.5,1.6666666666666667,7.333333333333333,0.0,1
5210,5,2.745,329.4,417.2,1.4,1.6,0.0,1
5241,5,2.4161904761904767,369.4,353.8,1.6,12.6,0.0,1
5246,18,5.019907407407407,532.1111111111111,568.2222222222222,5.833333333333333,2.1666666666666665,0.0,1
5249,41,3.5578287486465388,531.439024390244,525.5365853658536,0.951219512195122,3.414634146341464,0.024390243902439,0
5255,5,2.241111111111111,601.8,574.8,0.4,7.2,0.0,1
5259,5,2.051923076923077,470.6,533.0,0.2,0.8,0.0,1
5269,16,4.607931998556999,450.5625,513.4375,1.6875,1.6875,0.0,1
5270,22,2.412129158720068,393.77272727272725,397.27272727272725,4.090909090909091,0.5454545454545454,0.0,1
5280,11,4.128354978354978,363.0,419.3636363636364,0.0,0.0,0.0,1
5281,12,2.6294668294668297,427.1666666666667,456.3333333333333,0.3333333333333333,0.6666666666666666,0.0,1
5287,7,2.1344891219891218,386.8571428571428,462.8571428571428,5.428571428571429,4.0,0.0,1
5310,9,3.9587301587301584,648.8888888888889,614.3333333333334,4.222222222222222,9.88888888888889,0.0,1
5311,5,1.488080808080808,390.0,404.6,2.2,1.8,0.0,1
5312,7,3.1338249469828416,441.57142857142856,443.4285714285714,4.428571428571429,3.0,0.0,1
5316,10,1.9054229104229103,404.1,440.1,1.4,4.8,0.0,1
5317,5,2.500238095238095,501.4,517.0,1.4,11.2,0.0,1
5325,5,2.2783216783216784,558.4,535.0,0.0,0.0,0.0,1
5335,13,3.3309972707031528,491.5384615384616,543.7692307692307,0.6153846153846154,1.8461538461538465,0.0,1
5341,17,2.5361294606969347,330.29411764705884,388.2941176470589,3.235294117647059,1.9411764705882355,0.0,1
5342,14,3.4525813472242044,404.0,482.7857142857143,2.357142857142857,3.0,0.0714285714285714,0
5349,11,3.5732961482961483,495.3636363636364,550.9090909090909,0.5454545454545454,5.090909090909091,0.0,1
5358,5,3.394444444444445,362.4,367.0,0.2,2.8,0.2,0
5364,14,3.4491692830978544,463.0,536.0714285714286,1.0,4.714285714285714,0.0,1
5376,5,2.0676923076923077,426.4,428.8,1.4,4.6,0.0,1
5378,7,2.037165775401069,348.2857142857143,390.4285714285714,0.4285714285714285,1.1428571428571428,0.0,1
5385,7,3.256369820655536,467.8571428571428,523.4285714285714,0.2857142857142857,2.571428571428572,0.0,1
5416,5,2.685454545454545,457.6,506.2,5.2,2.0,0.0,1
5417,7,4.79047619047619,470.0,493.57142857142856,0.0,0.0,0.1428571428571428,0
5419,13,2.9107697857697854,513.1538461538462,518.1538461538462,0.0769230769230769,0.6153846153846154,0.0,1
5432,7,1.753889761032618,394.57142857142856,438.4285714285714,0.2857142857142857,1.4285714285714286,0.0,1
5433,30,5.383600936100936,410.53333333333336,464.9,1.0333333333333334,6.066666666666666,0.0333333333333333,0
5437,5,4.822857142857143,521.2,564.4,1.4,8.4,0.0,1
5446,6,2.1813973063973067,483.0,515.3333333333334,0.5,1.0,0.0,1
5455,19,2.1114043850885955,366.2631578947368,400.4736842105263,0.631578947368421,2.3684210526315788,0.0526315789473684,0
5462,5,3.4315079365079364,476.2,485.6,0.0,0.0,0.0,1
5465,5,1.1597198879551822,267.8,303.2,0.0,0.0,0.0,1
5469,6,4.003968253968254,658.1666666666666,605.6666666666666,3.0,5.5,0.0,1
5484,14,2.2585812996527284,336.42857142857144,376.8571428571428,0.7857142857142857,1.5,0.0,1
5489,5,2.6353846153846154,432.2,406.6,1.8,7.8,0.0,1
5491,6,3.7497895622895614,402.0,409.1666666666667,0.3333333333333333,3.333333333333333,0.0,1
5513,15,2.8689835164835165,410.2,489.0,2.0,4.4,0.0,1
5517,12,1.9991080270492037,312.5,367.4166666666667,0.5,2.25,0.0,1
5518,10,2.799191919191919,519.0,601.6,2.1,7.3,0.0,1
5527,21,6.484259259259259,391.7142857142857,411.7142857142857,0.4285714285714285,1.3333333333333333,0.0,1
5528,9,5.165388007054673,595.2222222222222,584.8888888888889,0.6666666666666666,1.7777777777777777,0.0,1
5534,6,2.5617521367521365,385.0,415.1666666666667,1.1666666666666667,1.3333333333333333,0.0,1
5535,26,4.491253831638447,471.88461538461536,513.5769230769231,3.3076923076923075,6.0,0.0384615384615384,0
5548,10,3.87646645021645,385.6,477.2,4.2,5.4,0.0,1
5566,37,2.736777036777037,446.9189189189189,495.6486486486487,1.7027027027027026,2.8378378378378377,0.0,1
5571,6,2.2256410256410257,377.0,384.5,0.0,0.0,0.0,1
5572,8,3.537152777777778,390.5,417.125,0.25,0.5,0.0,1
5573,12,2.227651515151515,351.5833333333333,356.6666666666667,0.25,2.25,0.0,1
5578,6,5.366720085470085,589.1666666666666,570.6666666666666,0.3333333333333333,0.6666666666666666,0.0,1
5580,13,2.5966422466422467,424.38461538461536,445.3076923076923,1.6153846153846154,3.692307692307693,0.0,1
5581,10,4.17813492063492,421.8,467.8,1.3,2.4,0.0,1
5582,11,1.45606158547335,337.72727272727275,361.27272727272725,1.6363636363636365,5.454545454545454,0.0,1
5584,7,1.7694444444444444,359.2857142857143,408.57142857142856,6.571428571428571,1.7142857142857142,0.2857142857142857,0
5585,10,1.498312839121663,277.9,322.2,0.0,0.0,0.0,1
5586,12,3.506559644059644,481.3333333333333,525.9166666666666,0.5833333333333334,2.833333333333333,0.0,1
5588,8,2.0597222222222222,278.75,341.375,0.25,1.75,0.0,1
5600,8,3.948511904761904,401.125,460.5,0.0,0.0,0.0,1
5610,7,1.849514537749832,353.85714285714283,436.7142857142857,0.4285714285714285,0.5714285714285714,0.0,1
5616,27,2.942376964599187,396.0,442.7037037037037,1.8148148148148149,11.407407407407408,0.037037037037037,0
5617,5,2.751984126984127,470.4,539.0,0.0,0.0,0.0,1
5618,26,4.2389194139194135,445.2692307692308,488.0,0.8076923076923077,3.230769230769231,0.0769230769230769,0
5624,11,4.818135904499541,446.6363636363636,505.8181818181818,1.3636363636363635,6.818181818181818,0.2727272727272727,0
5629,6,2.7286324786324787,323.6666666666667,331.5,0.1666666666666666,3.0,0.0,1
5631,9,3.8453885257806815,479.44444444444446,535.6666666666666,1.2222222222222223,0.8888888888888888,0.0,1
5633,6,6.255092592592593,318.6666666666667,311.1666666666667,0.3333333333333333,2.1666666666666665,0.1666666666666666,0
5646,10,1.839978354978355,447.7,485.0,1.5,9.0,0.0,1
5649,5,2.602777777777778,411.0,446.2,0.0,0.0,0.0,1
5655,5,2.4355555555555557,484.0,516.6,3.0,3.6,0.0,1
5657,5,2.225,354.6,379.8,0.2,3.4,0.0,1
5658,5,3.977142857142857,440.2,486.6,0.2,0.6,0.0,1
5659,5,1.7109943977591038,428.6,451.8,1.6,2.4,0.0,1
5661,33,2.3292300579980005,381.4242424242424,416.3636363636364,0.8484848484848485,5.121212121212121,0.0,1
5665,8,3.7095238095238097,450.125,483.375,4.625,6.0,0.125,0
5666,8,1.1371031746031746,306.0,305.875,1.125,0.5,0.0,1
5672,5,1.747936507936508,363.2,380.2,0.4,1.6,0.0,1
5680,21,3.218537414965986,499.7142857142857,531.6666666666666,1.8571428571428568,14.238095238095235,0.0,1
5681,7,9.425396825396827,529.2857142857143,583.2857142857143,0.5714285714285714,1.0,0.0,1
5696,6,2.381530044030044,515.0,565.0,12.833333333333334,7.666666666666667,0.0,1
5715,6,4.365079365079365,526.5,551.1666666666666,1.1666666666666667,2.6666666666666665,0.0,1
5719,5,1.718455228981545,324.8,383.4,0.8,5.4,0.0,1
5720,9,1.7452621452621453,325.44444444444446,327.55555555555554,0.0,0.0,0.0,1
5721,8,5.037957875457876,453.25,425.375,0.0,0.0,0.0,1
5727,8,2.6938550420168066,411.625,445.625,0.5,2.5,0.0,1
5728,12,4.340387308769662,543.75,538.4166666666666,0.0833333333333333,0.4166666666666667,0.0,1
5736,6,7.474537037037037,575.0,572.3333333333334,0.3333333333333333,0.6666666666666666,0.0,1
5739,5,1.917142857142857,298.4,363.8,1.8,3.6,0.0,1
5742,5,2.4122655122655123,465.8,539.8,0.2,2.2,0.0,1
5743,9,2.6209034792368127,467.77777777777777,494.22222222222223,1.0,4.666666666666667,0.0,1
5748,11,5.185966810966812,451.9090909090909,525.7272727272727,0.1818181818181818,1.6363636363636365,0.0,1
5749,19,4.6875730994152045,431.2105263157895,494.42105263157896,0.3157894736842105,1.263157894736842,0.0,1
5750,18,6.714359868526535,396.5,484.22222222222223,0.5,3.0,0.0,1
5751,5,7.017777777777778,451.4,537.6,0.6,0.4,0.0,1
5756,8,2.739083853238265,311.25,322.5,1.0,2.5,0.0,1
5757,11,4.407474091565001,473.45454545454544,527.9090909090909,2.909090909090909,10.0,0.0,1
5760,6,4.513888888888888,896.6666666666666,694.1666666666666,2.833333333333333,4.833333333333333,0.0,1
5765,11,2.9064401233373567,421.09090909090907,469.3636363636364,0.2727272727272727,1.0909090909090908,0.0,1
5766,6,3.230555555555556,459.6666666666667,495.0,0.0,0.0,0.0,1
5767,10,4.395277777777777,391.0,384.2,0.8,1.0,0.0,1
5768,9,4.357102157102157,411.22222222222223,447.77777777777777,0.0,0.0,0.0,1
5778,27,3.717256097811653,502.22222222222223,540.5555555555555,1.7777777777777777,2.6666666666666665,0.037037037037037,0
5786,5,2.3600000000000003,331.2,390.0,2.0,6.4,0.0,1
5787,6,1.8483044733044731,377.0,348.0,1.6666666666666667,9.333333333333334,0.1666666666666666,0
5788,6,4.576695526695526,519.8333333333334,513.6666666666666,1.3333333333333333,2.6666666666666665,0.0,1
5791,6,3.395021645021645,535.0,538.3333333333334,5.833333333333333,9.166666666666666,0.0,1
5799,7,2.179627640529896,382.4285714285714,373.1428571428572,0.0,0.0,0.0,1
5817,14,5.329385693671408,416.9285714285714,462.9285714285714,0.3571428571428571,0.6428571428571429,0.0,1
5824,14,2.750122100122101,418.57142857142856,469.2142857142857,10.357142857142858,4.0,0.0,1
5841,6,4.042460317460318,538.8333333333334,551.3333333333334,0.0,0.0,0.0,1
5846,30,2.021391911465441,458.6333333333333,601.3,2.466666666666667,3.2666666666666666,0.0,1
5854,5,1.1283333333333334,354.6,346.0,3.2,5.6,0.0,1
5856,10,1.4629306722689075,311.4,305.4,0.8,3.0,0.0,1
5862,8,1.9203869047619049,420.25,462.5,0.75,1.0,0.0,1
5885,6,1.8947245564892623,355.0,420.6666666666667,4.0,4.333333333333333,0.1666666666666666,0
5888,6,3.0853174603174605,482.5,474.0,0.0,0.0,0.0,1
5891,9,3.486475561475561,375.6666666666667,414.3333333333333,1.5555555555555556,1.3333333333333333,0.0,1
5915,6,2.363095238095238,440.6666666666667,483.6666666666667,1.6666666666666667,2.6666666666666665,0.0,1
5925,12,3.663068181818181,394.8333333333333,442.6666666666667,0.0,0.0,0.0,1
5926,12,2.276521164021164,420.4166666666667,426.75,0.0,0.0,0.0,1
5946,11,2.7470105651923835,414.0,403.09090909090907,1.3636363636363635,1.9090909090909087,0.0,1
5947,11,2.1659083340901524,394.45454545454544,420.09090909090907,0.7272727272727273,3.4545454545454546,0.0909090909090909,0
5976,6,2.3694444444444445,392.1666666666667,414.3333333333333,0.8333333333333334,3.6666666666666665,0.0,1
5981,14,2.9751706626706627,369.6428571428572,403.7142857142857,1.1428571428571428,1.7857142857142858,0.0,1
5983,7,3.11859410430839,322.42857142857144,332.0,0.4285714285714285,3.4285714285714284,0.0,1
5987,5,3.617575757575758,565.2,533.4,2.8,2.8,0.0,1
5994,7,2.6450246765372816,469.0,517.8571428571429,1.8571428571428568,0.7142857142857143,0.0,1
5996,7,5.352380952380953,527.2857142857143,603.7142857142857,1.0,4.0,0.0,1
6004,8,2.508933080808081,338.25,349.875,7.375,4.0,0.125,0
6009,5,2.06,446.6,494.4,0.4,3.0,0.0,1
6024,9,1.987080512080512,436.0,478.1111111111111,0.5555555555555556,1.1111111111111112,0.0,1
6033,5,2.54,400.6,418.6,7.6,4.2,0.0,1
6041,37,3.81493093993094,464.8648648648648,508.1621621621622,0.4864864864864865,1.135135135135135,0.0,1
6045,8,4.432900432900433,362.25,383.625,0.0,0.0,0.0,1
6052,5,7.726666666666667,476.4,439.8,0.0,0.0,0.0,1
6054,7,5.341991341991341,402.8571428571428,370.57142857142856,0.2857142857142857,3.7142857142857135,0.0,1
6055,7,5.923809523809524,493.1428571428572,455.1428571428572,0.1428571428571428,0.7142857142857143,0.1428571428571428,0
6056,5,2.4066666666666667,464.4,426.6,4.2,6.8,0.2,0
6058,5,3.074112554112554,436.8,401.6,0.0,0.0,0.0,1
6060,7,1.953261024689596,398.7142857142857,454.1428571428572,1.2857142857142858,5.714285714285714,0.1428571428571428,0
6064,7,5.877437641723356,569.1428571428571,684.8571428571429,0.2857142857142857,0.5714285714285714,0.0,1
6068,6,5.645923520923521,497.1666666666667,565.6666666666666,0.1666666666666666,0.8333333333333334,0.0,1
6069,39,2.497144095221018,321.5128205128205,359.1025641025641,1.2564102564102564,3.358974358974359,0.0256410256410256,0
6070,6,1.8658008658008656,348.3333333333333,387.5,0.5,1.5,0.1666666666666666,0
6071,6,2.3406084656084656,365.8333333333333,373.3333333333333,1.0,3.333333333333333,0.0,1
6075,5,1.5047619047619047,353.8,402.0,0.0,0.0,0.0,1
6081,21,3.607366575223718,525.047619047619,539.6666666666666,6.571428571428571,2.2857142857142856,0.0,1
6095,5,1.2161111111111111,374.8,477.8,4.6,2.0,0.0,1
6096,6,1.0510989010989011,332.3333333333333,334.8333333333333,0.0,0.0,0.0,1
6097,11,4.163111635838908,580.0909090909091,610.8181818181819,0.3636363636363636,1.6363636363636365,0.0,1
6098,6,1.5373677248677249,296.6666666666667,317.8333333333333,1.0,1.0,0.0,1
6099,8,1.2014430014430015,324.125,349.125,6.0,8.5,0.0,1
6100,6,3.848875661375661,421.5,433.6666666666667,1.0,1.5,0.0,1
6101,17,3.6944444444444446,455.2941176470589,491.2941176470589,0.3529411764705882,4.117647058823529,0.0,1
6103,5,3.5885714285714285,429.6,453.4,3.8,8.0,0.0,1
6104,6,1.928703703703704,418.1666666666667,463.3333333333333,1.1666666666666667,0.8333333333333334,0.0,1
6110,10,2.671428571428572,376.0,477.2,0.4,2.1,0.0,1
6114,17,5.958459024635495,572.2941176470588,531.4705882352941,10.117647058823527,3.764705882352941,0.0,1
6115,14,5.015305329591044,426.0,413.5,3.2142857142857144,1.2857142857142858,0.0,1
6116,13,5.197416472416473,527.6923076923077,517.9230769230769,4.384615384615385,5.0,0.0,1
6117,17,3.342862237774366,308.4117647058824,280.7058823529412,2.3529411764705883,4.764705882352941,0.0,1
6122,35,2.9161010814582244,527.3714285714286,543.2,2.771428571428572,3.085714285714286,0.0285714285714285,0
6123,8,3.252271303258145,467.375,449.875,0.875,4.25,0.125,0
6135,13,3.658485958485959,562.8461538461538,587.1538461538462,4.461538461538462,11.76923076923077,0.0,1
6137,20,2.5350765370250663,353.25,409.45,4.05,4.35,0.05,0
6142,13,2.4388235695928,334.3076923076923,356.2307692307692,0.2307692307692307,1.3846153846153846,0.0,1
6151,6,2.495959595959596,375.3333333333333,431.0,0.0,0.0,0.0,1
6154,5,7.15079365079365,671.6,650.2,0.6,1.0,0.0,1
6156,8,4.320089285714285,569.375,517.75,0.25,3.75,0.0,1
6159,7,2.7230507587650443,612.2857142857143,548.8571428571429,0.5714285714285714,3.4285714285714284,0.0,1
6162,5,3.408058608058608,428.6,453.2,1.2,4.2,0.0,1
6163,7,1.7864822312190731,396.7142857142857,390.1428571428572,1.1428571428571428,3.142857142857143,0.0,1
6165,6,3.6410714285714287,356.3333333333333,419.6666666666667,0.0,0.0,0.0,1
6166,19,4.685666088297667,522.0526315789474,537.7894736842105,2.473684210526316,1.0,0.0526315789473684,0
6167,11,2.987265764538492,395.09090909090907,455.9090909090909,0.4545454545454545,4.363636363636363,0.0,1
6168,10,2.8213673607094663,451.1,516.3,0.4,4.8,0.0,1
6169,5,3.361428571428571,560.8,576.4,0.2,3.6,0.0,1
6183,23,3.6223100570926654,458.1739130434783,495.7391304347826,0.4782608695652174,0.8695652173913043,0.0,1
6200,9,1.8760676944887476,322.77777777777777,357.0,0.0,0.0,0.0,1
6209,5,2.1764568764568764,376.2,408.2,0.6,1.2,0.0,1
6221,7,1.4093228200371055,321.85714285714283,333.7142857142857,4.571428571428571,2.857142857142857,0.0,1
6222,9,3.513105413105413,388.77777777777777,385.1111111111111,3.111111111111111,2.0,0.0,1
6223,10,2.535220057720058,473.8,459.6,0.3,1.6,0.0,1
6231,5,1.8390459540459536,373.2,399.0,0.0,0.0,0.0,1
6233,9,3.6982973816307143,329.0,378.3333333333333,1.2222222222222223,3.111111111111111,0.0,1
6244,5,3.0219047619047616,559.4,605.6,0.4,2.0,0.0,1
6257,7,1.8478327228327227,272.1428571428572,298.57142857142856,2.7142857142857144,6.857142857142857,0.0,1
6258,7,3.068589743589744,477.8571428571428,530.0,1.8571428571428568,1.7142857142857142,0.0,1
6259,5,2.9375,394.0,466.8,2.0,4.2,0.0,1
6270,5,3.06,439.6,416.6,0.6,5.6,0.0,1
6271,27,4.963562158006602,493.5185185185185,524.2962962962963,1.8148148148148149,4.888888888888889,0.037037037037037,0
6287,8,3.105208333333333,339.5,394.0,0.25,0.875,0.0,1
6288,5,2.315873015873016,374.6,368.6,1.2,1.2,0.0,1
6298,5,3.583461538461539,310.2,337.6,0.0,0.0,0.0,1
6299,6,4.787878787878788,438.8333333333333,485.8333333333333,0.0,0.0,0.0,1
6313,10,3.086336996336996,518.1,548.4,2.9,2.4,0.0,1
6314,8,3.9672619047619047,363.25,392.125,0.625,5.5,0.0,1
6315,11,3.354843893480257,337.72727272727275,364.45454545454544,0.1818181818181818,2.727272727272727,0.0,1
6316,12,3.058549783549784,467.1666666666667,493.3333333333333,0.4166666666666667,7.0,0.0,1
6327,5,5.801035353535354,574.8,601.4,0.0,0.0,0.0,1
6332,5,2.0172222222222222,390.4,459.4,0.0,0.0,0.2,0
6342,6,2.216161616161616,398.0,346.1666666666667,6.833333333333333,8.0,0.1666666666666666,0
6349,10,5.198055555555555,585.5,531.7,0.9,4.5,0.1,0
6371,5,5.430952380952381,620.6,614.0,10.4,5.6,0.0,1
6376,5,2.193861693861694,441.6,482.4,0.4,1.6,0.0,1
6384,5,2.926251526251526,478.0,531.2,3.8,6.4,0.0,1
6389,8,1.4930689102564103,334.0,377.125,0.5,4.875,0.0,1
6393,12,2.5704665704665706,487.0833333333333,522.4166666666666,2.6666666666666665,12.916666666666666,0.0,1
6396,5,2.5752380952380958,432.6,413.8,0.6,1.0,0.0,1
6402,11,3.6231129981129984,464.7272727272728,452.6363636363636,0.5454545454545454,1.5454545454545454,0.0909090909090909,0
6404,6,2.2386557886557887,427.8333333333333,385.1666666666667,0.3333333333333333,2.5,0.0,1
6423,8,3.1196969696969696,439.125,477.875,0.25,2.0,0.0,1
6424,8,3.1379734848484846,386.75,438.375,1.0,3.375,0.0,1
6433,18,3.029802604802605,362.3888888888889,392.3888888888889,0.6111111111111112,1.5555555555555556,0.0,1
6437,5,4.313852813852813,373.2,423.8,5.4,4.0,0.0,1
6459,20,2.509353154155786,381.85,415.5,2.9,4.8,0.1,0
6463,11,2.4708472083472084,385.3636363636364,482.1818181818182,10.0,8.181818181818182,0.0,1
6464,28,2.8311007998770603,427.4642857142857,437.9642857142857,0.0357142857142857,0.2857142857142857,0.0,1
6475,18,2.130330027633949,373.1666666666667,413.8333333333333,0.3333333333333333,3.333333333333333,0.0,1
6481,18,5.401278659611993,575.6111111111111,576.5555555555555,1.9444444444444444,3.611111111111111,0.0,1
6482,5,2.065844155844156,411.2,504.0,0.8,3.6,0.0,1
6500,9,2.8935706269039603,401.55555555555554,438.3333333333333,2.555555555555556,5.333333333333333,0.0,1
6501,10,4.835328282828283,496.0,580.9,1.5,2.5,0.0,1
6507,15,3.1264672364672363,523.5333333333333,536.3333333333334,1.7333333333333334,1.8666666666666667,0.0,1
6508,13,2.3423076923076924,329.6923076923077,345.38461538461536,2.6153846153846154,2.3076923076923075,0.0,1
6514,5,2.890952380952381,432.0,490.8,0.8,1.6,0.0,1
6516,21,4.077154195011338,483.6190476190476,505.57142857142856,1.7142857142857142,8.952380952380953,0.0,1
6526,12,4.707692307692308,368.25,413.3333333333333,0.5833333333333334,4.833333333333333,0.0,1
6534,5,2.21474358974359,399.2,429.8,0.2,0.6,0.0,1
6538,8,2.252474547511312,353.625,371.75,0.875,2.0,0.0,1
6551,54,3.440692861362796,490.64814814814815,502.6851851851852,0.9074074074074074,1.5555555555555556,0.037037037037037,0
6553,5,3.026969696969697,413.4,430.8,0.2,1.0,0.0,1
6554,6,4.8977272727272725,376.8333333333333,417.5,7.333333333333333,0.5,0.0,1
6555,7,2.1107142857142858,317.0,293.85714285714283,1.4285714285714286,1.1428571428571428,0.0,1
6561,6,2.4969696969696966,404.8333333333333,466.6666666666667,0.3333333333333333,0.6666666666666666,0.0,1
6563,7,5.015873015873017,362.0,376.57142857142856,0.8571428571428571,2.857142857142857,0.0,1
6567,7,3.037074829931973,565.8571428571429,552.2857142857143,1.2857142857142858,2.571428571428572,0.2857142857142857,0
6572,23,2.740156582547887,369.0,407.39130434782606,0.9130434782608696,1.608695652173913,0.0434782608695652,0
6577,5,5.373333333333333,561.2,577.0,2.8,3.6,0.0,1
6578,12,2.8495675620675622,375.3333333333333,376.0833333333333,1.5,3.75,0.0,1
6579,15,7.441758981758982,523.2,536.7333333333333,11.266666666666667,6.733333333333333,0.0666666666666666,0
6585,5,2.3972727272727274,280.2,313.2,1.4,6.4,0.0,1
6590,12,2.302460964960965,439.0833333333333,521.8333333333334,0.25,0.3333333333333333,0.0,1
6591,10,5.425753968253969,459.1,540.0,0.7,5.4,0.0,1
6594,15,2.4248774811932705,288.53333333333336,331.3333333333333,0.7333333333333333,4.266666666666667,0.0,1
6600,15,2.5998334780687724,513.7333333333333,544.3333333333334,0.6,0.6,0.0,1
6610,8,4.168181818181818,457.875,440.75,0.875,7.75,0.0,1
6611,10,2.8261904761904764,397.3,438.1,1.5,2.0,0.0,1
6612,5,1.9693362193362196,394.2,399.8,0.2,1.2,0.0,1
6614,7,3.087244897959184,326.1428571428572,324.7142857142857,0.0,0.0,0.0,1
6616,10,1.86517094017094,328.6,347.9,4.3,5.0,0.1,0
6617,6,2.9444444444444446,462.3333333333333,434.6666666666667,2.833333333333333,6.666666666666667,0.0,1
6618,5,2.36952380952381,428.2,456.6,0.6,2.6,0.0,1
6619,8,2.466964285714285,494.125,520.25,0.375,4.0,0.125,0
6642,7,2.475976800976801,413.7142857142857,475.0,1.0,5.0,0.1428571428571428,0
6645,5,2.6074458874458872,473.0,520.0,0.6,5.8,0.2,0
6647,49,4.881962595227901,476.8571428571428,511.8163265306122,1.6122448979591837,3.591836734693877,0.0204081632653061,0
6648,7,1.6694250194250195,378.57142857142856,423.7142857142857,9.285714285714286,3.0,0.0,1
6649,7,3.750865800865801,466.8571428571428,503.57142857142856,1.2857142857142858,0.5714285714285714,0.0,1
6650,9,1.6603174603174604,426.44444444444446,463.3333333333333,0.0,0.0,0.1111111111111111,0
6658,17,5.022788812494695,486.52941176470586,549.5294117647059,0.7647058823529411,0.5294117647058824,0.0,1
6659,11,3.232372930100203,357.3636363636364,419.54545454545456,0.6363636363636364,1.6363636363636365,0.0,1
6665,9,4.348405915072582,485.44444444444446,490.1111111111111,0.2222222222222222,1.2222222222222223,0.0,1
6666,6,2.8166666666666664,281.3333333333333,269.1666666666667,0.0,0.0,0.0,1
6667,6,5.50462962962963,621.0,636.3333333333334,0.0,0.0,0.0,1
6668,10,2.770238095238095,369.4,398.2,0.2,0.8,0.0,1
6669,7,4.452308802308802,399.57142857142856,368.1428571428572,0.2857142857142857,1.1428571428571428,0.0,1
6673,6,2.9665103415103413,399.8333333333333,411.0,2.6666666666666665,4.0,0.0,1
6676,5,2.602943722943723,362.8,347.8,1.0,4.0,0.0,1
6677,11,4.2811348781937015,509.1818181818182,587.8181818181819,0.1818181818181818,1.3636363636363635,0.0,1
6679,14,2.961956297670583,361.57142857142856,382.9285714285714,4.857142857142857,5.785714285714286,0.0,1
6680,6,2.000937950937951,319.0,380.6666666666667,0.3333333333333333,3.0,0.1666666666666666,0
6681,6,1.2634920634920634,314.6666666666667,326.0,0.0,0.0,0.0,1
6685,5,4.034920634920635,503.6,599.2,0.2,1.6,0.0,1
6696,5,4.846666666666667,349.2,310.6,3.0,6.4,0.2,0
6703,6,3.636309523809524,380.1666666666667,398.5,0.6666666666666666,1.0,0.0,1
6704,8,4.994642857142857,543.0,521.625,3.75,1.75,0.0,1
6711,6,2.265873015873016,479.5,537.3333333333334,0.1666666666666666,0.6666666666666666,0.0,1
6714,5,1.7866300366300365,456.2,468.0,1.4,6.0,0.0,1
6721,5,3.965367965367965,492.8,521.6,0.0,0.0,0.0,1
6729,37,2.7396283146283147,558.8378378378378,585.918918918919,4.45945945945946,3.72972972972973,0.081081081081081,0
6731,7,2.0764172335600906,460.4285714285714,441.57142857142856,10.285714285714286,5.0,0.0,1
6734,7,4.318078746650175,441.0,416.7142857142857,0.4285714285714285,2.0,0.0,1
6736,5,1.7825396825396826,325.6,348.2,0.6,2.2,0.0,1
6737,9,5.558333333333334,460.3333333333333,486.55555555555554,1.4444444444444444,2.6666666666666665,0.0,1
6745,11,1.868473950292132,552.9090909090909,575.5454545454545,0.6363636363636364,4.090909090909091,0.0,1
6753,7,2.759410430839002,373.4285714285714,424.57142857142856,4.0,6.285714285714286,0.0,1
6764,19,2.457799643596857,357.57894736842104,392.42105263157896,2.3684210526315788,11.052631578947368,0.0,1
6765,10,2.0224941724941727,322.7,364.7,0.4,0.6,0.0,1
6766,28,3.639053010481582,376.6428571428572,415.8571428571428,1.0357142857142858,1.7142857142857142,0.0,1
6772,14,2.6357993197278917,371.9285714285714,431.2142857142857,1.2857142857142858,0.8571428571428571,0.0,1
6795,6,4.101388888888889,439.1666666666667,475.3333333333333,0.8333333333333334,2.333333333333333,0.0,1
6797,8,2.334514790764791,441.25,452.75,0.875,5.125,0.0,1
6804,6,5.551058201058201,564.8333333333334,583.6666666666666,0.5,3.333333333333333,0.0,1
6805,8,3.95730796980797,380.75,426.125,2.625,2.5,0.0,1
6808,6,3.2503367003367,353.0,356.8333333333333,0.8333333333333334,1.1666666666666667,0.0,1
6809,5,3.736111111111112,458.2,486.0,1.6,2.8,0.2,0
6810,8,2.1667658730158728,295.0,277.875,0.375,1.5,0.0,1
6812,7,2.5986259771974054,481.1428571428572,416.57142857142856,2.0,3.0,0.0,1
6813,7,5.325170068027211,483.1428571428572,486.0,0.1428571428571428,0.2857142857142857,0.0,1
6814,5,2.847985347985348,437.4,459.8,0.0,0.0,0.0,1
6830,6,5.75925925925926,496.5,476.1666666666667,0.0,0.0,0.0,1
6839,7,2.5148090005232864,391.7142857142857,465.0,0.0,0.0,0.0,1
6847,6,4.655270655270655,443.5,483.3333333333333,2.833333333333333,7.333333333333333,0.0,1
6849,7,1.426948051948052,305.1428571428572,322.85714285714283,0.1428571428571428,1.7142857142857142,0.0,1
6850,7,1.5261904761904763,332.57142857142856,359.0,0.4285714285714285,1.1428571428571428,0.0,1
6851,28,3.232596966525538,444.1785714285714,488.82142857142856,1.1071428571428572,2.25,0.0357142857142857,0
6888,7,4.7922902494331066,398.1428571428572,491.1428571428572,0.2857142857142857,2.2857142857142856,0.0,1
6889,15,4.282539867539867,412.3333333333333,454.06666666666666,0.6666666666666666,4.266666666666667,0.0666666666666666,0
6898,5,4.720833333333333,448.8,532.8,0.8,0.8,0.0,1
6899,6,3.9273088023088025,322.1666666666667,367.8333333333333,3.6666666666666665,4.0,0.0,1
6909,10,2.6268414042098254,367.7,427.3,6.6,3.0,0.0,1
6914,14,1.908721064183249,430.4285714285714,465.5,5.857142857142857,7.285714285714286,0.0714285714285714,0
6915,25,2.5602434232434232,369.36,413.88,0.96,3.52,0.0,1
6953,14,3.072102897102897,341.42857142857144,402.57142857142856,3.357142857142857,9.642857142857142,0.0,1
6954,9,4.025925925925926,339.22222222222223,412.22222222222223,4.888888888888889,10.666666666666666,0.1111111111111111,0
6960,13,2.14437455455555,334.6923076923077,350.38461538461536,0.1538461538461538,0.8461538461538461,0.0,1
6963,5,6.710476190476191,482.4,532.6,5.2,6.0,0.0,1
6966,5,2.380952380952381,539.8,561.2,1.6,2.8,0.0,1
6967,6,1.9032407407407408,255.66666666666663,262.5,1.1666666666666667,4.0,0.0,1
6974,26,2.129305416805417,385.0,418.0,0.1153846153846153,0.4615384615384615,0.0384615384615384,0
6981,16,2.3387371309246308,333.4375,350.875,0.9375,3.0,0.0,1
6990,5,1.4273931623931624,282.8,265.8,1.2,0.8,0.2,0
6991,5,3.1514285714285712,477.6,498.4,0.0,0.0,0.2,0
6994,13,2.9074254917372326,408.5384615384616,442.9230769230769,0.3846153846153846,1.8461538461538465,0.0,1
6998,21,1.907955007955008,334.04761904761904,368.8571428571428,2.8095238095238093,3.0,0.0476190476190476,0
7002,29,1.9915036113311972,380.6551724137931,405.13793103448273,1.6551724137931034,3.586206896551724,0.0344827586206896,0
7003,7,2.3328231292517008,425.57142857142856,475.8571428571428,0.0,0.0,0.0,1
7013,5,4.606349206349206,560.0,537.6,0.8,4.0,0.0,1
7014,5,6.857142857142857,802.2,650.4,3.4,3.0,0.0,1
7020,5,2.2857142857142856,428.0,466.4,0.0,0.0,0.0,1
7021,13,4.307326007326007,626.0,531.4615384615385,0.5384615384615384,1.5384615384615383,0.0,1
7040,5,1.3616117216117218,362.2,426.2,1.6,8.4,0.2,0
7041,7,2.246650175221604,339.0,393.57142857142856,1.0,2.571428571428572,0.0,1
7049,7,1.80391156462585,431.4285714285714,410.7142857142857,0.4285714285714285,2.2857142857142856,0.0,1
7051,7,2.1500483643340784,340.7142857142857,380.8571428571428,0.2857142857142857,1.4285714285714286,0.0,1
7065,14,6.472763347763348,673.2857142857143,646.7857142857143,0.2142857142857142,1.0714285714285714,0.1428571428571428,0
7083,15,2.669984274984275,361.8,446.9333333333333,1.8,5.666666666666667,0.0666666666666666,0
7084,5,3.5409090909090906,521.2,575.0,3.4,0.4,0.0,1
7086,8,2.5146520146520146,343.75,325.125,0.875,7.75,0.0,1
7098,11,2.687377016922472,377.3636363636364,421.1818181818182,0.3636363636363636,1.9090909090909087,0.0,1
7101,5,2.280952380952381,467.0,455.4,0.2,1.0,0.0,1
7110,6,2.8472222222222228,483.1666666666667,497.6666666666667,6.0,0.6666666666666666,0.0,1
7114,5,2.3836507936507934,473.6,454.2,0.4,0.8,0.0,1
7124,5,1.7942857142857145,277.8,273.2,4.2,6.6,0.0,1
7134,21,2.146730603663377,346.7142857142857,365.95238095238096,0.2857142857142857,1.7142857142857142,0.0,1
7138,22,4.500688200688201,515.4545454545455,545.5454545454545,3.3181818181818183,4.909090909090909,0.0,1
7140,5,4.945665445665446,401.6,399.8,0.6,1.4,0.0,1
7146,5,2.022979797979798,401.4,453.4,0.4,1.0,0.0,1
7148,7,2.632437007437008,345.42857142857144,390.57142857142856,7.428571428571429,3.857142857142857,0.0,1
7150,6,1.3072991822991824,423.6666666666667,435.8333333333333,0.0,0.0,0.0,1
7151,6,1.7012728012728011,367.0,399.8333333333333,0.3333333333333333,1.5,0.0,1
7152,39,2.3530996069457606,386.4871794871795,410.5384615384616,1.2820512820512822,2.0,0.0256410256410256,0
7159,5,5.236666666666666,518.2,576.6,0.8,5.6,0.0,1
7172,5,2.191666666666667,308.6,332.2,1.0,2.0,0.0,1
7177,5,2.1217532467532467,317.0,347.6,0.6,3.6,0.0,1
7178,5,5.560353535353535,506.4,522.2,0.0,0.0,0.0,1
7179,5,7.866666666666665,496.0,551.2,1.2,2.0,0.0,1
7204,9,2.989081289081289,555.8888888888889,525.6666666666666,6.0,3.0,0.0,1
7206,5,3.6822222222222223,579.0,548.8,0.6,0.6,0.0,1
7210,10,3.8418131868131855,292.1,295.6,2.5,10.2,0.1,0
7212,5,3.742307692307692,443.0,502.2,9.4,4.8,0.0,1
7213,5,2.365555555555556,417.8,403.0,0.8,1.0,0.0,1
7226,5,3.0686147186147186,440.8,395.6,0.2,1.4,0.2,0
7228,5,1.5883116883116883,268.6,278.6,0.2,1.6,0.2,0
7229,17,2.618370681605976,393.3529411764706,433.52941176470586,0.0,0.0,0.0,1
7230,12,2.132429335370512,442.0833333333333,521.25,5.75,7.5,0.0,1
7238,5,2.469603174603175,381.6,437.8,1.2,8.0,0.0,1
7253,10,5.132142857142857,470.2,493.8,0.6,1.5,0.0,1
7273,41,3.3931601596235743,391.1463414634146,426.8780487804878,1.2195121951219512,1.170731707317073,0.0,1
7274,8,2.249465811965812,457.375,520.5,2.375,4.0,0.0,1
7277,20,2.807835979380097,444.8,487.55,0.9,5.6,0.05,0
7293,5,3.5845238095238097,417.6,386.4,3.2,0.8,0.0,1
7294,6,2.1849893162393164,292.0,336.8333333333333,2.5,4.5,0.0,1
7301,9,3.22679419346086,486.77777777777777,469.1111111111111,2.6666666666666665,6.222222222222222,0.0,1
7303,7,5.9044479330193615,499.8571428571428,488.7142857142857,2.571428571428572,2.142857142857143,0.0,1
7304,11,3.014069264069264,452.54545454545456,453.45454545454544,0.4545454545454545,2.1818181818181817,0.0,1
7308,6,2.523478835978836,428.6666666666667,461.8333333333333,4.0,5.833333333333333,0.0,1
7322,28,3.692290844076559,522.9285714285714,528.0714285714286,1.3571428571428572,3.0,0.1428571428571428,0
7325,27,2.727755166644056,456.4814814814815,461.7037037037037,0.7777777777777778,1.3333333333333333,0.037037037037037,0
7326,21,2.928807700236272,447.4285714285714,484.57142857142856,0.9523809523809524,1.6666666666666667,0.0952380952380952,0
7338,5,2.561585081585082,384.4,399.2,1.8,2.8,0.0,1
7346,5,3.1547619047619047,598.0,625.4,0.0,0.0,0.0,1
7352,6,2.8468020541549954,443.8333333333333,487.6666666666667,9.333333333333334,1.5,0.0,1
7361,27,2.884453832901545,413.4814814814815,480.0,0.6296296296296297,6.925925925925926,0.037037037037037,0
7363,5,3.59,364.6,374.0,0.8,2.4,0.0,1
7364,7,4.788265306122448,876.8571428571429,651.8571428571429,1.1428571428571428,4.571428571428571,0.0,1
7370,5,3.5516666666666667,476.4,525.8,0.0,0.0,0.0,1
7371,8,1.6263979076479076,386.25,425.0,0.5,2.25,0.0,1
7372,6,3.8607226107226102,345.6666666666667,382.0,2.0,2.5,0.0,1
7377,16,2.6475401334776336,425.9375,462.5625,1.5,4.8125,0.0,1
7381,13,5.551617826617827,527.1538461538462,559.3076923076923,0.4615384615384615,0.6923076923076923,0.0,1
7387,5,1.3702380952380953,323.2,397.4,0.2,1.4,0.0,1
7390,10,1.8565034965034968,439.9,427.6,1.4,3.5,0.0,1
7400,6,1.4634550634550634,439.8333333333333,410.5,0.8333333333333334,5.0,0.0,1
7401,5,2.496153846153846,531.0,463.8,0.0,0.0,0.2,0
7410,7,2.481868131868132,348.1428571428572,343.85714285714283,0.2857142857142857,2.571428571428572,0.0,1
7411,16,1.9023386335886332,357.5625,412.125,0.6875,2.1875,0.0,1
7412,13,2.6544760794760798,471.46153846153845,454.9230769230769,1.6153846153846154,6.153846153846154,0.0,1
7413,18,2.439067259900593,414.8333333333333,406.27777777777777,0.1111111111111111,0.8333333333333334,0.0555555555555555,0
7418,11,3.0149887990797084,406.8181818181818,469.1818181818182,2.1818181818181817,3.8181818181818175,0.0,1
7425,7,7.997330447330447,536.4285714285714,488.57142857142856,4.0,2.142857142857143,0.0,1
7426,23,2.820333623466616,440.4782608695652,441.69565217391306,0.0,0.0,0.0,1
7427,17,1.9759400729988967,383.7058823529412,401.7058823529412,0.3529411764705882,0.9411764705882352,0.0,1
7428,22,2.1330860167758563,283.3636363636364,303.59090909090907,0.2272727272727272,0.9545454545454546,0.0,1
7441,6,2.371957671957672,404.3333333333333,468.8333333333333,0.1666666666666666,1.1666666666666667,0.0,1
7444,14,3.721730055658628,499.6428571428572,519.0714285714286,0.3571428571428571,0.6428571428571429,0.0,1
7450,8,2.6503607503607505,369.125,430.875,0.75,0.25,0.0,1
7452,6,3.863095238095239,626.6666666666666,600.6666666666666,1.5,10.333333333333334,0.1666666666666666,0
7456,13,5.226218226218227,560.7692307692307,542.1538461538462,2.6153846153846154,2.6923076923076925,0.0,1
7458,8,3.89905753968254,450.125,460.0,0.25,1.75,0.0,1
7466,6,1.7124338624338622,345.1666666666667,359.6666666666667,1.0,1.6666666666666667,0.0,1
7473,5,2.3810606060606063,345.2,377.0,1.8,3.6,0.0,1
7487,9,5.062345679012346,477.55555555555554,456.44444444444446,1.6666666666666667,0.6666666666666666,0.0,1
7498,13,6.927869352869353,485.0,515.2307692307693,1.2307692307692308,1.5384615384615383,0.0,1
7503,7,1.895121545121545,330.57142857142856,416.1428571428572,0.1428571428571428,1.0,0.0,1
7504,11,3.0224134185856677,462.27272727272725,480.8181818181818,6.090909090909091,1.4545454545454546,0.0,1
7521,7,4.202380952380952,476.7142857142857,463.57142857142856,2.571428571428572,15.714285714285714,0.1428571428571428,0
7522,5,2.398809523809524,463.8,468.0,0.4,0.6,0.0,1
7523,5,2.281428571428571,459.6,494.0,0.0,0.0,0.2,0
7527,5,4.333968253968254,690.6,726.6,1.6,2.8,0.0,1
7538,12,4.016732804232804,352.6666666666667,386.5833333333333,1.0833333333333333,2.083333333333333,0.0,1
7559,6,3.8550084175084174,446.8333333333333,474.1666666666667,0.1666666666666666,2.1666666666666665,0.0,1
7565,25,3.4021694971694973,492.12,541.12,1.56,1.68,0.0,1
7588,13,1.921250240987083,383.2307692307692,428.3076923076923,1.1538461538461535,8.076923076923077,0.0,1
7593,7,3.4936507936507937,411.1428571428572,493.2857142857143,3.857142857142857,8.571428571428571,0.0,1
7596,16,2.513246302308802,389.0625,438.375,0.75,1.25,0.0,1
7598,7,4.122619047619048,442.8571428571428,471.4285714285714,3.857142857142857,15.0,0.0,1
7615,10,1.889736652236652,291.5,288.8,1.7,4.4,0.0,1
7623,5,4.92,641.8,654.4,0.6,2.4,0.0,1
7634,5,2.674125874125874,501.8,542.2,0.8,4.8,0.0,1
7636,16,3.779130591630592,462.4375,494.0625,0.5,1.5,0.0,1
7637,8,3.2107177544677543,410.25,402.25,0.25,1.25,0.0,1
7640,5,1.5758333333333332,306.4,343.6,0.0,0.0,0.0,1
7645,6,1.5819250194250192,336.5,370.0,2.6666666666666665,3.333333333333333,0.0,1
7647,26,2.1299658674658675,402.84615384615387,428.34615384615387,2.9615384615384617,8.923076923076923,0.0769230769230769,0
7648,18,3.598456790123457,562.2222222222222,503.8333333333333,0.4444444444444444,1.3333333333333333,0.0,1
7651,24,2.595299750630633,454.0833333333333,472.5833333333333,0.4166666666666667,1.5,0.0416666666666666,0
7662,15,5.1503703703703705,379.53333333333336,421.53333333333336,0.6,2.1333333333333333,0.0,1
7665,9,3.14702581369248,375.3333333333333,416.1111111111111,0.5555555555555556,4.444444444444445,0.0,1
7670,23,1.9044419348767172,359.5217391304348,418.7826086956522,1.565217391304348,4.3478260869565215,0.0,1
7681,9,4.786772486772487,519.1111111111111,556.4444444444445,0.0,0.0,0.0,1
7691,10,4.581593406593407,362.8,387.3,0.0,0.0,0.0,1
7692,10,3.462222222222222,558.2,533.6,0.9,1.2,0.0,1
7695,5,7.657539682539682,492.0,499.8,0.0,0.0,0.0,1
7696,7,2.7342403628117915,327.42857142857144,324.7142857142857,0.2857142857142857,0.2857142857142857,0.1428571428571428,0
7697,6,3.876602564102564,357.0,404.0,0.1666666666666666,0.8333333333333334,0.0,1
7706,23,4.171861471861472,465.0,493.9565217391304,0.0869565217391304,0.3478260869565217,0.0,1
7714,7,2.9564935064935063,324.0,358.1428571428572,5.714285714285714,8.0,0.0,1
7721,8,2.6030563186813187,424.5,433.125,2.75,5.0,0.25,0
7729,12,2.350318941679236,414.8333333333333,461.0833333333333,0.4166666666666667,2.833333333333333,0.0,1
7730,10,4.073626373626373,538.6,622.3,0.0,0.0,0.0,1
7737,11,2.89004329004329,440.7272727272728,463.45454545454544,3.727272727272727,2.1818181818181817,0.0,1
7784,17,4.762348272642391,532.7058823529412,524.0,0.4117647058823529,1.1764705882352942,0.0,1
7785,18,3.0745939427311977,320.22222222222223,340.05555555555554,1.8333333333333333,1.7777777777777777,0.0,1
7791,15,3.5617623117623114,531.9333333333333,533.6,1.0,2.933333333333333,0.0666666666666666,0
7792,42,2.1980053637616663,393.45238095238096,408.9761904761905,2.333333333333333,2.2142857142857144,0.0714285714285714,0
7797,6,1.942550505050505,340.6666666666667,359.6666666666667,0.0,0.0,0.0,1
7798,7,4.68265306122449,442.2857142857143,490.8571428571428,0.0,0.0,0.0,1
7800,6,2.973178673178673,560.0,585.5,4.5,3.333333333333333,0.0,1
7804,12,2.202607115107115,413.5833333333333,415.0833333333333,0.1666666666666666,1.5,0.0833333333333333,0
7807,20,2.901613455988456,350.05,377.0,0.8,2.4,0.0,1
7824,5,4.3475,359.0,383.4,0.0,0.0,0.0,1
7825,5,2.3709890109890117,448.4,483.0,3.2,4.2,0.0,1
7828,6,1.8373015873015872,374.6666666666667,410.3333333333333,0.0,0.0,0.0,1
7832,8,5.052777777777778,496.0,510.625,0.5,2.0,0.25,0
7833,6,2.942063492063492,356.6666666666667,350.0,2.0,1.5,0.0,1
7834,8,2.069669913419913,430.875,448.25,1.875,0.625,0.0,1
7839,16,4.579314435564435,458.5,506.5625,1.875,2.0625,0.0625,0
7840,11,2.061384448884449,336.54545454545456,367.3636363636364,0.3636363636363636,3.8181818181818175,0.0909090909090909,0
7845,12,3.015224358974359,324.8333333333333,352.4166666666667,0.4166666666666667,5.916666666666667,0.0,1
7857,7,3.003607503607504,344.1428571428572,336.57142857142856,1.1428571428571428,3.857142857142857,0.0,1
7863,11,8.673376623376624,646.0,588.0909090909091,8.727272727272727,5.2727272727272725,0.0,1
7864,16,4.089187548562549,437.0625,401.0625,7.5,4.114130434782608,0.0,1
7865,18,4.7885582010582,386.05555555555554,428.44444444444446,2.7222222222222223,2.7777777777777777,0.0,1
7872,11,4.199517906336088,470.7272727272728,544.4545454545455,0.1818181818181818,1.0909090909090908,0.0,1
7875,5,3.1104978354978354,358.0,388.8,1.6,1.2,0.0,1
7876,5,2.961688311688312,566.8,612.0,3.8,9.2,0.0,1
7878,9,1.5891414141414142,359.22222222222223,414.8888888888889,3.6666666666666665,1.3333333333333333,0.0,1
7884,13,3.0905788655788653,479.9230769230769,535.8461538461538,0.0,0.0,0.0,1
7893,7,4.546825396825397,525.0,557.2857142857143,0.1428571428571428,1.1428571428571428,0.0,1
7915,6,3.118055555555556,468.6666666666667,495.5,1.6666666666666667,2.5,0.0,1
7918,5,2.3261904761904764,577.0,549.2,0.0,0.0,0.0,1
7919,12,3.643116605616605,535.4166666666666,521.25,0.4166666666666667,2.0,0.0,1
7921,7,4.84047619047619,624.4285714285714,613.1428571428571,0.0,0.0,0.0,1
7931,10,2.7636752136752136,373.0,424.7,5.6,2.8,0.0,1
7932,10,2.3306818181818185,319.0,365.9,0.1,1.0,0.1,0
7933,5,5.82,446.0,476.8,0.0,0.0,0.0,1
7934,5,1.8165834165834167,294.4,345.8,0.0,0.0,0.0,1
7951,20,4.874484126984127,536.95,599.3,0.3,3.4,0.05,0
7962,7,1.2673665620094192,395.0,392.0,4.428571428571429,3.571428571428572,0.0,1
7988,20,2.2948043403964453,416.35,486.7,5.1,7.2,0.0,1
8000,5,2.5344444444444445,324.0,427.6,4.2,4.0,0.0,1
8012,22,4.496554329508875,525.7272727272727,524.9090909090909,0.1363636363636363,0.1818181818181818,0.0454545454545454,0
8013,24,2.838261507011507,368.0,413.0416666666667,0.5833333333333334,2.333333333333333,0.0,1
8023,10,3.493611111111111,365.2,421.0,0.8,3.6,0.1,0
8024,14,6.462670068027211,606.2857142857143,619.7142857142857,0.2857142857142857,0.4285714285714285,0.0,1
8038,7,3.3445114409400127,387.57142857142856,376.8571428571428,0.7142857142857143,0.8571428571428571,0.0,1
8044,23,4.069598396772309,498.0434782608696,482.2608695652174,4.304347826086956,7.3478260869565215,0.1304347826086956,0
8047,10,4.095213675213675,506.2,501.7,0.7,3.7,0.2,0
8051,9,1.8668134983924456,273.3333333333333,308.44444444444446,0.6666666666666666,4.666666666666667,0.0,1
8052,18,4.626036155202822,390.44444444444446,457.5,1.3333333333333333,1.9444444444444444,0.0,1
8054,13,2.012873796971201,341.53846153846155,417.0769230769231,7.461538461538462,11.076923076923077,0.0,1
8060,14,1.297789570373604,293.35714285714283,290.0,1.2857142857142858,2.0,0.0,1
8073,7,7.124675324675325,396.8571428571428,462.2857142857143,0.0,0.0,0.0,1
8075,11,2.403253312344221,325.0,369.7272727272728,1.2727272727272727,4.0,0.0909090909090909,0
8097,6,5.317340067340068,487.3333333333333,545.0,3.333333333333333,6.666666666666667,0.0,1
8099,7,5.664115646258503,613.7142857142857,688.8571428571429,0.8571428571428571,6.0,0.0,1
8101,42,4.114846529132244,482.0238095238095,488.1666666666667,2.7857142857142856,1.4285714285714286,0.0714285714285714,0
8108,8,1.4644404960981048,323.375,352.0,2.75,19.375,0.0,1
8109,6,3.428373015873016,719.3333333333334,592.1666666666666,4.333333333333333,6.0,0.0,1
8115,12,4.887626262626262,418.0833333333333,491.6666666666667,1.6666666666666667,5.5,0.0,1
8116,7,4.636054421768708,515.5714285714286,527.0,0.8571428571428571,1.1428571428571428,0.0,1
8128,16,2.151218089293747,406.625,457.25,0.75,2.8125,0.0,1
8134,6,2.449404761904762,496.6666666666667,515.5,1.5,6.666666666666667,0.0,1
8139,7,1.6966902145473577,526.7142857142857,507.8571428571428,10.285714285714286,12.0,0.0,1
8149,27,2.796231494842606,361.5185185185185,418.44444444444446,0.2592592592592592,1.2222222222222223,0.037037037037037,0
8153,19,1.912786398870805,430.3157894736842,463.8421052631579,3.0,3.3157894736842106,0.0526315789473684,0
8162,16,4.191021825396826,401.4375,473.8125,0.0,0.0,0.0,1
8163,11,3.1176282051282054,419.1818181818182,452.27272727272725,1.0,4.363636363636363,0.0,1
8179,6,3.6813205585264406,498.0,572.8333333333334,1.5,1.5,0.0,1
8182,22,4.285335497835498,422.0,490.45454545454544,0.8636363636363636,2.4545454545454546,0.0,1
8185,5,2.8396103896103897,456.6,487.0,3.8,8.8,0.0,1
8196,8,4.298611111111111,647.75,568.0,0.875,1.875,0.0,1
8214,9,4.341402116402117,415.3333333333333,396.8888888888889,0.4444444444444444,4.555555555555555,0.0,1
8217,7,8.274080086580087,615.5714285714286,620.7142857142857,0.8571428571428571,5.571428571428571,0.1428571428571428,0
8218,5,2.1409523809523807,426.6,426.2,1.0,1.6,0.0,1
8219,15,2.0243216478510595,331.2,355.6,0.7333333333333333,4.666666666666667,0.0,1
8224,8,1.9453823953823952,335.375,387.5,0.25,0.5,0.0,1
8234,5,2.0085714285714285,321.2,369.4,1.2,3.6,0.0,1
8250,6,0.8267195767195767,283.8333333333333,279.5,1.8333333333333333,1.1666666666666667,0.1666666666666666,0
8252,10,4.052770562770563,558.0,593.5,3.2,2.2,0.1,0
8254,12,4.084621628371628,448.3333333333333,507.8333333333333,2.25,6.5,0.0,1
8258,12,2.7273902023902026,346.3333333333333,369.6666666666667,0.3333333333333333,3.0,0.0,1
8259,18,2.9038903997237333,553.0555555555555,562.7222222222222,0.4444444444444444,0.6666666666666666,0.0,1
8260,6,2.7107549857549853,442.8333333333333,475.1666666666667,0.1666666666666666,1.0,0.0,1
8261,5,3.692237762237762,593.6,596.8,3.8,4.4,0.0,1
8263,7,3.17936507936508,434.7142857142857,442.0,1.2857142857142858,2.2857142857142856,0.2857142857142857,0
8264,6,2.162026862026862,366.1666666666667,373.5,9.833333333333334,8.666666666666666,0.0,1
8267,20,3.2800065212565217,385.1,461.65,5.1,5.4,0.1,0
8273,5,3.5545959595959595,507.8,568.2,0.4,0.8,0.0,1
8274,12,2.513294548588666,392.25,401.75,1.75,3.9166666666666665,0.0833333333333333,0
8286,9,9.9168430335097,516.6666666666666,574.0,0.3333333333333333,0.7777777777777778,0.0,1
8287,8,4.178769841269841,337.125,426.25,1.625,0.75,0.0,1
8296,8,5.572916666666666,613.5,627.875,2.125,2.5,0.0,1
8297,16,2.3961805555555555,300.1875,308.875,0.9375,3.125,0.0,1
8298,16,4.581063988095238,485.5,500.6875,0.125,0.375,0.0,1
8303,10,2.5452625152625155,383.8,488.1,1.1,2.4,0.0,1
8310,6,2.4206349206349205,417.8333333333333,451.6666666666667,1.1666666666666667,3.5,0.0,1
8323,5,0.6930555555555555,360.0,341.0,0.0,0.0,0.0,1
8351,18,3.514520818687485,446.0,479.8333333333333,0.5,1.5555555555555556,0.0,1
8353,5,3.275714285714286,498.2,464.8,0.0,0.0,0.0,1
8354,6,1.901515151515152,375.8333333333333,429.0,1.1666666666666667,1.1666666666666667,0.0,1
8371,6,1.8198051948051948,314.1666666666667,331.6666666666667,7.333333333333333,12.5,0.0,1
8372,7,1.8251272536986825,336.1428571428572,367.1428571428572,0.4285714285714285,1.8571428571428568,0.0,1
8379,7,3.071248196248196,430.2857142857143,486.7142857142857,0.1428571428571428,1.1428571428571428,0.0,1
8394,13,2.329641192141192,478.1538461538461,518.7692307692307,0.1538461538461538,0.6923076923076923,0.0,1
8395,9,1.248233118408557,254.33333333333331,276.0,0.5555555555555556,1.3333333333333333,0.0,1
8405,9,8.918518518518518,554.1111111111111,568.7777777777778,0.7777777777777778,0.8888888888888888,0.0,1
8406,6,3.636507936507937,378.5,406.0,0.0,0.0,0.0,1
8407,5,4.350238095238096,551.2,552.8,0.4,1.0,0.0,1
8411,19,5.771616541353384,459.0,495.578947368421,0.1578947368421052,1.368421052631579,0.0,1
8423,26,6.700455100455101,364.0769230769231,469.0384615384616,1.8846153846153848,3.5,0.0,1
8425,5,2.2606060606060607,398.0,358.2,0.8,1.8,0.0,1
8430,7,2.68538961038961,369.57142857142856,387.8571428571428,1.1428571428571428,2.0,0.0,1
8431,6,1.710648148148148,434.1666666666667,463.1666666666667,0.0,0.0,0.0,1
8437,9,2.314197530864197,426.3333333333333,456.55555555555554,0.8888888888888888,6.222222222222222,0.0,1
8448,9,3.6867283950617287,514.8888888888889,501.0,1.0,3.7777777777777777,0.0,1
8451,6,1.9093584656084657,408.1666666666667,478.3333333333333,30.33333333333333,12.0,0.1666666666666666,0
8453,6,3.202777777777777,459.6666666666667,537.5,0.3333333333333333,4.333333333333333,0.1666666666666666,0
8463,6,2.8556878306878306,490.1666666666667,480.6666666666667,2.333333333333333,5.166666666666667,0.1666666666666666,0
8467,11,1.9617049617049616,376.54545454545456,401.27272727272725,1.0,3.272727272727273,0.0909090909090909,0
8468,20,2.625039478495361,391.3,436.8,1.25,3.4,0.0,1
8486,17,5.714927800957213,473.4705882352941,543.3529411764706,0.4705882352941176,3.5294117647058822,0.0,1
8494,8,2.6034933816183816,494.5,492.75,0.875,1.5,0.0,1
8499,9,1.8159419284419285,322.22222222222223,327.6666666666667,0.2222222222222222,0.8888888888888888,0.0,1
8500,21,4.940154950869236,413.95238095238096,478.1428571428572,2.238095238095238,1.7142857142857142,0.0,1
8519,8,3.8751488095238096,390.875,403.75,0.875,1.75,0.0,1
8520,15,2.370743145743146,349.8,409.06666666666666,2.7333333333333334,2.4,0.0,1
8521,10,3.893174603174603,435.9,519.3,1.8,3.6,0.1,0
8524,9,5.338888888888889,477.22222222222223,478.55555555555554,0.2222222222222222,0.6666666666666666,0.0,1
8527,5,3.6366666666666663,446.0,460.0,4.2,2.8,0.0,1
8533,6,2.3877289377289377,355.1666666666667,403.3333333333333,0.1666666666666666,0.6666666666666666,0.0,1
8535,42,2.745690751047894,432.8333333333333,480.07142857142856,0.6666666666666666,3.0476190476190474,0.0,1
8537,11,5.136363636363637,498.3636363636364,523.3636363636364,0.8181818181818182,2.272727272727273,0.0,1
8538,9,3.406746031746032,421.55555555555554,451.55555555555554,14.77777777777778,8.0,0.0,1
8541,5,1.441794871794872,270.4,281.6,2.2,2.4,0.0,1
8544,25,2.287212842712843,323.4,315.44,0.16,0.48,0.08,0
8549,18,2.750126648043315,455.8333333333333,487.1111111111111,1.5555555555555556,4.666666666666667,0.0555555555555555,0
8558,5,1.9,289.6,337.6,0.6,4.4,0.0,1
8567,12,3.50625,429.3333333333333,466.8333333333333,3.6666666666666665,3.5,0.0,1
8576,18,2.9875220458553797,322.3333333333333,349.27777777777777,1.4444444444444444,1.1666666666666667,0.0,1
8590,39,2.268945868945869,478.12820512820514,517.3333333333334,4.0256410256410255,8.205128205128204,0.0,1
8603,7,2.6192743764172337,560.2857142857143,622.2857142857143,0.4285714285714285,2.142857142857143,0.0,1
8607,11,2.503616837707747,492.27272727272725,597.5454545454545,1.181818181818182,1.0909090909090908,0.0,1
8611,11,4.101626151626152,406.45454545454544,438.9090909090909,1.2727272727272727,1.3636363636363635,0.0,1
8615,8,3.3380952380952382,526.75,545.875,0.0,0.0,0.0,1
8616,10,3.312619047619047,322.3,375.7,0.7,5.0,0.0,1
8619,5,2.2,364.8,402.6,0.0,0.0,0.0,1
8635,20,2.2486846925004818,295.5,338.05,1.95,7.2,0.0,1
8639,5,1.6435897435897435,454.0,435.2,1.0,7.2,0.2,0
8650,17,2.114802517743694,286.11764705882354,298.7058823529412,0.0588235294117647,0.4705882352941176,0.0,1
8657,12,1.5716644466644467,307.3333333333333,274.1666666666667,3.25,1.5,0.0,1
8658,17,2.9286690433749256,483.0,475.05882352941177,0.9411764705882352,3.5294117647058822,0.0588235294117647,0
8660,5,1.4011544011544013,337.6,359.8,2.0,5.6,0.0,1
8661,8,2.4610795454545453,546.75,522.875,9.375,3.0,0.0,1
8663,7,2.767192331478046,399.1428571428572,467.0,0.5714285714285714,5.142857142857143,0.0,1
8664,6,3.9077380952380953,408.1666666666667,415.0,0.0,0.0,0.0,1
8666,19,3.919089244089244,476.7368421052632,537.2105263157895,0.1578947368421052,1.105263157894737,0.0526315789473684,0
8676,11,4.25,425.7272727272728,515.3636363636364,1.4545454545454546,5.2727272727272725,0.0,1
8696,8,4.104971590909091,575.0,598.75,1.75,3.375,0.0,1
8697,5,1.7584992784992786,312.6,362.2,0.4,0.6,0.0,1
8705,6,2.716666666666667,411.6666666666667,466.5,0.3333333333333333,1.3333333333333333,0.0,1
8707,5,3.105204678362573,419.2,481.4,0.0,0.0,0.0,1
8713,8,5.66735347985348,422.375,462.375,0.0,0.0,0.0,1
8714,6,1.5651122026122026,305.1666666666667,337.3333333333333,0.0,0.0,0.0,1
8720,43,2.5443733648932008,387.5581395348837,412.5813953488372,2.7906976744186047,3.8372093023255816,0.0465116279069767,0
8724,13,4.984829059829059,670.3846153846154,634.6923076923077,1.5384615384615383,3.076923076923077,0.0,1
8727,5,2.099450549450549,339.2,296.4,0.8,4.6,0.0,1
8736,10,1.5037337662337662,272.9,249.7,6.4,7.4,0.0,1
8737,11,2.6519465383101744,399.6363636363636,403.9090909090909,0.6363636363636364,3.636363636363636,0.0,1
8756,21,4.09755291005291,480.7619047619048,512.8095238095239,4.142857142857143,1.1428571428571428,0.0476190476190476,0
8770,27,4.581031931031931,529.8518518518518,554.925925925926,1.8148148148148149,3.3703703703703702,0.0,1
8771,15,2.391515151515152,285.0,353.8666666666667,0.0666666666666666,0.9333333333333332,0.0,1
8774,6,5.581570512820512,379.0,432.8333333333333,1.6666666666666667,2.6666666666666665,0.0,1
8775,22,2.9040989313716588,409.5,467.3181818181818,1.9545454545454544,4.636363636363637,0.0909090909090909,0
8782,8,2.2309443115364167,443.0,498.5,1.125,2.625,0.0,1
8783,17,11.1367901706137,582.4117647058823,637.7058823529412,1.588235294117647,7.411764705882353,0.0588235294117647,0
8786,5,1.2771428571428571,303.4,320.0,6.8,9.0,0.0,1
8798,5,1.6815384615384616,351.8,386.8,0.0,0.0,0.0,1
8810,15,4.614920634920635,435.06666666666666,488.4666666666666,0.4666666666666667,2.4,0.0,1
8821,5,3.508333333333333,390.0,465.0,5.0,6.0,0.0,1
8834,5,2.63,302.2,285.8,0.0,0.0,0.0,1
8836,17,1.6268406430171136,362.4117647058824,392.05882352941177,1.6470588235294117,5.117647058823529,0.0588235294117647,0
8839,10,2.763203463203463,427.5,436.0,3.6,3.0,0.0,1
8845,8,2.338537157287157,372.125,363.0,2.875,1.0,0.0,1
8848,35,3.479067202638632,471.3428571428572,493.1714285714286,1.5142857142857142,1.9142857142857144,0.0285714285714285,0
8849,22,3.6767217630854,323.6818181818182,376.04545454545456,0.5909090909090909,1.7272727272727273,0.0,1
8850,18,3.476056505223172,491.1111111111111,501.05555555555554,0.2777777777777778,1.3333333333333333,0.0,1
8854,7,2.2868274582560297,364.57142857142856,361.2857142857143,0.0,0.0,0.0,1
8856,10,2.843956043956044,419.5,432.4,1.1,8.0,0.0,1
8863,26,2.947827599750677,449.9230769230769,507.4230769230769,0.8076923076923077,2.8076923076923075,0.0,1
8869,9,4.766642616642617,507.8888888888889,603.6666666666666,5.222222222222222,3.0,0.0,1
8874,5,1.9453846153846155,326.6,339.4,4.4,7.2,0.0,1
8889,8,2.755208333333333,442.0,492.0,0.5,2.625,0.0,1
8895,9,3.6580641580641577,476.6666666666667,489.0,1.3333333333333333,2.6666666666666665,0.0,1
8896,8,3.349950396825397,425.75,468.625,0.25,1.25,0.125,0
8897,7,3.36281179138322,289.0,279.1428571428572,0.8571428571428571,2.571428571428572,0.0,1
8898,5,4.059523809523809,556.6,579.4,1.4,1.6,0.0,1
8899,6,1.677988677988678,341.0,368.5,0.0,0.0,0.0,1
8910,6,5.260622710622711,733.3333333333334,662.8333333333334,0.6666666666666666,3.0,0.0,1
8911,10,2.609659090909091,385.9,415.5,0.1,0.5,0.0,1
8912,9,2.365347923681257,415.22222222222223,428.8888888888889,0.2222222222222222,5.444444444444445,0.1111111111111111,0
8913,5,2.1862337662337663,385.8,444.6,0.2,1.8,0.0,1
8921,5,1.234453781512605,292.2,297.4,0.0,0.0,0.0,1
8938,5,1.8883100233100236,508.0,472.8,1.6,2.6,0.0,1
8947,13,2.959190382267306,363.1538461538461,422.61538461538464,7.6923076923076925,5.538461538461538,0.0,1
8948,5,2.9616161616161616,454.8,471.6,0.6,2.8,0.2,0
8953,15,2.797251452251452,428.0,465.9333333333333,3.4,4.8,0.0666666666666666,0
8970,16,2.0191797785547787,399.8125,444.25,0.25,1.6875,0.0,1
8971,29,3.345511385166557,387.7241379310345,450.6896551724138,0.6551724137931034,5.689655172413793,0.0689655172413793,0
8976,11,2.5650318979266347,407.54545454545456,445.27272727272725,1.181818181818182,0.9090909090909092,0.0,1
8977,6,1.486111111111111,341.6666666666667,397.3333333333333,0.5,0.6666666666666666,0.0,1
8978,7,2.8770975056689343,474.1428571428572,448.57142857142856,1.7142857142857142,1.7142857142857142,0.0,1
8981,8,3.294230769230769,568.75,579.25,2.625,1.5,0.0,1
8982,19,3.4268600422625197,650.6315789473684,581.9473684210526,0.2105263157894736,1.736842105263158,0.0526315789473684,0
8983,8,4.759027777777778,437.0,406.5,1.625,1.5,0.125,0
8985,34,2.5287930207047857,358.1764705882353,358.1470588235294,0.088235294117647,0.5294117647058824,0.0588235294117647,0
8989,12,2.934296028046028,490.5,528.4166666666666,0.5,1.9166666666666667,0.0,1
8994,5,2.2397619047619046,376.6,394.8,0.0,0.0,0.0,1
8997,7,1.298469387755102,378.8571428571428,381.0,1.4285714285714286,2.0,0.1428571428571428,0
8998,5,3.4546031746031742,504.0,466.8,0.0,0.0,0.2,0
8999,5,2.0047619047619047,375.2,422.4,0.2,1.6,0.4,0
9007,6,3.251443001443002,423.6666666666667,447.5,0.0,0.0,0.0,1
9008,5,1.44988344988345,361.0,355.2,0.0,0.0,0.0,1
9017,6,2.4131493506493507,441.3333333333333,516.1666666666666,1.3333333333333333,3.333333333333333,0.0,1
9019,9,5.796576879910213,439.44444444444446,432.44444444444446,1.1111111111111112,1.3333333333333333,0.0,1
9021,7,2.873015873015873,424.57142857142856,478.8571428571428,1.8571428571428568,3.2857142857142856,0.0,1
9022,51,3.7081693361105126,453.2352941176471,470.88235294117646,0.803921568627451,5.647058823529412,0.0,1
9023,15,4.086358826358826,488.4,538.3333333333334,0.9333333333333332,2.8666666666666667,0.0,1
9031,5,3.4200000000000004,352.2,385.2,1.8,2.4,0.0,1
9032,5,1.7130158730158729,430.2,440.4,3.0,4.0,0.0,1
9035,12,2.36909660328778,436.0833333333333,465.6666666666667,3.1666666666666665,1.5,0.0,1
9038,11,1.9236861623225257,441.8181818181818,425.6363636363636,0.1818181818181818,2.0,0.4545454545454545,0
9046,14,1.571457708957709,317.2857142857143,361.07142857142856,0.2142857142857142,1.7142857142857142,0.0714285714285714,0
9052,5,2.488888888888889,454.4,487.6,0.8,2.0,0.0,1
9054,5,2.602564102564102,447.8,416.0,0.0,0.0,0.0,1
9055,8,2.461489898989899,384.0,390.5,1.375,1.5,0.0,1
9057,7,2.447392290249433,392.4285714285714,398.1428571428572,0.2857142857142857,1.7142857142857142,0.0,1
9063,18,1.7851360059693393,448.44444444444446,472.94444444444446,2.5,1.5555555555555556,0.0,1
9068,6,3.205331705331705,404.0,454.1666666666667,4.333333333333333,7.333333333333333,0.0,1
9069,10,2.505252525252525,418.1,464.4,1.2,6.0,0.0,1
9094,12,6.380284992784993,766.3333333333334,777.3333333333334,3.25,4.166666666666667,0.0,1
9097,7,4.744897959183674,675.8571428571429,579.5714285714286,0.0,0.0,0.0,1
9098,31,3.3994239631336405,376.06451612903226,381.06451612903226,1.064516129032258,1.6774193548387095,0.0,1
9101,16,2.648873311286237,533.3125,502.8125,3.75,2.625,0.0,1
9102,5,2.2543589743589747,455.6,478.4,0.0,0.0,0.0,1
9103,5,1.878076923076923,330.8,354.6,2.8,4.0,0.2,0
9116,7,3.0999738356881217,624.5714285714286,575.1428571428571,0.8571428571428571,1.8571428571428568,0.0,1
9117,6,1.7485246235246237,299.8333333333333,324.8333333333333,0.1666666666666666,0.6666666666666666,0.0,1
9118,6,1.980702861952862,396.8333333333333,427.6666666666667,2.0,3.6666666666666665,0.0,1
9122,7,2.484951556380128,474.57142857142856,484.8571428571428,0.1428571428571428,0.4285714285714285,0.0,1
9123,11,3.68556721056721,261.72727272727275,277.45454545454544,0.0,0.0,0.0,1
9124,13,6.13958818958819,478.5384615384616,497.1538461538461,5.0,2.1538461538461537,0.0,1
9139,9,1.4984618776285443,303.1111111111111,312.3333333333333,1.3333333333333333,1.5555555555555556,0.0,1
9147,7,2.58656462585034,488.1428571428572,537.0,5.428571428571429,7.285714285714286,0.0,1
9149,25,2.239430827170765,414.96,465.0,11.88,5.4,0.04,0
9152,5,1.7766666666666666,354.4,393.2,0.6,1.6,0.0,1
9157,17,3.95922035480859,468.4117647058824,460.9411764705882,0.7058823529411765,4.705882352941177,0.0,1
9158,8,2.2693625818625818,522.375,528.25,7.75,6.25,0.0,1
9166,14,6.07459286745001,413.8571428571428,454.4285714285714,0.9285714285714286,3.4285714285714284,0.0,1
9173,14,3.346015492444064,353.2142857142857,417.1428571428572,0.3571428571428571,2.142857142857143,0.0,1
9178,15,5.555555555555556,573.4666666666667,551.9333333333333,1.6666666666666667,2.8,0.0,1
9181,14,1.957936507936508,488.3571428571428,475.9285714285714,2.071428571428572,1.7142857142857142,0.0,1
9184,17,3.6792034762623,318.7647058823529,344.88235294117646,0.2352941176470588,1.411764705882353,0.0,1
9192,13,4.005305805305805,405.61538461538464,410.6923076923077,1.8461538461538465,1.8461538461538465,0.0,1
9204,14,5.28015873015873,495.2142857142857,531.5714285714286,1.6428571428571428,3.571428571428572,0.0,1
9212,6,2.994047619047619,391.0,434.5,2.1666666666666665,8.333333333333334,0.0,1
9217,34,2.133398627516274,278.97058823529414,287.47058823529414,1.3529411764705883,3.294117647058824,0.0294117647058823,0
9232,5,2.594318181818182,405.8,413.0,1.4,8.0,0.0,1
9233,7,4.45578231292517,708.2857142857143,866.0,0.5714285714285714,0.8571428571428571,0.0,1
9234,17,2.4472572026205244,392.7647058823529,418.7058823529412,0.0,0.0,0.0,1
9235,17,2.451862516568399,487.2941176470589,504.5882352941176,2.8823529411764706,2.117647058823529,0.0,1
9236,5,3.878787878787878,475.0,485.8,2.4,12.4,0.0,1
9243,5,2.5404761904761903,388.4,424.4,0.4,3.6,0.4,0
9244,12,3.529828042328042,522.8333333333334,497.3333333333333,1.25,6.0,0.0,1
9269,8,2.1992108585858587,291.375,338.625,0.25,0.5,0.0,1
9270,7,2.1798185941043084,450.8571428571428,430.8571428571428,0.0,0.0,0.0,1
9281,11,5.636202938475666,490.1818181818182,543.7272727272727,0.4545454545454545,1.0909090909090908,0.0,1
9284,6,4.482593795093795,552.1666666666666,554.1666666666666,2.6666666666666665,1.5,0.0,1
9285,5,2.529523809523809,443.4,427.6,0.6,2.4,0.0,1
9286,8,2.2232954545454544,437.25,478.5,0.125,1.375,0.0,1
9287,18,2.662901912901913,427.44444444444446,444.5,0.2222222222222222,0.5555555555555556,0.0,1
9296,13,3.161675824175824,541.1538461538462,580.2307692307693,3.615384615384616,6.461538461538462,0.0,1
9297,7,1.5906236620522336,287.2857142857143,351.2857142857143,0.0,0.0,0.0,1
9298,7,2.494047619047619,468.0,483.57142857142856,0.2857142857142857,4.857142857142857,0.0,1
9308,13,2.5830502830502837,380.3076923076923,418.6923076923077,0.3076923076923077,0.6153846153846154,0.0,1
9317,5,2.1323809523809523,399.2,395.2,0.6,4.2,0.0,1
9324,7,3.8698979591836737,365.0,417.1428571428572,0.4285714285714285,2.142857142857143,0.0,1
9327,5,3.994261294261294,347.0,367.6,0.0,0.0,0.0,1
9340,8,6.197222222222223,647.0,657.25,0.875,2.5,0.0,1
9341,8,2.311359126984127,398.5,455.0,3.125,2.5,0.0,1
9342,6,1.8620009620009617,278.5,289.5,1.8333333333333333,5.0,0.0,1
9346,8,4.046008403361345,396.0,471.125,0.5,0.75,0.0,1
9347,7,2.031828488971346,362.2857142857143,392.57142857142856,0.8571428571428571,3.0,0.0,1
9354,10,3.246035353535353,397.5,456.3,0.0,0.0,0.0,1
9355,18,1.8347675472675475,343.94444444444446,403.8888888888889,0.6111111111111112,5.055555555555555,0.0,1
9376,16,2.676796293983794,486.125,567.625,1.3125,3.0,0.0,1
9391,5,2.0313636363636363,397.2,425.0,1.0,6.8,0.0,1
9392,9,2.955908289241622,412.44444444444446,461.22222222222223,0.8888888888888888,3.555555555555556,0.0,1
9394,10,2.931392218892219,414.6,439.6,0.4,2.0,0.0,1
9395,14,2.729883201593728,519.1428571428571,594.5,0.7857142857142857,2.142857142857143,0.0,1
9396,18,2.537709333245969,413.1111111111111,461.77777777777777,1.4444444444444444,3.111111111111111,0.0555555555555555,0
9397,13,2.232493709619216,383.0,464.1538461538461,0.9230769230769232,3.076923076923077,0.0,1
9405,8,4.144123931623932,393.5,405.25,0.625,1.75,0.0,1
9406,13,2.8559677501985195,413.61538461538464,457.5384615384616,0.5384615384615384,1.0769230769230769,0.0,1
9409,7,2.0825087610801893,408.57142857142856,410.8571428571428,13.428571428571429,1.0,0.1428571428571428,0
9417,27,2.738560924672036,455.962962962963,444.3703703703704,5.185185185185185,11.925925925925926,0.074074074074074,0
9418,6,3.5349407536907536,432.5,449.6666666666667,3.8333333333333335,14.666666666666666,0.1666666666666666,0
9421,6,2.229761904761905,433.6666666666667,437.1666666666667,3.1666666666666665,0.8333333333333334,0.0,1
9424,13,3.433066933066933,452.3076923076923,476.0,2.0,6.461538461538462,0.0,1
9430,8,4.081912878787879,428.25,491.25,0.125,1.125,0.0,1
9433,5,3.1787878787878787,497.0,483.6,0.4,2.2,0.0,1
9434,5,2.7326190476190475,397.8,395.6,1.4,0.4,0.0,1
9441,20,3.0232792207792207,278.05,257.1,0.25,1.7,0.05,0
9442,16,4.07234623015873,412.5,376.6875,0.4375,0.9375,0.125,0
9444,8,2.260763888888889,410.375,430.875,1.5,4.0,0.0,1
9446,12,3.076726514226514,426.1666666666667,486.0833333333333,0.25,1.1666666666666667,0.0,1
9447,19,2.6443970116570736,398.42105263157896,412.1578947368421,3.3684210526315788,5.473684210526316,0.0526315789473684,0
9456,13,2.3955044955044955,351.7692307692308,399.0,0.0,0.0,0.0,1
9467,12,3.1861042144130383,498.3333333333333,542.0833333333334,0.5833333333333334,1.3333333333333333,0.0,1
9468,5,4.742857142857143,321.2,381.0,0.2,1.0,0.0,1
9469,32,3.790782307969808,553.3125,595.625,3.875,4.375,0.0625,0
9486,6,4.091600529100529,559.6666666666666,554.0,2.1666666666666665,5.0,0.0,1
9487,9,3.017283950617284,305.1111111111111,312.44444444444446,2.111111111111111,2.7777777777777777,0.0,1
9491,5,3.378888888888889,489.2,593.4,0.2,0.4,0.2,0
9494,7,2.415689865689866,446.2857142857143,501.7142857142857,1.0,3.142857142857143,0.0,1
9497,21,2.361316336946589,385.57142857142856,408.57142857142856,1.619047619047619,5.761904761904762,0.0,1
9499,7,2.9554524840239127,404.0,477.4285714285714,1.0,1.2857142857142858,0.0,1
9526,6,2.964997964997965,542.3333333333334,592.8333333333334,8.0,6.0,0.0,1
9527,47,2.728124281503505,461.3404255319149,500.0425531914894,1.7234042553191489,1.9361702127659572,0.0,1
9530,6,1.7671448921448922,396.0,422.8333333333333,0.1666666666666666,1.1666666666666667,0.0,1
9535,7,2.492063492063492,481.8571428571428,520.4285714285714,5.285714285714286,20.571428571428573,0.0,1
9541,5,2.631623931623932,457.2,469.2,0.2,2.0,0.0,1
9554,7,2.119078144078144,311.42857142857144,297.0,10.285714285714286,1.7142857142857142,0.1428571428571428,0
9563,7,2.4438208616780046,570.0,597.1428571428571,4.857142857142857,2.142857142857143,0.0,1
9578,10,5.6975,625.0,640.2,2.0,3.2,0.1,0
9579,6,2.2688492063492065,303.3333333333333,364.5,2.5,3.333333333333333,0.0,1
9589,17,4.084897292250234,482.6470588235294,544.1176470588235,2.8823529411764706,2.647058823529412,0.0,1
9592,5,1.9948051948051948,393.4,377.8,1.0,3.0,0.0,1
9595,17,3.3913398692810457,518.8823529411765,534.5882352941177,0.4117647058823529,2.0588235294117645,0.0,1
9600,5,3.654195804195804,404.0,404.2,1.4,2.8,0.0,1
9604,6,4.054449472096531,510.1666666666667,556.0,0.6666666666666666,1.3333333333333333,0.1666666666666666,0
9607,25,5.56463492063492,449.52,461.0,1.84,1.92,0.12,0
9623,5,3.661666666666666,503.2,561.4,0.6,3.6,0.0,1
9631,14,2.6966973502687788,414.4285714285714,491.7857142857143,0.2142857142857142,1.0714285714285714,0.0,1
9651,5,2.4944555444555445,402.6,426.8,1.4,3.6,0.0,1
9654,7,1.6492412349555206,283.57142857142856,314.7142857142857,0.0,0.0,0.0,1
9658,8,2.258748196248196,378.5,435.75,0.5,1.5,0.0,1
9664,8,3.854243326118326,475.25,535.75,0.25,0.875,0.0,1
9665,9,3.431753431753432,510.77777777777777,558.0,0.2222222222222222,0.8888888888888888,0.0,1
9666,11,2.200314332132514,282.6363636363636,314.8181818181818,3.8181818181818175,4.454545454545454,0.0,1
9679,5,3.8684848484848486,494.2,499.0,0.4,2.8,0.0,1
9710,17,4.486202359731771,376.7647058823529,387.05882352941177,0.3529411764705882,2.4705882352941178,0.1176470588235294,0
9717,17,3.3218451483157367,410.9411764705882,491.6470588235294,0.7058823529411765,9.176470588235292,0.0,1
9744,20,2.9125283050283053,519.5,518.15,2.0,17.55,0.05,0
9755,8,4.393668831168832,456.125,546.875,4.25,7.5,0.0,1
9760,17,3.457533316356846,429.05882352941177,453.4117647058824,1.0588235294117647,0.8823529411764706,0.1176470588235294,0
9773,15,4.434006734006734,603.3333333333334,628.6666666666666,0.3333333333333333,2.4,0.0,1
9783,14,2.761592772307058,412.4285714285714,467.6428571428572,0.6428571428571429,0.4285714285714285,0.0,1
9785,5,3.6366666666666663,543.4,552.0,2.6,6.4,0.0,1
9787,12,3.573127798127798,561.3333333333334,607.1666666666666,2.083333333333333,0.8333333333333334,0.0,1
9788,21,4.611359672073958,489.9047619047619,511.6666666666667,0.9523809523809524,2.571428571428572,0.0,1
9802,6,3.2597883597883595,343.1666666666667,387.8333333333333,1.0,4.333333333333333,0.0,1
9813,8,3.647825091575092,388.5,429.75,0.875,3.5,0.0,1
9820,18,4.06983949692283,476.77777777777777,556.4444444444445,1.2222222222222223,4.166666666666667,0.0,1
9827,7,2.622675736961451,309.0,337.2857142857143,0.2857142857142857,2.571428571428572,0.0,1
9828,7,2.681452581032413,511.0,525.8571428571429,0.4285714285714285,0.5714285714285714,0.0,1
9838,7,1.788941217512646,405.7142857142857,422.7142857142857,2.2857142857142856,3.4285714285714284,0.0,1
9841,6,2.3092833092833094,398.6666666666667,447.3333333333333,5.5,12.0,0.0,1
9844,5,2.286324786324786,466.4,496.2,0.0,0.0,0.0,1
9859,7,1.8309523809523809,267.1428571428572,268.85714285714283,5.857142857142857,2.857142857142857,0.1428571428571428,0
9880,5,2.339072039072039,486.2,484.2,3.2,2.4,0.0,1
9902,21,3.67563767931415,543.5714285714286,569.8571428571429,1.761904761904762,9.904761904761903,0.0952380952380952,0
9909,5,1.301948051948052,271.4,263.6,0.8,7.8,0.0,1
9914,7,3.3198051948051948,545.8571428571429,540.2857142857143,0.1428571428571428,1.2857142857142858,0.0,1
9915,5,4.453571428571428,597.2,566.4,0.4,1.4,0.0,1
9916,8,3.032481060606061,556.625,517.5,0.625,4.875,0.125,0
9926,5,2.836507936507936,357.4,382.0,1.8,3.0,0.0,1
9937,7,5.78030303030303,610.8571428571429,597.2857142857143,1.5714285714285714,0.5714285714285714,0.0,1
9942,8,4.636976911976912,432.0,473.125,0.125,1.375,0.0,1
9943,7,1.740251415251415,272.42857142857144,312.7142857142857,0.0,0.0,0.0,1
9944,9,2.4836640211640213,389.6666666666667,432.55555555555554,0.7777777777777778,3.333333333333333,0.0,1
9945,9,5.156437389770724,493.77777777777777,549.4444444444445,1.4444444444444444,3.111111111111111,0.0,1
9946,9,3.2721340388007056,374.1111111111111,399.3333333333333,0.0,0.0,0.0,1
9952,22,2.422314427996246,339.3636363636364,396.7272727272728,0.7727272727272727,2.272727272727273,0.0,1
9965,23,3.638317962231006,469.6521739130435,544.7391304347826,1.3043478260869563,6.695652173913044,0.0,1
9987,25,2.7315847485847486,400.36,447.24,8.44,6.72,0.0,1
9998,9,3.766005291005291,401.3333333333333,454.6666666666667,0.0,0.0,0.0,1
10001,19,2.181493652546284,435.10526315789474,470.3684210526316,3.631578947368421,2.526315789473684,0.0,1
10002,7,2.3324175824175826,406.7142857142857,446.2857142857143,3.7142857142857135,1.7142857142857142,0.0,1
10011,6,3.976975638740344,464.0,498.5,4.833333333333333,16.666666666666668,0.0,1
10023,18,4.111022927689594,439.55555555555554,499.3888888888889,0.3333333333333333,2.5,0.0,1
10025,5,1.8298701298701296,329.6,382.6,9.4,6.0,0.0,1
10035,11,2.2354584809130262,438.27272727272725,440.9090909090909,0.0909090909090909,0.3636363636363636,0.0,1
10036,11,1.70017217630854,313.09090909090907,361.3636363636364,0.2727272727272727,0.9090909090909092,0.0909090909090909,0
10038,5,1.2228571428571429,427.6,431.4,0.2,1.4,0.0,1
10043,7,2.570372088229231,487.1428571428572,517.2857142857143,14.857142857142858,5.857142857142857,0.0,1
10044,5,1.9103535353535352,456.4,418.2,0.6,4.0,0.4,0
10049,6,3.4816738816738817,424.8333333333333,478.8333333333333,1.3333333333333333,0.6666666666666666,0.0,1
10050,10,3.26734126984127,390.0,454.3,0.2,1.0,0.0,1
10062,16,2.351460920293157,359.4375,397.4375,2.0625,5.3125,0.0,1
10064,28,2.628000291025501,411.5357142857143,470.6071428571428,0.75,5.107142857142857,0.0,1
10066,26,2.5035976278623338,360.03846153846155,365.96153846153845,0.3461538461538461,1.2307692307692308,0.0,1
10067,6,2.238095238095238,376.1666666666667,363.0,3.5,0.6666666666666666,0.0,1
10069,7,3.471938775510204,565.7142857142857,557.0,1.7142857142857142,3.7142857142857135,0.0,1
10071,5,2.055540293040293,334.0,392.2,5.4,4.8,0.0,1
10073,6,1.5509259259259258,351.6666666666667,365.1666666666667,0.0,0.0,0.1666666666666666,0
10083,16,2.407431457431457,440.375,514.9375,0.75,0.9375,0.0,1
10088,5,3.225396825396825,596.0,576.0,0.2,3.4,0.0,1
10096,6,3.3833333333333333,425.6666666666667,494.0,0.0,0.0,0.0,1
10097,16,3.1950733294483293,466.9375,475.9375,0.3125,2.0,0.0,1
10129,37,3.3423335673335672,353.7837837837838,364.1621621621622,0.8918918918918919,2.8378378378378377,0.0,1
10130,9,2.0594797178130517,465.1111111111111,458.0,1.0,1.0,0.0,1
10139,34,2.6397936214112683,421.5882352941176,468.4705882352941,0.2352941176470588,1.911764705882353,0.0,1
10151,7,4.6119047619047615,533.4285714285714,519.8571428571429,1.7142857142857142,4.0,0.0,1
10152,5,2.912987012987013,336.6,337.8,0.0,0.0,0.0,1
10157,10,2.70978021978022,462.3,474.9,0.3,8.4,0.1,0
10158,28,4.068972297543726,397.57142857142856,443.7857142857143,0.1071428571428571,0.9642857142857144,0.0357142857142857,0
10160,6,3.2017450142450143,340.6666666666667,395.5,1.8333333333333333,6.5,0.0,1
10168,12,3.586574074074074,376.4166666666667,442.9166666666667,0.0,0.0,0.0,1
10169,10,3.05495670995671,351.3,350.7,0.2,0.7,0.0,1
10171,6,5.721428571428572,499.1666666666667,501.1666666666667,1.5,4.0,0.1666666666666666,0
10175,31,3.774871454710164,522.4516129032259,547.0322580645161,0.5806451612903226,2.3225806451612905,0.032258064516129,0
10176,5,2.605194805194805,463.4,467.2,0.0,0.0,0.0,1
10191,6,1.2262506012506014,397.8333333333333,422.8333333333333,0.1666666666666666,1.5,0.0,1
10193,7,6.08097854526426,510.8571428571428,532.5714285714286,5.428571428571429,2.2857142857142856,0.0,1
10196,14,3.1239851418422844,454.5,498.3571428571428,7.642857142857143,2.0,0.0,1
10197,8,1.9864163614163612,451.25,466.375,3.375,3.5,0.0,1
10202,9,3.755318755318756,490.0,532.5555555555555,0.6666666666666666,4.666666666666667,0.0,1
10203,6,2.7796296296296297,547.0,508.0,0.5,9.333333333333334,0.0,1
10208,19,4.51827295511506,465.6315789473685,513.7368421052631,1.4210526315789471,8.947368421052632,0.0,1
10209,11,2.512842712842713,305.45454545454544,349.27272727272725,1.818181818181818,7.181818181818182,0.0,1
10210,17,3.015194446076799,384.6470588235294,463.3529411764706,1.8823529411764703,8.411764705882353,0.0,1
10215,10,2.2551948051948054,334.2,375.4,1.6,6.0,0.0,1
10225,8,2.813386093073593,482.5,481.125,0.625,2.5,0.125,0
10226,9,2.7486331569664904,490.0,552.5555555555555,2.6666666666666665,4.0,0.0,1
10233,5,4.178499278499278,567.6,544.6,0.2,1.4,0.0,1
10240,7,2.486734693877551,522.1428571428571,638.5714285714286,0.8571428571428571,3.4285714285714284,0.0,1
10243,41,2.545344612346047,354.780487804878,308.6829268292683,0.8048780487804879,1.3170731707317074,0.048780487804878,0
10274,5,3.14968253968254,495.6,544.8,2.2,2.0,0.0,1
10275,6,2.4458689458689458,527.6666666666666,518.1666666666666,9.333333333333334,6.666666666666667,0.1666666666666666,0
10280,6,1.9188852813852812,412.5,398.5,0.5,2.6666666666666665,0.0,1
10281,16,3.2997767857142857,582.6875,585.0,1.375,4.375,0.0,1
10282,16,2.8665088383838384,418.125,472.5625,0.9375,4.375,0.0,1
10291,13,1.9266041650657035,343.9230769230769,361.1538461538461,0.6923076923076923,1.8461538461538465,0.0,1
10295,5,1.362074592074592,392.4,398.2,6.6,3.6,0.2,0
10304,5,2.6900000000000004,379.4,407.8,0.0,0.0,0.0,1
10307,59,2.901208008785277,466.7457627118644,465.864406779661,0.6779661016949152,4.745762711864407,0.0338983050847457,0
10324,24,2.623766973766974,503.125,548.7916666666666,5.833333333333333,5.0,0.0416666666666666,0
10332,5,1.5013586413586413,384.6,386.8,8.6,4.8,0.2,0
10333,10,3.148447385947386,434.0,427.7,3.3,4.0,0.1,0
10335,10,1.94985347985348,345.0,354.4,1.4,1.2,0.0,1
10354,24,2.5920827232408112,453.5,482.5,0.1666666666666666,1.8333333333333333,0.0,1
10355,24,2.737190602272124,413.5833333333333,485.875,0.4583333333333333,0.5,0.0,1
10362,8,3.1991341991341997,554.75,500.75,2.875,8.625,0.0,1
10364,24,2.2403016756635177,363.4583333333333,387.25,0.7083333333333334,0.875,0.0416666666666666,0
10368,11,2.5299816345270894,431.0,472.7272727272728,0.8181818181818182,2.1818181818181817,0.0,1
10370,8,2.7725198412698413,491.5,529.25,0.75,4.0,0.0,1
10375,7,1.1005756148613293,258.85714285714283,278.2857142857143,0.0,0.0,0.0,1
10378,8,1.6368249805749806,304.25,328.875,3.375,2.5,0.125,0
10386,6,3.992063492063492,498.8333333333333,526.1666666666666,0.1666666666666666,0.6666666666666666,0.0,1
10397,7,5.526252319109462,533.8571428571429,555.7142857142857,0.2857142857142857,0.7142857142857143,0.0,1
10403,11,3.0783522033522037,473.45454545454544,561.0,4.090909090909091,15.272727272727272,0.0,1
10408,14,2.6605725623582765,350.07142857142856,395.0,1.7857142857142858,7.0,0.0,1
10420,12,2.4709183177933176,388.5833333333333,420.0,0.5,3.4166666666666665,0.0,1
10421,11,3.119680571953299,601.7272727272727,588.7272727272727,0.7272727272727273,2.4545454545454546,0.0,1
10425,7,5.908869701726845,557.7142857142857,574.4285714285714,1.4285714285714286,3.571428571428572,0.0,1
10456,6,1.8658424908424909,310.1666666666667,349.5,0.5,1.0,0.0,1
10457,6,2.9525793650793646,495.8333333333333,465.8333333333333,3.0,4.333333333333333,0.1666666666666666,0
10458,12,2.577395983645984,388.8333333333333,416.25,0.1666666666666666,0.8333333333333334,0.0,1
10459,28,6.056759773747556,587.2857142857143,589.8571428571429,2.607142857142857,3.321428571428572,0.0,1
10460,5,2.553030303030303,396.2,454.6,7.4,3.2,0.0,1
10468,16,3.675157828282829,448.75,547.4375,1.3125,2.1875,0.0,1
10471,22,2.463983580293741,356.54545454545456,435.59090909090907,0.9090909090909092,2.1818181818181817,0.0,1
10483,18,3.301347844240001,460.72222222222223,498.77777777777777,0.6666666666666666,4.666666666666667,0.0,1
10495,23,6.068222598657381,565.7826086956521,622.304347826087,0.6956521739130435,3.130434782608696,0.0,1
10501,5,1.909046345811052,308.6,303.8,0.2,1.6,0.2,0
10519,5,3.798461538461539,541.0,543.0,0.0,0.0,0.0,1
10520,9,2.428703703703704,423.77777777777777,441.8888888888889,0.0,0.0,0.0,1
10536,24,2.4735675204425207,398.5416666666667,433.3333333333333,0.9166666666666666,3.0,0.0,1
10548,5,4.938095238095238,492.0,495.8,3.2,3.6,0.0,1
10556,25,3.356866133866134,525.6,534.76,2.72,2.16,0.08,0
10557,9,1.988358863358864,344.22222222222223,474.3333333333333,1.4444444444444444,1.3333333333333333,0.1111111111111111,0
10563,9,6.974338624338625,565.7777777777778,549.7777777777778,1.6666666666666667,2.7777777777777777,0.0,1
10565,5,5.039285714285714,553.6,546.8,1.6,5.2,0.0,1
10567,5,2.1873015873015875,391.8,403.4,0.2,1.4,0.0,1
10568,7,2.981575963718821,345.42857142857144,397.8571428571428,1.1428571428571428,4.0,0.0,1
10569,6,4.049038461538461,512.8333333333334,509.0,4.666666666666667,1.0,0.0,1
10570,5,4.385909090909091,440.6,479.0,0.4,1.2,0.2,0
10581,13,2.9740865281023656,528.6923076923077,526.6923076923077,7.6923076923076925,6.461538461538462,0.0769230769230769,0
10591,11,1.8969172241899517,361.9090909090909,378.09090909090907,4.545454545454546,14.636363636363637,0.0,1
10593,11,2.11734237984238,488.54545454545456,480.0,0.6363636363636364,1.3636363636363635,0.0,1
10599,10,4.063888888888888,467.0,558.7,0.8,1.2,0.0,1
10602,42,2.429623747323327,355.6428571428572,428.3095238095238,0.9523809523809524,10.952380952380953,0.0,1
10604,5,4.402380952380953,409.2,431.6,0.8,1.4,0.0,1
10605,8,2.425895705172021,354.5,349.25,1.75,3.25,0.0,1
10611,11,1.8332589128043677,364.54545454545456,392.27272727272725,1.0909090909090908,5.727272727272728,0.0,1
10633,5,2.9596320346320346,413.4,501.8,2.2,16.6,0.0,1
10645,7,2.406122448979592,512.5714285714286,649.2857142857143,0.1428571428571428,0.2857142857142857,0.0,1
10649,8,4.169791666666667,443.0,476.5,0.875,3.0,0.0,1
10661,8,1.771688034188034,366.625,416.375,2.0,3.0,0.125,0
10662,18,3.411762465929133,423.3333333333333,472.77777777777777,0.5555555555555556,2.2222222222222223,0.0,1
10688,6,3.532407407407407,470.8333333333333,528.1666666666666,2.0,4.0,0.0,1
10708,16,2.645080613830614,397.5,438.125,6.5,3.1875,0.0,1
10723,10,1.74146183881478,327.0,381.1,1.0,2.2,0.0,1
10724,6,2.5841269841269843,421.0,491.8333333333333,0.1666666666666666,0.8333333333333334,0.0,1
10725,6,2.708187134502924,407.8333333333333,444.1666666666667,1.6666666666666667,3.5,0.0,1
10726,7,1.8282312925170068,383.2857142857143,391.57142857142856,3.142857142857143,2.857142857142857,0.0,1
10727,5,3.350757575757576,445.2,453.6,0.6,1.6,0.0,1
10729,10,1.0540684315684314,306.1,332.9,7.3,8.0,0.0,1
10731,8,3.329861111111111,381.375,404.75,7.0,3.125,0.0,1
10733,22,2.496238357601994,283.1363636363636,312.77272727272725,2.227272727272727,5.181818181818182,0.0909090909090909,0
10743,5,5.326785714285714,352.0,348.6,1.4,4.0,0.0,1
10744,6,2.4545454545454546,583.3333333333334,586.6666666666666,0.5,7.0,0.0,1
10761,8,3.6951388888888888,381.0,452.0,1.875,0.75,0.0,1
10762,5,3.2904761904761903,480.0,482.2,0.0,0.0,0.2,0
10772,6,2.494378306878307,404.6666666666667,455.0,3.5,4.666666666666667,0.1666666666666666,0
10773,17,2.7486151103798164,461.7647058823529,518.9411764705883,3.117647058823529,3.764705882352941,0.0,1
10790,6,4.28015873015873,646.0,641.5,0.8333333333333334,2.0,0.0,1
10791,5,1.813664596273292,353.0,350.6,0.4,3.6,0.0,1
10792,5,7.966666666666667,483.6,490.2,5.4,18.0,0.0,1
10797,12,3.400063131313131,342.0,360.0,0.6666666666666666,6.25,0.0,1
10810,6,2.0358058608058607,408.8333333333333,463.0,1.6666666666666667,6.333333333333333,0.0,1
10811,7,2.201566290852005,556.7142857142857,546.2857142857143,1.0,4.285714285714286,0.0,1
10812,5,1.897552447552448,368.4,350.0,0.6,1.2,0.0,1
10814,6,2.642887205387205,518.6666666666666,516.3333333333334,2.1666666666666665,7.0,0.0,1
10821,9,5.071570404903738,652.3333333333334,673.8888888888889,0.5555555555555556,4.333333333333333,0.0,1
10822,5,1.8536324786324787,410.0,464.6,2.2,5.2,0.0,1
10823,5,2.4872460872460875,434.4,500.8,0.6,3.6,0.0,1
10826,10,3.7010024697524697,421.9,458.4,3.6,6.2,0.0,1
10838,22,2.278648980253258,325.0,361.8181818181818,2.136363636363636,5.0,0.0,1
10842,6,4.127777777777777,524.0,605.1666666666666,0.8333333333333334,4.0,0.0,1
10865,18,3.332972582972583,515.4444444444445,506.6666666666667,2.055555555555556,8.722222222222221,0.0,1
10877,5,2.828888888888889,432.0,483.6,0.6,1.2,0.0,1
10881,13,3.231507808430885,391.0,430.2307692307692,2.769230769230769,4.615384615384615,0.0,1
10890,10,3.778592241092241,392.4,436.3,0.6,3.9,0.0,1
10898,13,2.2902529094836788,452.9230769230769,465.0769230769231,0.4615384615384615,1.5384615384615383,0.0769230769230769,0
10910,5,0.8287381916329284,335.2,348.8,8.2,8.4,0.0,1
10912,7,2.590873015873016,371.7142857142857,380.7142857142857,1.0,2.571428571428572,0.1428571428571428,0
10920,13,2.016159268082345,278.3076923076923,290.2307692307692,1.1538461538461535,7.076923076923077,0.0769230769230769,0
10922,5,2.7806593406593407,349.0,440.8,0.4,1.0,0.0,1
10923,25,2.526892510997774,382.92,450.16,0.88,1.44,0.04,0
10925,5,2.314761904761905,394.4,432.0,0.4,1.0,0.2,0
10929,26,2.77501665001665,448.8076923076923,453.0,0.4230769230769231,0.7692307692307693,0.0,1
10940,9,2.057753357753357,334.1111111111111,324.8888888888889,1.3333333333333333,0.8888888888888888,0.0,1
10941,6,1.985449735449736,343.6666666666667,376.6666666666667,0.1666666666666666,1.8333333333333333,0.0,1
10944,7,5.5599162742019885,532.7142857142857,508.57142857142856,0.1428571428571428,1.7142857142857142,0.0,1
10945,10,2.8426007326007325,336.0,366.8,1.1,2.7,0.0,1
10947,12,1.723703148703149,323.5,386.3333333333333,0.6666666666666666,2.6666666666666665,0.25,0
10958,16,3.3842848124098124,491.25,554.25,5.5625,3.375,0.0,1
10960,9,2.43059163059163,322.3333333333333,367.0,0.3333333333333333,5.555555555555555,0.0,1
10974,6,1.855885780885781,270.3333333333333,272.8333333333333,0.6666666666666666,2.6666666666666665,0.1666666666666666,0
11009,7,2.9666666666666663,420.1428571428572,456.0,2.2857142857142856,2.2857142857142856,0.0,1
11024,5,2.9936507936507937,310.8,328.6,15.2,16.8,0.0,1
11031,5,6.1850000000000005,627.4,587.6,1.0,0.6,0.0,1
11038,7,4.661167800453515,367.0,369.8571428571428,0.7142857142857143,3.4285714285714284,0.0,1
11049,17,4.386321195144724,459.11764705882354,508.7058823529412,4.705882352941177,2.9411764705882355,0.0588235294117647,0
11058,6,6.740259740259741,479.1666666666667,475.3333333333333,1.8333333333333333,3.5,0.0,1
11062,6,2.9851851851851854,381.6666666666667,455.0,0.3333333333333333,3.6666666666666665,0.0,1
11073,28,1.4710782273282277,311.82142857142856,358.10714285714283,0.6071428571428571,1.9285714285714288,0.0357142857142857,0
11087,5,4.990476190476191,565.2,600.2,3.0,4.4,0.0,1
11089,5,2.65,446.8,515.6,0.4,4.8,0.0,1
11090,5,1.727200577200577,388.6,391.4,0.0,0.0,0.0,1
11091,10,4.048358585858586,488.0,500.4,0.9,4.8,0.0,1
11111,12,2.339330808080808,406.1666666666667,423.8333333333333,1.5,2.083333333333333,0.0,1
11119,6,5.766203703703703,479.6666666666667,533.3333333333334,16.666666666666668,3.333333333333333,0.0,1
11120,13,3.9173826173826174,422.46153846153845,457.9230769230769,2.230769230769231,5.384615384615385,0.0,1
11129,5,1.9452380952380952,308.4,346.0,3.2,0.8,0.0,1
11132,25,4.646119658119658,525.0,560.6,0.68,5.72,0.0,1
11146,5,3.1035497835497834,352.2,423.6,0.4,1.8,0.2,0
11151,25,2.221575228692876,395.96,404.88,0.4,2.8,0.04,0
11157,8,5.041666666666666,372.875,356.625,1.125,3.5,0.0,1
11165,5,3.585555555555556,480.2,501.8,0.4,1.0,0.0,1
11166,8,3.680137509549274,496.875,535.875,0.0,0.0,0.0,1
11167,11,2.731680440771349,366.27272727272725,371.1818181818182,0.0,0.0,0.0,1
11168,21,3.984657440860448,512.1428571428571,592.1904761904761,3.142857142857143,1.7142857142857142,0.0,1
11185,7,1.600899100899101,421.8571428571428,491.4285714285714,1.5714285714285714,3.857142857142857,0.0,1
11192,6,2.0891955266955264,435.8333333333333,430.3333333333333,1.1666666666666667,1.3333333333333333,0.0,1
11195,12,1.8154507529507529,369.25,367.8333333333333,0.1666666666666666,1.0,0.0833333333333333,0
11202,8,3.615972222222222,465.25,497.5,0.75,3.75,0.0,1
11210,6,8.114682539682539,514.8333333333334,579.6666666666666,0.5,1.0,0.0,1
11225,5,2.427094017094017,348.4,350.4,0.2,1.0,0.0,1
11227,5,2.6246153846153844,589.2,614.4,1.4,3.2,0.0,1
11231,19,2.7777925892476976,489.6842105263158,518.8421052631579,1.8421052631578947,4.631578947368421,0.0,1
11234,13,2.284792984792985,419.0769230769231,393.9230769230769,0.9230769230769232,3.692307692307693,0.0,1
11237,5,1.993131868131868,386.6,428.6,0.0,0.0,0.0,1
11239,25,2.378093684093684,318.64,348.88,3.04,7.84,0.0,1
11243,14,4.621870986156701,437.7857142857143,460.4285714285714,2.7142857142857144,2.7857142857142856,0.0714285714285714,0
11244,16,5.318055555555556,449.375,467.75,4.5,7.0,0.0,1
11249,6,2.0753968253968256,355.1666666666667,372.0,16.333333333333332,6.333333333333333,0.0,1
11255,7,1.6622448979591835,311.2857142857143,342.42857142857144,0.0,0.0,0.0,1
11257,38,3.282577218103534,390.2894736842105,419.4473684210527,0.5263157894736842,2.0526315789473686,0.0,1
11268,18,2.629018350070982,341.05555555555554,356.3888888888889,0.4444444444444444,2.555555555555556,0.0,1
11272,5,2.918095238095238,480.4,494.0,0.8,2.6,0.0,1
11275,6,4.330555555555556,486.5,519.1666666666666,0.3333333333333333,1.3333333333333333,0.0,1
11283,10,8.576666666666666,611.5,559.9,1.0,12.4,0.2,0
11284,5,6.419047619047619,588.6,639.0,0.6,3.0,0.0,1
11285,7,3.2140589569161,393.4285714285714,426.57142857142856,0.5714285714285714,1.5714285714285714,0.0,1
11288,6,2.395833333333333,364.1666666666667,382.5,0.3333333333333333,6.333333333333333,0.0,1
11298,8,3.9625,478.375,529.625,1.75,3.375,0.0,1
11309,6,2.8139550264550266,357.3333333333333,411.6666666666667,0.6666666666666666,2.333333333333333,0.0,1
11310,5,2.184935064935065,401.6,443.6,0.6,2.4,0.0,1
11315,12,4.074864718614719,534.1666666666666,569.5833333333334,3.25,4.0,0.0,1
11323,12,2.7250814000814003,483.5833333333333,521.0,4.083333333333333,3.5,0.0,1
11328,18,3.0315035273368607,373.44444444444446,419.1666666666667,1.1666666666666667,8.666666666666666,0.0,1
11341,5,3.931923076923077,327.4,344.6,1.0,1.4,0.0,1
11343,6,1.776633405580774,372.0,386.5,3.1666666666666665,3.333333333333333,0.0,1
11355,6,12.355555555555556,499.8333333333333,501.6666666666667,0.5,4.5,0.0,1
11370,16,4.18197496947497,558.875,608.875,1.3125,4.75,0.0,1
11371,9,1.75352733686067,270.55555555555554,324.0,0.2222222222222222,1.5555555555555556,0.0,1
11391,15,6.027767602767602,478.53333333333336,496.9333333333333,1.3333333333333333,3.2,0.0,1
11392,14,3.696336996336997,322.35714285714283,329.6428571428572,0.5714285714285714,1.7857142857142858,0.0,1
11393,23,4.681069591481491,476.4347826086956,518.9130434782609,0.1739130434782608,2.217391304347826,0.0,1
11394,19,4.009962406015037,418.42105263157896,437.10526315789474,0.1578947368421052,0.8421052631578947,0.0,1
11406,6,1.9852110852110847,527.6666666666666,623.5,0.3333333333333333,0.8333333333333334,0.0,1
11408,16,4.600421626984127,526.9375,532.4375,0.25,1.3125,0.0,1
11423,9,2.1486177565124933,336.77777777777777,374.22222222222223,0.8888888888888888,4.333333333333333,0.0,1
11429,6,2.660185185185185,334.8333333333333,320.8333333333333,0.0,0.0,0.0,1
11430,19,4.560392458418774,483.7894736842105,525.4736842105264,3.0526315789473686,9.473684210526317,0.0526315789473684,0
11431,7,1.880259026687598,429.8571428571428,438.8571428571428,0.5714285714285714,1.7142857142857142,0.0,1
11432,8,3.024305555555556,356.375,385.375,0.0,0.0,0.125,0
11435,5,1.95,459.8,421.4,0.4,2.6,0.0,1
11437,5,1.911752136752137,344.8,361.0,0.4,2.6,0.2,0
11461,5,4.26,441.0,475.4,3.0,2.8,0.0,1
11462,33,5.448929773929774,453.75757575757575,492.1818181818182,1.5454545454545454,1.696969696969697,0.0,1
11476,5,1.288008658008658,339.0,314.0,0.8,1.6,0.2,0
11480,7,5.547619047619048,396.1428571428572,393.57142857142856,0.0,0.0,0.1428571428571428,0
11486,5,2.9835714285714285,626.8,569.2,12.4,4.2,0.0,1
11488,6,2.8681216931216933,391.3333333333333,404.8333333333333,3.6666666666666665,5.333333333333333,0.0,1
11490,6,4.103661616161616,470.5,436.1666666666667,0.3333333333333333,1.0,0.0,1
11493,7,3.270691609977324,344.7142857142857,337.85714285714283,1.1428571428571428,3.857142857142857,0.0,1
11494,10,2.2984126984126982,357.9,382.7,0.6,1.2,0.0,1
11500,7,3.91948051948052,439.2857142857143,443.1428571428572,0.1428571428571428,0.5714285714285714,0.0,1
11503,12,5.137103174603175,490.0833333333333,506.0833333333333,0.4166666666666667,3.6666666666666665,0.0833333333333333,0
11509,6,2.063471713471713,377.0,433.5,0.8333333333333334,3.1666666666666665,0.0,1
11510,6,3.239057239057239,501.1666666666667,498.8333333333333,1.5,2.5,0.0,1
11511,6,3.038888888888889,407.1666666666667,387.1666666666667,1.0,3.0,0.1666666666666666,0
11512,5,6.025,554.0,461.0,1.8,6.6,0.2,0
11522,20,2.7540476190476197,450.55,465.75,0.3,2.0,0.15,0
11523,8,2.368371212121212,325.125,372.25,1.125,2.625,0.125,0
11524,10,1.7455710955710957,382.3,430.5,0.6,6.0,0.0,1
11539,6,2.1003996003996,445.1666666666667,493.3333333333333,0.5,1.8333333333333333,0.0,1
11544,12,5.88616452991453,348.5,383.1666666666667,2.833333333333333,1.1666666666666667,0.0,1
11546,6,5.074679487179487,494.1666666666667,545.1666666666666,0.5,3.6666666666666665,0.0,1
11547,16,2.406263018027724,389.4375,447.1875,0.5625,2.1875,0.0,1
11548,9,4.311583478250145,383.55555555555554,425.6666666666667,0.6666666666666666,0.6666666666666666,0.1111111111111111,0
11550,6,4.276037851037851,550.5,607.8333333333334,0.3333333333333333,4.333333333333333,0.0,1
11551,5,1.8527272727272728,387.8,472.0,1.2,3.0,0.0,1
11557,13,2.137494129801822,307.84615384615387,369.5384615384616,0.2307692307692307,2.923076923076923,0.0,1
11567,32,4.390037653318903,436.53125,484.875,1.4375,2.8125,0.0,1
11570,23,2.6450942777029733,370.0434782608696,379.2173913043478,0.1739130434782608,1.6956521739130437,0.0,1
11573,5,2.6263492063492064,314.4,367.0,0.8,6.4,0.0,1
11575,7,1.949056895485467,379.4285714285714,394.4285714285714,1.2857142857142858,2.0,0.0,1
11578,6,1.8695156695156692,422.1666666666667,409.8333333333333,1.3333333333333333,2.6666666666666665,0.1666666666666666,0
11584,5,1.5664335664335665,404.6,443.4,3.4,4.0,0.0,1
11585,5,2.4872727272727277,416.8,493.6,3.6,5.4,0.0,1
11587,37,1.7704137101195925,427.5405405405405,467.2702702702703,0.8378378378378378,1.6216216216216215,0.0,1
11591,8,4.551041666666666,410.375,462.625,0.25,0.75,0.0,1
11593,9,2.846957671957672,428.0,475.1111111111111,1.3333333333333333,5.777777777777778,0.1111111111111111,0
11594,14,2.2375716953448044,345.35714285714283,348.42857142857144,0.0714285714285714,1.1428571428571428,0.0,1
11596,23,4.202587991718426,531.6086956521739,544.1304347826087,0.217391304347826,1.0434782608695652,0.0869565217391304,0
11597,25,3.557842823842824,460.64,464.44,0.16,0.24,0.04,0
11600,8,2.385763888888889,327.5,337.125,0.625,2.25,0.25,0
11617,9,5.545987654320987,412.44444444444446,461.3333333333333,0.2222222222222222,1.5555555555555556,0.0,1
11623,6,2.082936507936508,400.3333333333333,469.3333333333333,0.5,4.0,0.0,1
11640,10,3.3416666666666663,340.1,350.6,0.5,1.4,0.2,0
11645,8,2.1753066378066377,324.75,399.75,0.875,3.0,0.0,1
11652,5,1.7729411764705882,370.4,406.0,0.8,3.4,0.0,1
11659,9,3.495510662177329,690.7777777777778,575.3333333333334,0.3333333333333333,2.888888888888889,0.0,1
11663,5,1.9166666666666667,268.8,273.8,0.4,2.8,0.0,1
11665,36,3.4321461717295048,422.75,424.77777777777777,1.8611111111111112,2.583333333333333,0.0,1
11670,9,5.193061568061569,378.3333333333333,425.22222222222223,0.4444444444444444,1.7777777777777777,0.0,1
11671,5,2.696428571428572,376.8,443.6,5.4,2.0,0.0,1
11672,6,3.534680134680135,456.5,527.0,1.0,3.5,0.0,1
11676,10,1.6849350649350652,369.4,426.8,0.8,3.0,0.0,1
11677,7,2.110642135642136,339.0,393.57142857142856,0.4285714285714285,1.7142857142857142,0.0,1
11680,10,2.990119047619048,358.1,378.3,0.5,2.4,0.1,0
11682,9,4.00969215969216,472.55555555555554,484.3333333333333,0.2222222222222222,0.1111111111111111,0.0,1
11685,10,1.9134566822066823,388.4,416.0,0.1,0.7,0.0,1
11688,8,3.582291666666667,459.625,470.625,0.25,0.625,0.0,1
11696,26,2.341653335220256,401.84615384615387,476.34615384615387,4.038461538461538,3.230769230769231,0.0,1
11701,11,3.617798110979929,498.7272727272728,548.0,1.9090909090909087,1.0909090909090908,0.0,1
11708,6,2.275330687830688,437.1666666666667,487.0,3.5,4.0,0.0,1
11709,8,3.665075896325897,450.125,479.5,4.5,1.875,0.0,1
11710,14,2.577210884353742,337.5,346.1428571428572,2.571428571428572,4.285714285714286,0.0,1
11717,5,2.265584415584416,394.6,408.4,1.4,3.2,0.0,1
11719,5,2.449090909090909,381.2,393.0,7.6,2.4,0.0,1
11720,5,3.474285714285714,473.2,528.8,0.0,0.0,0.0,1
11727,13,4.542027417027417,550.7692307692307,586.0,2.923076923076923,3.230769230769231,0.0,1
11732,5,2.847142857142857,386.6,372.0,0.2,0.8,0.2,0
11739,7,2.455102040816327,411.1428571428572,428.7142857142857,1.4285714285714286,3.0,0.0,1
11741,7,6.465986394557823,589.1428571428571,495.57142857142856,2.0,3.7142857142857135,0.0,1
11744,15,5.261851851851852,397.26666666666665,436.8,0.6,1.6,0.0,1
11757,7,4.907596371882086,496.57142857142856,496.7142857142857,2.2857142857142856,1.1428571428571428,0.0,1
11763,6,1.821753246753247,305.5,302.5,0.8333333333333334,3.6666666666666665,0.0,1
11764,13,3.3340270840270843,529.9230769230769,597.9230769230769,0.6923076923076923,1.2307692307692308,0.0,1
11770,10,4.40436507936508,445.0,477.5,4.1,1.5,0.0,1
11781,7,2.833333333333333,379.57142857142856,436.4285714285714,0.0,0.0,0.0,1
11782,8,2.2041979949874686,355.625,385.0,0.25,1.375,0.0,1
11792,5,2.225,373.6,413.4,0.2,1.2,0.2,0
11794,23,3.131498694542173,475.9130434782609,498.2608695652174,4.217391304347826,3.347826086956522,0.0,1
11796,10,3.120833333333333,599.8,562.8,10.5,9.0,0.0,1
11797,17,4.55032255326373,601.6470588235294,625.2352941176471,1.588235294117647,0.3529411764705882,0.0,1
11799,7,3.379487179487179,410.2857142857143,486.57142857142856,0.0,0.0,0.0,1
11801,10,4.7091025641025634,345.0,410.7,0.0,0.0,0.0,1
11806,5,6.311111111111112,507.2,513.8,1.2,4.8,0.0,1
11827,15,4.849646464646465,393.73333333333335,445.06666666666666,0.5333333333333333,1.0666666666666669,0.0,1
11833,15,3.0024227624227624,588.3333333333334,530.4,0.1333333333333333,0.6666666666666666,0.0666666666666666,0
11837,10,3.814816849816849,415.1,469.8,0.7,3.6,0.0,1
11838,9,2.953198653198653,461.55555555555554,475.3333333333333,0.5555555555555556,2.2222222222222223,0.0,1
11839,9,2.2700176366843032,418.8888888888889,449.0,0.5555555555555556,7.333333333333333,0.0,1
11844,6,3.675925925925926,440.3333333333333,418.3333333333333,1.5,4.0,0.0,1
11850,9,3.596031746031746,394.77777777777777,432.0,1.2222222222222223,1.3333333333333333,0.1111111111111111,0
11851,5,7.363333333333332,563.2,594.8,2.0,9.4,0.0,1
11853,6,2.508928571428572,455.5,504.8333333333333,5.833333333333333,2.333333333333333,0.0,1
11859,24,3.4764206857956856,475.9583333333333,483.9166666666667,1.375,2.2916666666666665,0.0,1
11874,5,1.506580086580087,342.4,404.0,6.2,16.8,0.2,0
11878,8,2.040079365079365,375.0,434.5,1.875,2.0,0.0,1
11879,16,2.8854775432900435,419.8125,390.3125,0.75,8.125,0.0,1
11886,42,3.999171133099704,416.4285714285714,464.4761904761905,0.9285714285714286,1.1428571428571428,0.0,1
11894,7,2.8854875283446715,486.0,524.7142857142857,0.0,0.0,0.0,1
11899,6,2.589309056956116,431.1666666666667,455.0,1.8333333333333333,3.6666666666666665,0.1666666666666666,0
11909,7,2.3434807256235826,325.7142857142857,324.1428571428572,0.7142857142857143,1.0,0.0,1
11911,7,2.061216561216561,399.2857142857143,491.1428571428572,2.0,0.8571428571428571,0.0,1
11913,7,1.424907235621521,386.1428571428572,392.8571428571428,3.7142857142857135,1.7142857142857142,0.2857142857142857,0
11914,5,2.4844627594627595,457.8,489.2,1.8,2.4,0.0,1
11916,20,2.869368686868687,333.8,364.9,0.65,1.75,0.0,1
11951,12,3.156385281385281,495.5,515.0,0.25,0.75,0.0,1
11955,7,2.558594346829641,476.8571428571428,553.2857142857143,0.5714285714285714,0.8571428571428571,0.0,1
11984,17,5.125048807401749,392.7647058823529,473.4705882352941,0.4705882352941176,1.1764705882352942,0.0,1
11988,6,2.4538690476190474,310.6666666666667,329.1666666666667,2.333333333333333,4.5,0.0,1
11989,9,1.042085637673873,326.22222222222223,338.0,3.7777777777777777,10.0,0.0,1
11996,17,3.41963281816223,406.2352941176471,470.7647058823529,3.3529411764705883,2.823529411764706,0.0,1
12003,5,2.0146153846153845,563.0,517.8,1.8,3.6,0.0,1
12013,9,3.547811447811448,505.44444444444446,501.1111111111111,1.0,2.6666666666666665,0.0,1
12015,7,2.453004535147392,548.7142857142857,526.8571428571429,0.4285714285714285,1.1428571428571428,0.0,1
12023,5,1.5,388.2,396.0,3.8,8.8,0.2,0
12024,13,2.2639172793018947,474.3076923076923,510.1538461538461,0.0,0.0,0.0,1
12025,8,3.4511904761904764,491.5,537.5,3.5,7.25,0.0,1
12032,15,2.3224236874236874,313.2,352.4,2.4,4.8,0.0,1
12035,6,2.7810185185185183,456.5,479.6666666666667,0.3333333333333333,1.3333333333333333,0.0,1
12039,14,5.197214491857349,414.07142857142856,464.3571428571428,0.3571428571428571,1.0714285714285714,0.0,1
12040,14,5.421652752009895,402.57142857142856,474.9285714285714,0.0714285714285714,0.6428571428571429,0.0,1
12041,8,3.5369047619047618,434.875,489.0,0.625,1.875,0.0,1
12042,7,3.4975056689342408,445.2857142857143,461.4285714285714,2.7142857142857144,2.571428571428572,0.0,1
12046,5,2.657142857142857,337.0,375.0,0.0,0.0,0.0,1
12047,5,2.025714285714286,418.8,452.6,0.0,0.0,0.0,1
12053,18,3.7967061487894815,417.27777777777777,436.1111111111111,0.7222222222222222,1.1111111111111112,0.0,1
12066,47,3.5381058067228275,550.5106382978723,545.9148936170212,2.702127659574468,4.851063829787234,0.0212765957446808,0
12079,12,3.339898459383753,425.5833333333333,447.1666666666667,0.25,1.3333333333333333,0.0,1
12080,8,5.64429788961039,517.125,574.625,0.0,0.0,0.0,1
12081,9,2.1217624423506773,326.55555555555554,323.3333333333333,0.0,0.0,0.0,1
12083,9,2.3785076488507864,408.1111111111111,410.55555555555554,3.111111111111111,3.0,0.0,1
12084,11,2.2066100566100566,434.3636363636364,457.27272727272725,0.5454545454545454,3.4545454545454546,0.0,1
12093,14,2.3172002600574024,375.5,425.2857142857143,2.0,1.7142857142857142,0.0,1
12094,13,2.455205905205905,414.61538461538464,458.5384615384616,4.384615384615385,1.3846153846153846,0.0,1
12106,13,2.236091686091686,455.61538461538464,457.61538461538464,1.6923076923076923,1.1538461538461535,0.0,1
12107,5,2.6572222222222224,231.0,228.4,0.0,0.0,0.0,1
12108,12,2.343264374514374,350.8333333333333,413.9166666666667,0.25,1.5,0.0,1
12119,6,2.3625,339.8333333333333,303.6666666666667,0.6666666666666666,4.666666666666667,0.3333333333333333,0
12123,6,4.427777777777778,622.0,635.3333333333334,1.0,1.5,0.0,1
12125,47,1.99624261672134,299.3617021276596,316.3617021276596,2.8085106382978724,12.53191489361702,0.0212765957446808,0
12130,6,3.3253968253968256,473.6666666666667,500.6666666666667,1.8333333333333333,3.0,0.0,1
12131,13,2.901066027989105,454.38461538461536,483.7692307692308,0.8461538461538461,6.615384615384615,0.0,1
12139,9,2.839197839197839,439.77777777777777,474.3333333333333,1.4444444444444444,2.2222222222222223,0.0,1
12151,5,1.614825174825175,460.6,490.8,0.0,0.0,0.0,1
12152,13,2.7745592014822784,479.3076923076923,500.1538461538461,1.6923076923076923,2.3076923076923075,0.0,1
12154,6,2.678571428571429,327.6666666666667,342.0,0.5,2.333333333333333,0.0,1
12159,7,3.218614718614719,446.8571428571428,499.2857142857143,0.5714285714285714,5.142857142857143,0.0,1
12160,22,1.83842180546726,284.09090909090907,296.6818181818182,0.8181818181818182,1.9090909090909087,0.0,1
12161,5,1.5733333333333337,402.0,422.8,0.6,2.8,0.0,1
12164,21,4.578749689463975,513.6666666666666,528.4285714285714,1.6666666666666667,6.047619047619048,0.0,1
12166,5,1.7662820512820514,326.6,384.8,1.0,4.0,0.0,1
12167,5,3.1215384615384614,528.0,547.4,0.6,1.0,0.0,1
12168,6,1.7470238095238095,430.5,471.3333333333333,4.0,7.0,0.0,1
12172,33,2.825301213937577,503.09090909090907,518.6969696969697,0.3333333333333333,0.9696969696969696,0.0606060606060606,0
12173,11,3.5668515827606737,508.8181818181818,542.0909090909091,4.454545454545454,4.0,0.0,1
12177,6,2.6884920634920637,407.8333333333333,370.5,0.0,0.0,0.0,1
12179,7,1.947763347763348,376.8571428571428,397.7142857142857,1.8571428571428568,2.2857142857142856,0.5714285714285714,0
12182,8,2.032242063492064,337.375,339.0,0.5,1.125,0.0,1
12186,5,2.9023809523809527,497.0,555.2,5.0,3.0,0.0,1
12190,24,2.2796296296296297,346.4583333333333,370.0,1.0833333333333333,7.0,0.0416666666666666,0
12193,15,3.271369556369556,434.8,484.4666666666666,2.066666666666667,2.8,0.0,1
12195,5,2.424155844155844,352.2,440.0,1.2,1.2,0.0,1
12203,7,1.1773229866109125,305.2857142857143,336.7142857142857,2.571428571428572,1.8571428571428568,0.0,1
12205,20,3.0324574037074035,377.4,310.5,0.3,0.9,0.05,0
12206,5,2.8622408963585437,319.0,299.4,0.2,2.0,0.0,1
12208,13,5.624725274725274,565.4615384615385,556.1538461538462,0.3846153846153846,6.923076923076923,0.0,1
12209,6,3.0712301587301583,467.8333333333333,436.3333333333333,0.1666666666666666,4.5,0.0,1
12210,16,4.3787698412698415,425.25,469.125,1.3125,1.5,0.0625,0
12211,14,3.284396258503401,378.1428571428572,403.9285714285714,1.1428571428571428,3.4285714285714284,0.0714285714285714,0
12220,7,3.681972789115647,486.7142857142857,502.57142857142856,0.0,0.0,0.0,1
12224,6,2.6724164724164723,457.5,514.6666666666666,0.0,0.0,0.0,1
12234,6,1.6759259259259258,367.3333333333333,361.1666666666667,0.5,1.6666666666666667,0.0,1
12238,5,1.6647863247863248,446.6,486.2,0.6,2.4,0.0,1
12251,8,3.841964285714286,300.25,336.5,0.375,1.5,0.0,1
12256,6,1.9735042735042736,429.3333333333333,447.3333333333333,3.1666666666666665,4.0,0.0,1
12260,15,2.670972039942628,349.6,406.8666666666667,0.6666666666666666,2.333333333333333,0.0,1
12262,5,2.471538461538461,289.6,318.2,0.0,0.0,0.0,1
12271,12,3.8968013468013463,474.25,508.5833333333333,1.0,5.333333333333333,0.0,1
12272,19,3.751898686109212,526.4736842105264,536.1578947368421,0.8421052631578947,5.157894736842105,0.0,1
12274,19,3.8160401002506266,325.3684210526316,363.9473684210527,0.0,0.0,0.0,1
12280,7,1.9121315192743769,332.85714285714283,306.0,1.1428571428571428,4.714285714285714,0.0,1
12284,10,2.6607142857142856,480.0,498.9,0.1,0.9,0.0,1
12289,6,2.9198412698412697,396.0,447.3333333333333,6.0,2.0,0.1666666666666666,0
12302,7,2.7727891156462583,518.8571428571429,548.7142857142857,1.4285714285714286,4.857142857142857,0.0,1
12313,7,2.175706436420722,391.4285714285714,385.1428571428572,0.1428571428571428,1.1428571428571428,0.0,1
12318,23,2.34443032812598,369.2608695652174,376.7391304347826,0.0869565217391304,0.1739130434782608,0.0,1
12324,16,1.973363615551116,302.5,312.375,0.9375,1.125,0.0,1
12330,12,2.3065081908831906,409.25,459.8333333333333,2.5,5.416666666666667,0.0,1
12334,36,4.234308361391694,390.9166666666667,424.69444444444446,3.138888888888889,5.0,0.0555555555555555,0
12345,5,1.886060606060606,406.6,480.6,6.4,6.4,0.0,1
12357,24,2.03758192039442,278.4583333333333,262.0416666666667,1.9166666666666667,3.333333333333333,0.0,1
12358,5,4.412121212121212,494.6,508.2,0.4,2.6,0.0,1
12362,12,1.4396164021164022,372.0,402.9166666666667,8.916666666666666,2.5,0.0,1
12363,7,4.065476190476191,498.57142857142856,460.7142857142857,0.4285714285714285,0.8571428571428571,0.1428571428571428,0
12393,15,3.4284223184223186,426.8666666666667,502.73333333333335,0.0666666666666666,0.6,0.0,1
12394,7,2.8739495798319328,313.7142857142857,365.0,0.5714285714285714,2.0,0.0,1
12406,6,1.3534188034188033,368.6666666666667,395.1666666666667,3.5,3.5,0.0,1
12407,7,2.934807256235828,488.1428571428572,471.0,13.285714285714286,7.714285714285714,0.0,1
12408,6,4.822222222222222,456.1666666666667,470.1666666666667,0.8333333333333334,2.333333333333333,0.0,1
12415,9,2.1243623660290325,377.77777777777777,442.55555555555554,0.2222222222222222,1.5555555555555556,0.0,1
12427,13,8.73416860916861,563.6153846153846,595.2307692307693,0.9230769230769232,0.6923076923076923,0.0,1
12428,8,4.0668154761904765,422.0,417.25,0.625,1.625,0.0,1
12429,14,3.61343537414966,602.7857142857143,525.0,0.6428571428571429,1.1428571428571428,0.0,1
12430,9,4.409700176366843,386.3333333333333,431.0,0.5555555555555556,1.0,0.0,1
12439,6,1.1104090354090357,284.1666666666667,282.3333333333333,2.6666666666666665,4.5,0.0,1
12440,8,4.438149350649351,447.375,492.375,2.375,6.375,0.0,1
12441,7,3.1640692640692643,401.4285714285714,477.8571428571428,2.4285714285714284,6.714285714285714,0.0,1
12458,5,2.501831501831502,374.4,430.4,2.0,9.0,0.0,1
12459,9,5.127777777777777,455.44444444444446,486.1111111111111,0.8888888888888888,3.6666666666666665,0.0,1
12460,7,4.419047619047619,455.57142857142856,516.7142857142857,0.8571428571428571,3.857142857142857,0.0,1
12472,24,4.490123418248419,491.75,519.5416666666666,1.1666666666666667,2.9166666666666665,0.0,1
12474,26,3.0411988652373267,414.6538461538461,455.7307692307692,0.5769230769230769,1.8461538461538465,0.0,1
12482,15,4.453439153439153,359.1333333333333,372.9333333333333,1.6,2.333333333333333,0.0,1
12485,8,1.829668534080299,358.875,434.25,0.375,2.75,0.0,1
12486,9,2.80354768688102,417.55555555555554,458.77777777777777,0.8888888888888888,2.4444444444444446,0.0,1
12489,5,3.162857142857143,462.0,485.6,1.2,7.4,0.0,1
12494,27,2.053026609072361,328.2962962962963,344.55555555555554,0.3333333333333333,1.037037037037037,0.0,1
12495,14,3.3621140763997905,321.35714285714283,337.85714285714283,0.0,0.0,0.0,1
12496,5,13.306666666666668,581.2,679.2,0.4,0.6,0.0,1
12497,7,4.100357975357976,358.0,371.4285714285714,0.0,0.0,0.1428571428571428,0
12510,16,2.0861645299145297,431.4375,382.25,4.375,3.375,0.1875,0
12527,18,2.5761904761904764,394.77777777777777,481.6111111111111,0.3333333333333333,2.111111111111111,0.1111111111111111,0
12533,5,1.8921717171717172,426.6,476.4,4.8,8.0,0.0,1
12549,24,2.149749120705003,349.9583333333333,387.3333333333333,1.3333333333333333,1.4583333333333333,0.0,1
12553,5,1.3473015873015872,367.4,390.2,1.2,3.2,0.0,1
12555,5,1.9790476190476192,314.0,295.6,0.0,0.0,0.2,0
12556,10,1.8477577977577977,298.9,288.6,0.2,2.2,0.0,1
12557,5,4.161212121212121,390.6,379.4,4.2,0.6,0.0,1
12558,25,3.0107503607503605,367.28,400.2,3.48,2.8,0.08,0
12563,7,2.1095238095238096,439.4285714285714,488.8571428571428,1.5714285714285714,11.285714285714286,0.0,1
12570,11,3.085399404517051,456.54545454545456,482.8181818181818,0.4545454545454545,0.3636363636363636,0.0,1
12575,6,1.337025049254151,349.1666666666667,371.5,0.5,1.0,0.0,1
12576,15,3.3264646464646463,352.6666666666667,385.4666666666666,0.4666666666666667,1.0,0.0,1
12581,13,3.1678321678321675,506.6923076923077,533.7692307692307,2.5384615384615383,2.3076923076923075,0.0,1
12583,5,3.648333333333333,514.8,525.0,0.0,0.0,0.0,1
12586,7,1.6686507936507935,311.7142857142857,303.57142857142856,1.1428571428571428,10.857142857142858,0.1428571428571428,0
12589,5,9.08,453.2,489.6,1.2,1.8,0.0,1
12593,8,2.8875,407.625,380.625,4.75,9.5,0.0,1
12594,7,5.282312925170068,403.57142857142856,423.8571428571428,0.0,0.0,0.0,1
12602,9,2.094356261022928,309.8888888888889,325.1111111111111,0.1111111111111111,2.333333333333333,0.0,1
12617,9,3.986026936026936,464.77777777777777,441.44444444444446,0.6666666666666666,3.111111111111111,0.0,1
12621,12,1.6062173937173938,351.6666666666667,379.5833333333333,2.25,2.0,0.0,1
12635,30,3.028770858770859,341.6333333333333,368.9,0.0666666666666666,0.3333333333333333,0.0,1
12644,19,2.843449532923217,396.3684210526316,435.5263157894737,0.6842105263157895,5.052631578947368,0.0,1
12650,14,2.0548955013240726,410.2142857142857,451.2142857142857,0.1428571428571428,1.2857142857142858,0.0714285714285714,0
12672,5,1.6065546218487394,348.4,393.6,6.2,5.4,0.0,1
12673,5,2.4928127428127427,429.4,445.0,0.6,3.2,0.0,1
12684,24,3.076776522089022,410.3333333333333,465.5833333333333,1.0416666666666667,2.333333333333333,0.0,1
12691,6,5.343055555555556,393.6666666666667,389.3333333333333,0.8333333333333334,6.0,0.5,0
12692,6,3.2883597883597884,331.8333333333333,346.5,4.5,3.1666666666666665,0.1666666666666666,0
12705,7,2.7198979591836734,470.2857142857143,506.8571428571428,0.0,0.0,0.0,1
12711,5,3.3965367965367967,495.8,577.0,2.6,13.6,0.0,1
12712,30,3.3774001924001924,442.0,470.23333333333335,1.3666666666666667,1.6,0.0,1
12724,12,1.9623493336728632,355.25,389.3333333333333,0.8333333333333334,3.5,0.0,1
12729,10,2.8023665876607056,483.6,576.0,0.0,0.0,0.0,1
12736,5,2.655555555555556,278.4,288.4,7.8,5.4,0.0,1
12739,5,2.9698051948051947,473.8,479.2,0.2,2.0,0.0,1
12741,12,4.162163299663299,482.4166666666667,479.6666666666667,4.416666666666667,3.333333333333333,0.0,1
12743,11,1.8551830678624937,373.9090909090909,355.6363636363636,1.0909090909090908,1.0909090909090908,0.1818181818181818,0
12758,13,2.693741728357113,342.2307692307692,346.46153846153845,0.0769230769230769,0.4615384615384615,0.0,1
12764,6,1.445770202020202,344.6666666666667,390.3333333333333,1.5,2.5,0.1666666666666666,0
12775,8,4.034469696969697,504.0,454.75,1.0,3.875,0.125,0
12776,5,2.2909188034188035,338.6,342.0,0.6,6.8,0.0,1
12779,6,2.6152777777777776,460.8333333333333,479.6666666666667,1.1666666666666667,3.0,0.0,1
12784,6,2.3375,396.0,435.3333333333333,0.3333333333333333,4.0,0.0,1
12796,7,2.5364857364857367,509.57142857142856,568.8571428571429,1.8571428571428568,5.142857142857143,0.0,1
12812,11,5.255364080364081,473.0,557.7272727272727,0.4545454545454545,4.363636363636363,0.0,1
12823,54,2.729713928651837,406.6666666666667,448.6296296296296,3.611111111111111,2.314814814814815,0.0,1
12824,23,6.2958456292215885,500.5652173913044,534.0434782608696,1.391304347826087,3.391304347826087,0.0,1
12826,11,3.3377705627705625,519.6363636363636,515.7272727272727,4.818181818181818,4.454545454545454,0.0,1
12827,34,3.0153008755949933,542.8235294117648,568.7647058823529,1.1176470588235294,2.117647058823529,0.0294117647058823,0
12828,9,4.003001628001628,466.44444444444446,448.55555555555554,1.6666666666666667,1.8888888888888888,0.0,1
12834,15,3.317848725348725,452.6,494.53333333333336,4.133333333333334,10.2,0.0666666666666666,0
12835,10,3.045745920745921,422.4,475.6,7.3,4.9,0.0,1
12842,11,3.487626262626262,383.09090909090907,429.9090909090909,1.0,1.4545454545454546,0.0909090909090909,0
12847,44,3.832200268166177,414.04545454545456,420.9090909090909,4.159090909090909,6.25,0.0681818181818181,0
12853,5,1.5824603174603171,285.8,302.4,2.4,3.4,0.0,1
12854,5,6.576666666666666,467.6,484.8,1.8,3.6,0.0,1
12856,8,3.0921626984126984,543.375,543.375,5.375,5.625,0.0,1
12863,6,4.294372294372295,488.6666666666667,539.0,0.0,0.0,0.0,1
12867,7,3.0753968253968256,355.1428571428572,381.8571428571428,0.1428571428571428,1.1428571428571428,0.0,1
12870,14,1.977047485660931,295.1428571428572,302.7857142857143,1.4285714285714286,9.0,0.0714285714285714,0
12871,13,3.387612387612388,403.0,416.84615384615387,1.7692307692307692,4.307692307692308,0.0,1
12902,8,3.46075487012987,386.0,373.375,3.25,2.5,0.125,0
12903,7,1.8717076574219436,388.7142857142857,425.2857142857143,1.0,2.0,0.1428571428571428,0
12905,5,5.411111111111111,407.6,494.0,0.0,0.0,0.0,1
12908,5,4.069166666666667,438.0,524.0,1.0,7.8,0.0,1
12917,16,3.7804490546218488,393.25,478.125,4.0,3.5,0.0,1
12923,10,2.6513247863247864,426.8,424.0,2.2,5.5,0.0,1
12932,11,3.701792651792652,455.54545454545456,509.45454545454544,0.4545454545454545,1.6363636363636365,0.0,1
12948,6,2.597420634920635,348.6666666666667,404.5,0.1666666666666666,1.8333333333333333,0.0,1
12962,8,2.043452380952381,359.75,376.25,1.875,1.5,0.0,1
12963,25,3.4556652236652234,434.28,461.64,2.12,2.52,0.0,1
12966,13,3.844322344322344,337.2307692307692,395.5384615384616,0.9230769230769232,5.0,0.0,1
12975,9,2.072222222222222,306.55555555555554,323.8888888888889,0.7777777777777778,2.6666666666666665,0.0,1
12977,9,1.4146418396418396,332.0,329.1111111111111,0.0,0.0,0.1111111111111111,0
12982,6,2.586309523809524,450.8333333333333,452.1666666666667,0.0,0.0,0.0,1
12984,11,4.968044077134986,513.0909090909091,577.9090909090909,1.4545454545454546,6.909090909090909,0.0,1
12985,6,6.860042735042735,440.5,466.0,0.5,3.0,0.0,1
12989,6,2.220827320827321,393.6666666666667,327.3333333333333,5.666666666666667,5.833333333333333,0.0,1
12992,8,1.6691837660103914,375.0,427.375,0.125,1.75,0.125,0
12993,10,1.4610020371785075,361.4,400.3,0.2,4.0,0.2,0
13005,28,2.6276167285095857,446.3928571428572,465.5,2.642857142857143,2.9285714285714284,0.0714285714285714,0
13010,10,3.40218253968254,492.8,531.6,0.2,1.6,0.0,1
13011,6,3.3263888888888893,425.5,482.1666666666667,1.6666666666666667,6.0,0.0,1
13012,5,4.07939393939394,589.6,618.6,0.8,1.8,0.0,1
13013,5,3.396666666666667,664.0,588.6,0.0,0.0,0.0,1
13014,5,1.498104118104118,328.6,362.4,0.6,3.6,0.0,1
13016,8,1.81062091503268,321.25,372.0,1.125,4.75,0.125,0
13022,5,4.196666666666667,509.6,546.0,0.4,3.6,0.0,1
13025,7,1.8124098124098125,385.57142857142856,431.2857142857143,0.0,0.0,0.0,1
13045,5,2.1861693861693863,346.6,360.0,1.4,3.0,0.0,1
13058,7,5.519047619047619,427.8571428571428,408.0,0.0,0.0,0.1428571428571428,0
13069,5,3.790952380952381,402.0,452.0,0.0,0.0,0.0,1
13070,7,2.5496860282574567,405.57142857142856,445.0,1.1428571428571428,1.4285714285714286,0.0,1
13072,6,1.5625,549.5,443.5,1.3333333333333333,1.0,0.0,1
13073,18,3.12248075998076,352.0,366.3888888888889,3.2222222222222223,2.888888888888889,0.0,1
13074,19,4.381472620946305,603.3684210526316,577.2105263157895,2.1578947368421053,6.7368421052631575,0.0,1
13076,5,3.41025641025641,517.8,496.8,0.6,5.6,0.0,1
13077,5,1.63,255.0,276.2,0.0,0.0,0.0,1
13083,20,2.179989814107461,383.55,414.75,0.85,4.55,0.0,1
13084,24,2.817997685185185,401.6666666666667,448.5,1.3333333333333333,1.6666666666666667,0.0,1
13090,26,3.3451173826173823,479.61538461538464,514.5384615384615,1.1153846153846154,2.3076923076923075,0.0,1
13092,7,2.2992630385487525,419.1428571428572,487.0,1.0,4.0,0.0,1
13098,28,3.716003201059592,385.75,425.7857142857143,1.1071428571428572,1.8571428571428568,0.0357142857142857,0
13105,12,5.407341269841271,335.1666666666667,414.5833333333333,1.9166666666666667,7.333333333333333,0.0833333333333333,0
13107,5,6.024242424242424,529.8,613.8,2.8,4.8,0.0,1
13108,13,1.69936014839861,437.5384615384616,445.7692307692308,0.2307692307692307,2.076923076923077,0.0,1
13113,6,2.439280626780627,601.3333333333334,594.3333333333334,7.0,2.5,0.0,1
13117,6,2.588403263403263,475.0,515.0,1.5,0.8333333333333334,0.0,1
13124,9,1.7826821326821327,417.1111111111111,456.55555555555554,0.2222222222222222,1.5555555555555556,0.0,1
13125,7,1.58718820861678,240.0,285.42857142857144,0.1428571428571428,1.0,0.0,1
13127,5,2.2744444444444443,345.6,381.0,0.2,3.0,0.0,1
13128,7,3.713265306122449,455.0,504.0,0.5714285714285714,5.571428571428571,0.0,1
13139,6,4.594312169312169,700.5,674.6666666666666,0.3333333333333333,2.5,0.0,1
13157,7,2.4159090909090915,348.1428571428572,371.4285714285714,1.0,0.7142857142857143,0.0,1
13158,11,2.161047286047286,472.6363636363636,503.7272727272728,0.4545454545454545,1.2727272727272727,0.0,1
13187,13,7.696141678833987,496.9230769230769,538.2307692307693,4.538461538461538,2.769230769230769,0.0,1
13195,12,2.265109464838567,477.0833333333333,519.5,1.0,1.3333333333333333,0.0,1
13208,7,4.741581632653061,511.2857142857143,486.57142857142856,0.1428571428571428,0.7142857142857143,0.0,1
13215,8,3.8813988095238097,552.0,543.625,0.125,1.25,0.125,0
13230,15,3.56029896029896,541.0,556.6666666666666,0.6,1.2,0.0666666666666666,0
13234,5,3.3244444444444445,409.2,391.0,0.2,1.0,0.0,1
13239,6,1.9898989898989896,295.0,295.0,3.6666666666666665,14.666666666666666,0.0,1
13242,8,2.668380230880231,450.625,406.5,0.125,0.75,0.0,1
13243,7,2.468367346938776,352.42857142857144,422.57142857142856,1.2857142857142858,3.857142857142857,0.0,1
13251,5,3.96,490.6,481.4,0.4,4.8,0.0,1
13256,23,2.9271263050674814,338.6521739130435,373.0869565217391,0.217391304347826,3.0,0.0,1
13261,5,4.461363636363637,489.4,550.6,2.4,2.4,0.0,1
13262,8,4.473958333333333,478.0,522.75,6.25,2.625,0.0,1
13286,5,4.616190476190477,575.6,556.8,0.0,0.0,0.0,1
13289,9,2.435185185185185,353.0,373.22222222222223,0.6666666666666666,2.2222222222222223,0.0,1
13295,25,3.768659229659229,474.72,498.96,0.32,1.92,0.04,0
13301,5,1.887222222222222,491.2,560.2,1.6,4.4,0.0,1
13302,11,2.952020202020202,485.45454545454544,502.27272727272725,0.8181818181818182,5.0,0.0,1
13303,5,2.1325541125541125,493.6,527.0,0.0,0.0,0.0,1
13317,11,2.02007437007437,311.1818181818182,340.1818181818182,0.9090909090909092,6.0,0.0,1
13318,6,2.435425685425685,452.8333333333333,472.5,2.833333333333333,3.5,0.0,1
13320,8,1.84329594017094,432.75,450.625,0.25,1.0,0.125,0
13324,21,2.814173458816316,431.7619047619048,492.9047619047619,0.4285714285714285,0.1904761904761904,0.0,1
13330,14,2.9551484230055656,396.0,436.5,0.3571428571428571,0.7142857142857143,0.0,1
13331,7,2.3539983825698108,481.7142857142857,500.57142857142856,0.0,0.0,0.0,1
13332,6,2.645238095238095,511.1666666666667,483.5,25.83333333333333,2.5,0.1666666666666666,0
13342,20,3.5082153957153954,445.1,495.0,0.95,2.5,0.0,1
13344,16,3.8337716103341104,582.875,570.1875,0.4375,2.5,0.0,1
13345,19,2.7490860017175804,341.57894736842104,405.3684210526316,0.5263157894736842,0.9473684210526316,0.0,1
13352,9,4.737423687423688,492.44444444444446,492.3333333333333,1.8888888888888888,3.0,0.0,1
13353,5,2.183636363636364,543.4,549.0,0.2,2.0,0.0,1
13370,17,2.1156898656898657,391.4705882352941,420.9411764705882,0.0,0.0,0.0,1
13379,15,2.677302789802789,390.8666666666667,405.6,0.2666666666666666,1.0666666666666669,0.0,1
13401,14,2.2420502116930687,456.2142857142857,499.4285714285714,2.0,4.285714285714286,0.0714285714285714,0
13418,5,2.156701631701632,341.6,357.2,0.2,1.6,0.0,1
13420,5,3.393333333333333,548.2,535.2,0.0,0.0,0.2,0
13422,11,3.002012581892261,403.8181818181818,451.54545454545456,0.2727272727272727,5.727272727272728,0.0,1
13447,25,4.180580419580419,486.0,497.44,1.4,5.28,0.0,1
13450,9,5.887506012506012,487.3333333333333,428.3333333333333,1.7777777777777777,3.333333333333333,0.0,1
13471,6,5.064417989417989,605.8333333333334,627.1666666666666,0.6666666666666666,2.6666666666666665,0.0,1
13474,14,3.427897697540555,447.57142857142856,502.2142857142857,0.2142857142857142,1.4285714285714286,0.0,1
13475,7,3.179661608233037,412.4285714285714,498.4285714285714,0.1428571428571428,1.2857142857142858,0.0,1
13480,7,2.220238095238096,401.1428571428572,430.0,0.4285714285714285,1.4285714285714286,0.0,1
13481,8,3.148809523809524,383.75,449.75,1.625,1.125,0.0,1
13483,6,3.333333333333333,434.6666666666667,472.8333333333333,1.1666666666666667,1.0,0.0,1
13489,7,3.0704081632653057,457.1428571428572,482.8571428571428,0.7142857142857143,5.571428571428571,0.0,1
13502,14,2.2039799253034547,454.2857142857143,480.9285714285714,0.8571428571428571,2.357142857142857,0.0714285714285714,0
13507,5,2.9673076923076924,552.2,562.8,1.0,2.8,0.0,1
13508,8,2.4187908496732025,347.375,379.0,1.125,4.125,0.0,1
13510,20,4.185773809523809,507.1,555.85,2.05,1.4,0.0,1
13521,8,2.462510773540185,375.0,444.5,1.625,6.0,0.125,0
13522,6,1.1729166666666666,378.3333333333333,360.6666666666667,0.6666666666666666,3.6666666666666665,0.0,1
13523,6,2.132875457875458,371.5,422.5,0.1666666666666666,1.3333333333333333,0.0,1
13524,5,1.4079365079365078,344.2,368.2,0.0,0.0,0.2,0
13536,5,2.435836385836386,393.2,391.6,0.6,4.0,0.4,0
13537,19,2.97123870281765,338.63157894736844,333.3684210526316,0.0,0.0,0.0,1
13538,6,2.3361772486772487,519.3333333333334,524.8333333333334,1.0,3.5,0.0,1
13540,8,6.841964285714286,477.0,468.25,0.0,0.0,0.0,1
13541,6,2.2203703703703703,386.0,393.0,0.5,0.8333333333333334,0.0,1
13548,5,1.9342424242424243,341.8,383.2,0.2,3.8,0.0,1
13549,32,2.7402236652236653,414.125,441.875,1.8125,9.5,0.03125,0
13550,7,4.859126984126983,439.57142857142856,488.7142857142857,0.4285714285714285,2.0,0.0,1
13556,5,2.946825396825397,469.4,486.8,0.0,0.0,0.0,1
13560,19,1.9549897470950104,298.2105263157895,304.05263157894734,1.5263157894736843,2.210526315789474,0.0,1
13563,8,5.383333333333334,413.875,508.125,0.125,1.75,0.0,1
13576,25,3.6609793539793536,441.32,515.28,1.2,6.24,0.04,0
13582,9,3.885493827160494,491.0,542.7777777777778,6.666666666666667,5.333333333333333,0.1111111111111111,0
13602,18,4.504972342472343,429.3333333333333,448.1666666666667,0.4444444444444444,3.555555555555556,0.1111111111111111,0
13608,13,6.01559594251902,538.6153846153846,596.0,5.076923076923077,3.8461538461538463,0.0,1
13615,14,5.5535147392290245,583.7142857142857,585.9285714285714,3.142857142857143,1.0714285714285714,0.0,1
13616,21,4.006555349412492,468.57142857142856,540.8095238095239,1.8571428571428568,6.095238095238095,0.0476190476190476,0
13624,33,3.3560826379008195,441.1212121212121,502.6666666666667,0.8181818181818182,1.0606060606060606,0.0303030303030303,0
13625,5,4.49,487.6,554.8,0.0,0.0,0.0,1
13626,10,4.00814935064935,441.6,501.3,0.9,3.6,0.0,1
13627,15,4.017486772486772,524.6666666666666,567.2,0.0,0.0,0.0,1
13629,6,2.787962962962963,400.8333333333333,438.6666666666667,1.5,4.666666666666667,0.0,1
13639,9,2.062746748531062,382.3333333333333,428.8888888888889,2.888888888888889,10.555555555555555,0.0,1
13645,9,9.647232397232395,543.8888888888889,570.3333333333334,1.0,4.666666666666667,0.0,1
13646,8,2.0242442810457515,365.375,418.625,0.875,0.5,0.0,1
13655,16,4.672271305083806,453.9375,484.8125,1.4375,2.25,0.0,1
13656,20,5.479662698412699,569.15,575.15,0.05,0.55,0.0,1
13657,5,3.867099567099568,422.4,414.4,0.4,1.4,0.0,1
13668,10,2.13030525030525,390.2,469.3,2.5,6.0,0.0,1
13672,6,4.250165343915344,511.1666666666667,553.0,0.0,0.0,0.0,1
13675,7,3.1702826585179524,409.8571428571428,455.7142857142857,1.2857142857142858,1.2857142857142858,0.0,1
13676,5,3.6173015873015872,551.6,564.4,0.0,0.0,0.0,1
13691,11,3.937373737373737,454.3636363636364,479.27272727272725,2.8181818181818183,3.1818181818181817,0.0,1
13694,23,3.804606625258799,467.2608695652174,509.9565217391304,2.260869565217391,3.5217391304347827,0.0869565217391304,0
13700,5,2.215885780885781,406.6,418.8,17.6,4.2,0.0,1
13702,9,1.6357804232804232,384.3333333333333,471.1111111111111,2.7777777777777777,4.666666666666667,0.0,1
13704,8,3.0366071428571426,397.75,391.75,0.75,3.0,0.0,1
13706,21,3.7433266468980753,419.3809523809524,463.04761904761904,0.8095238095238095,0.8571428571428571,0.0476190476190476,0
13707,23,4.514200292461162,308.95652173913044,342.5217391304348,0.6956521739130435,2.347826086956522,0.0434782608695652,0
13712,8,1.2167027417027416,374.0,424.375,0.0,0.0,0.0,1
13713,5,3.335299145299145,507.6,591.2,2.6,8.0,0.0,1
13715,16,3.196511648074148,467.25,505.625,0.25,0.6875,0.0625,0
13716,6,2.027777777777778,367.0,420.3333333333333,0.3333333333333333,2.333333333333333,0.0,1
13728,28,4.986104570033142,520.7142857142857,537.1428571428571,0.1428571428571428,1.2857142857142858,0.0,1
13729,44,3.614443826375645,352.6363636363636,381.8181818181818,3.2954545454545454,1.818181818181818,0.0,1
13733,5,2.546324786324786,417.4,533.2,0.2,1.8,0.0,1
13734,5,2.178008658008658,337.4,383.6,3.8,5.8,0.0,1
13735,7,5.8738095238095225,490.7142857142857,511.57142857142856,1.4285714285714286,3.142857142857143,0.0,1
13743,9,5.235008818342152,540.6666666666666,573.3333333333334,0.0,0.0,0.0,1
13744,9,3.9513227513227513,424.22222222222223,419.6666666666667,0.0,0.0,0.0,1
13751,8,2.884469696969697,396.875,411.625,8.75,4.875,0.0,1
13752,7,2.806524427953,467.4285714285714,492.8571428571428,0.1428571428571428,0.7142857142857143,0.0,1
13753,23,2.396361488752793,354.2173913043478,377.82608695652175,1.2608695652173914,6.521739130434782,0.0,1
13754,10,2.145714285714285,442.6,439.6,0.4,1.8,0.1,0
13755,7,4.1912698412698415,482.0,449.2857142857143,2.2857142857142856,3.4285714285714284,0.0,1
13763,5,2.1346031746031744,553.4,573.6,7.6,4.8,0.0,1
13774,5,3.136013071895425,537.4,565.0,1.2,9.0,0.0,1
13775,5,2.140672268907563,359.0,374.6,3.2,6.0,0.0,1
13786,5,2.2861471861471863,378.4,440.8,0.6,4.0,0.0,1
13803,14,3.521034124605553,500.0,535.2857142857143,0.1428571428571428,1.8571428571428568,0.0,1
13810,8,3.04375,417.125,419.5,0.625,2.0,0.0,1
13811,8,3.583928571428572,452.625,445.875,0.125,0.75,0.0,1
13815,23,4.862844281322542,479.5217391304348,475.3478260869565,0.6086956521739131,0.6521739130434783,0.0434782608695652,0
13826,5,2.488888888888889,407.2,430.2,0.0,0.0,0.2,0
13830,6,2.658119658119658,554.0,537.0,0.5,5.333333333333333,0.0,1
13831,42,2.249975159061293,400.9285714285714,425.8571428571428,0.4047619047619047,2.380952380952381,0.0238095238095238,0
13835,5,2.508874458874459,429.0,467.6,1.2,3.6,0.0,1
13842,17,7.009477124183007,647.7647058823529,655.5294117647059,1.6470588235294117,8.823529411764707,0.0,1
13853,6,3.078968253968254,379.0,435.1666666666667,1.8333333333333333,2.5,0.0,1
13856,17,4.867226890756303,490.2352941176471,510.0,0.4117647058823529,1.0588235294117647,0.0,1
13857,16,4.261011904761904,534.8125,544.4375,3.375,2.875,0.0625,0
13858,6,3.20465367965368,479.3333333333333,520.1666666666666,0.0,0.0,0.0,1
13859,5,1.5268627450980392,286.0,304.6,0.2,1.6,0.0,1
13865,6,3.7351851851851854,506.1666666666667,560.8333333333334,2.1666666666666665,5.5,0.0,1
13867,7,3.5822510822510822,565.8571428571429,577.0,1.2857142857142858,0.7142857142857143,0.0,1
13878,7,2.391425241425241,407.1428571428572,415.0,5.142857142857143,2.571428571428572,0.0,1
13896,5,3.2777777777777777,373.4,342.2,0.0,0.0,0.0,1
13900,14,1.9879269539983824,439.3571428571428,444.57142857142856,0.0,0.0,0.0,1
13911,5,3.086212121212121,399.4,392.6,3.2,13.6,0.0,1
13920,5,1.5855555555555554,338.6,346.8,0.2,1.2,0.0,1
13927,6,2.1391025641025645,418.3333333333333,389.0,0.1666666666666666,0.8333333333333334,0.0,1
13936,5,4.306349206349206,507.0,534.4,0.4,2.6,0.0,1
13937,11,3.064541519086973,342.27272727272725,358.1818181818182,0.7272727272727273,4.727272727272728,0.0,1
13939,5,3.3707142857142856,473.0,453.4,0.0,0.0,0.0,1
13940,7,3.40964590964591,464.4285714285714,530.0,0.0,0.0,0.0,1
13945,23,1.7511420628697518,465.2608695652174,501.3478260869565,6.695652173913044,1.9565217391304348,0.0,1
13949,5,2.5339682539682538,474.2,519.4,1.2,7.8,0.0,1
13964,6,2.774603174603174,430.6666666666667,446.5,9.0,6.0,0.0,1
13965,12,3.211531279178338,437.5,453.0,1.8333333333333333,2.5,0.0,1
13981,9,3.902765752765752,460.0,473.1111111111111,0.3333333333333333,1.5555555555555556,0.0,1
13988,5,2.406904761904762,370.2,423.4,1.6,1.4,0.0,1
13991,11,1.9812823540096267,350.09090909090907,402.8181818181818,5.363636363636363,1.818181818181818,0.0,1
13998,8,2.433583603896104,461.0,503.625,0.125,1.5,0.0,1
13999,22,3.486694807717535,414.7272727272728,460.5,2.590909090909091,4.545454545454546,0.0454545454545454,0
14000,5,1.6376623376623378,288.8,319.8,0.0,0.0,0.0,1
14001,26,3.833972971472972,485.5384615384616,532.8461538461538,4.230769230769231,2.1153846153846154,0.0,1
14003,7,3.335884353741496,589.8571428571429,589.1428571428571,0.0,0.0,0.0,1
14005,7,2.561309523809524,414.0,481.8571428571428,0.0,0.0,0.0,1
14006,5,3.5942857142857143,514.2,592.0,0.0,0.0,0.0,1
14011,20,2.5006600344100347,441.35,487.45,0.3,0.9,0.0,1
14019,19,2.27858428121586,374.2631578947368,388.6842105263158,0.5263157894736842,1.5789473684210529,0.0,1
14035,5,9.636428571428572,436.4,478.2,1.4,2.4,0.0,1
14036,7,3.931746031746032,536.4285714285714,573.7142857142857,3.571428571428572,13.571428571428571,0.0,1
14038,7,5.25,612.7142857142857,622.5714285714286,0.1428571428571428,0.4285714285714285,0.0,1
14050,5,4.101111111111111,489.4,434.0,0.0,0.0,0.0,1
14060,36,3.373739069572403,569.1388888888889,574.5277777777778,0.8333333333333334,2.25,0.0277777777777777,0
14065,6,1.3159879336349924,285.8333333333333,334.3333333333333,0.0,0.0,0.0,1
14074,6,1.6644993894993896,327.6666666666667,361.3333333333333,0.0,0.0,0.0,1
14077,6,1.6603174603174604,430.8333333333333,473.5,0.0,0.0,0.0,1
14078,5,1.7983682983682985,331.4,315.8,0.0,0.0,0.0,1
14079,28,2.827645402566621,445.6071428571428,453.1071428571428,1.9285714285714288,3.571428571428572,0.0714285714285714,0
14083,7,4.352813852813853,486.2857142857143,532.1428571428571,0.8571428571428571,2.571428571428572,0.0,1
14096,8,2.846875,350.125,352.25,1.5,6.0,0.0,1
14097,8,2.2336219336219334,395.25,428.875,7.875,3.25,0.0,1
14098,8,2.7846840659340657,370.5,401.25,12.5,5.625,0.0,1
14113,16,4.869615800865801,498.25,519.4375,0.3125,1.125,0.0,1
14115,6,2.2946849446849447,519.5,496.8333333333333,4.666666666666667,2.5,0.0,1
14117,5,4.785714285714287,682.8,597.2,0.8,7.2,0.0,1
14136,13,6.05905205905206,418.2307692307692,469.0,0.4615384615384615,1.6153846153846154,0.0,1
14144,10,3.1637696617108384,425.6,454.2,0.8,2.8,0.0,1
14163,12,2.7005698005698004,439.0833333333333,467.75,0.5833333333333334,1.0,0.0833333333333333,0
14164,6,2.0865079365079366,419.0,449.1666666666667,0.0,0.0,0.1666666666666666,0
14171,14,4.669042465471037,444.8571428571428,467.8571428571428,1.6428571428571428,6.0,0.0,1
14172,16,2.127744610373287,356.75,373.5,1.0,5.0,0.0,1
14179,21,4.781323042037328,406.8095238095238,445.0,0.1904761904761904,0.5714285714285714,0.0,1
14180,27,4.499470899470899,550.4074074074074,565.1851851851852,0.4814814814814814,3.111111111111111,0.0,1
14182,6,4.510515873015874,379.6666666666667,446.8333333333333,0.0,0.0,0.0,1
14192,5,1.382857142857143,353.8,413.4,0.0,0.0,0.2,0
14205,18,3.453328924162258,499.77777777777777,537.5555555555555,0.8888888888888888,4.666666666666667,0.0,1
14209,7,2.899319727891157,400.57142857142856,444.4285714285714,0.4285714285714285,4.0,0.0,1
14212,6,2.4971139971139973,431.3333333333333,457.3333333333333,0.0,0.0,0.0,1
14215,6,2.838492063492064,403.5,419.3333333333333,1.1666666666666667,2.6666666666666665,0.0,1
14216,5,1.9923076923076923,398.8,470.2,0.2,1.2,0.0,1
14218,6,2.744444444444445,544.0,519.0,0.1666666666666666,0.5,0.0,1
14225,23,3.474842832643344,519.6521739130435,522.1739130434783,0.391304347826087,2.4347826086956523,0.0,1
14226,16,2.0866217983405484,356.75,405.625,0.1875,1.25,0.0,1
14227,8,2.7984848484848484,393.75,418.0,0.75,1.875,0.125,0
14230,6,3.145454545454546,560.5,544.5,3.8333333333333335,3.0,0.0,1
14231,5,2.6885714285714286,286.2,291.2,0.4,1.6,0.0,1
14238,21,2.925175221603793,375.0,401.04761904761904,2.142857142857143,3.4285714285714284,0.0952380952380952,0
14243,27,1.715882265882266,339.1481481481481,362.2962962962963,0.7777777777777778,5.555555555555555,0.0,1
14253,5,1.9706060606060607,316.2,323.6,1.0,0.8,0.0,1
14260,5,3.496666666666667,497.6,609.6,0.8,4.0,0.0,1
14270,11,2.551562472615104,466.0,504.6363636363636,2.5454545454545454,3.636363636363636,0.0,1
14286,5,2.843766233766234,502.2,553.4,0.8,1.6,0.0,1
14292,5,2.068167388167388,414.0,371.0,0.6,1.8,0.0,1
14308,17,3.813082505729565,470.6470588235294,519.2352941176471,0.3529411764705882,4.235294117647059,0.0,1
14315,6,2.4499320124320123,478.1666666666667,435.1666666666667,0.6666666666666666,2.0,0.0,1
14318,13,4.353990453990454,413.38461538461536,463.9230769230769,1.8461538461538465,4.307692307692308,0.0,1
14322,8,2.9291666666666667,493.25,550.625,4.75,5.625,0.0,1
14331,6,4.709722222222222,580.5,621.6666666666666,0.5,1.6666666666666667,0.0,1
14336,9,3.7026455026455034,482.77777777777777,487.44444444444446,0.1111111111111111,0.4444444444444444,0.0,1
14340,33,3.178478870942986,513.030303030303,511.2121212121212,3.8484848484848486,1.5757575757575757,0.0303030303030303,0
14341,5,2.9612053194483536,347.2,390.2,0.8,3.6,0.0,1
14349,14,2.445202291442893,404.0,435.7857142857143,0.2142857142857142,0.7142857142857143,0.0,1
14377,13,4.191560362714209,482.9230769230769,492.2307692307692,0.2307692307692307,0.7692307692307693,0.0,1
14382,6,2.9851190476190474,297.5,333.5,1.0,6.0,0.0,1
14383,6,3.45995670995671,280.1666666666667,308.1666666666667,0.6666666666666666,3.6666666666666665,0.0,1
14384,6,11.292022792022792,519.5,508.8333333333333,3.333333333333333,2.5,0.0,1
14385,6,12.90277777777778,510.5,604.8333333333334,4.833333333333333,2.5,0.0,1
14388,8,3.242010073260073,432.125,456.0,2.25,6.0,0.0,1
14393,5,3.2844155844155845,497.6,507.2,0.0,0.0,0.0,1
14394,5,1.5863136863136862,302.4,313.8,0.0,0.0,0.0,1
14403,9,5.055507455507456,406.55555555555554,485.8888888888889,0.7777777777777778,2.6666666666666665,0.0,1
14404,9,5.825697450697451,428.8888888888889,497.55555555555554,0.0,0.0,0.0,1
14405,9,5.560582010582011,455.77777777777777,551.7777777777778,0.8888888888888888,4.444444444444445,0.0,1
14414,23,3.141012887368386,584.6521739130435,655.4347826086956,6.695652173913044,4.521739130434782,0.1739130434782608,0
14432,6,1.1616161616161615,319.5,349.8333333333333,1.3333333333333333,4.5,0.0,1
14443,6,1.8869047619047616,365.1666666666667,368.6666666666667,0.0,0.0,0.0,1
14444,5,4.488888888888889,408.2,496.4,0.2,2.8,0.0,1
14445,13,4.979059829059829,323.38461538461536,398.5384615384616,0.0769230769230769,0.6923076923076923,0.0,1
14447,5,2.8433333333333333,391.4,430.6,0.4,8.0,0.0,1
14456,5,2.517582417582417,414.0,429.6,3.4,2.4,0.0,1
14457,54,4.1496242183742185,399.6296296296296,436.0925925925926,0.9629629629629628,3.111111111111111,0.0,1
14458,8,2.148076923076923,544.125,516.875,3.875,2.25,0.0,1
14465,5,1.368859649122807,399.0,452.4,1.6,11.2,0.0,1
14479,15,2.766164021164021,450.2,485.4666666666666,1.3333333333333333,2.1333333333333333,0.0666666666666666,0
14482,15,2.778637843637844,344.46666666666664,416.4666666666666,1.8,1.8666666666666667,0.0,1
14483,28,2.3312573834895263,480.75,506.32142857142856,2.821428571428572,4.0,0.0,1
14489,6,4.52420634920635,528.1666666666666,535.0,0.5,1.3333333333333333,0.0,1
14490,5,2.1669117647058824,410.2,461.6,1.6,0.8,0.0,1
14491,5,2.298636363636364,318.4,342.8,0.0,0.0,0.0,1
14510,27,2.371923711982192,396.9259259259259,424.962962962963,1.3333333333333333,1.037037037037037,0.074074074074074,0
14515,6,3.8722222222222222,543.5,612.3333333333334,0.0,0.0,0.0,1
14542,5,3.814761904761904,356.0,348.8,5.0,2.4,0.0,1
14543,5,3.782307692307693,416.2,381.2,0.8,1.6,0.0,1
14546,5,2.872619047619048,433.8,425.4,3.6,5.4,0.2,0
14551,11,1.6923910154173312,410.9090909090909,492.6363636363636,1.0,1.9090909090909087,0.0,1
14560,14,3.8531179138322,470.2142857142857,493.07142857142856,0.4285714285714285,1.4285714285714286,0.0,1
14567,15,3.523214008214008,545.4666666666667,510.06666666666666,1.3333333333333333,1.3333333333333333,0.0,1
14580,7,4.817563388991961,410.7142857142857,474.57142857142856,0.0,0.0,0.0,1
14589,15,2.855087145969499,362.9333333333333,404.2,0.5333333333333333,2.0,0.0,1
14590,5,2.2794871794871794,319.6,374.4,6.0,4.8,0.0,1
14599,9,4.065608465608467,532.8888888888889,497.0,3.555555555555556,2.888888888888889,0.0,1
14604,6,4.576851851851852,529.6666666666666,478.0,2.0,0.3333333333333333,0.0,1
14616,49,1.9366649803269187,406.2244897959184,433.6530612244898,0.8163265306122449,3.020408163265306,0.0,1
14619,16,2.6472988816738816,442.375,406.9375,1.5,1.875,0.0,1
14620,14,7.582946815089672,680.1428571428571,639.9285714285714,3.7857142857142856,3.7142857142857135,0.0,1
14627,16,2.8025106633562515,404.5,443.4375,0.5625,2.5,0.0,1
14633,7,2.26282844139987,289.7142857142857,341.7142857142857,0.1428571428571428,1.4285714285714286,0.0,1
14647,6,2.497053872053872,437.1666666666667,449.0,1.8333333333333333,4.666666666666667,0.0,1
14656,17,2.679882862235804,488.3529411764706,541.7647058823529,2.411764705882353,2.3529411764705883,0.0,1
14664,6,2.064225589225589,358.1666666666667,405.1666666666667,0.3333333333333333,1.8333333333333333,0.0,1
14665,5,2.39,329.2,345.6,0.0,0.0,0.2,0
14666,24,3.5792543105043104,470.4166666666667,475.0833333333333,0.6666666666666666,2.5,0.0,1
14667,5,2.9615151515151514,427.6,460.0,0.2,1.4,0.0,1
14668,5,2.4422843822843823,423.0,463.4,2.8,4.0,0.0,1
14674,29,3.0381903987380663,475.2413793103448,513.551724137931,0.9310344827586208,3.034482758620689,0.0,1
14679,5,4.240476190476191,387.6,415.2,0.8,2.0,0.0,1
14683,22,3.4640527401891035,458.1818181818182,492.95454545454544,0.0909090909090909,1.181818181818182,0.0,1
14685,8,2.1938956876456874,420.625,454.25,0.25,1.25,0.0,1
14686,12,2.240566724941725,327.25,358.0,0.6666666666666666,3.333333333333333,0.0833333333333333,0
14692,6,2.227136752136752,407.3333333333333,441.5,0.0,0.0,0.0,1
14693,5,3.801282051282051,389.8,413.6,0.0,0.0,0.0,1
14701,6,2.156328320802005,423.1666666666667,497.8333333333333,0.1666666666666666,2.6666666666666665,0.0,1
14702,8,2.0990405427905428,373.125,469.0,0.5,4.5,0.0,1
14704,9,3.171303279146416,395.77777777777777,510.3333333333333,0.6666666666666666,2.2222222222222223,0.0,1
14710,7,3.166666666666667,400.2857142857143,455.4285714285714,0.5714285714285714,0.8571428571428571,0.0,1
14721,26,2.4986208236208234,348.1923076923077,402.4230769230769,0.1923076923076923,1.0384615384615383,0.0384615384615384,0
14730,6,3.6957070707070714,559.3333333333334,538.8333333333334,0.5,2.1666666666666665,0.0,1
14731,10,3.1063492063492064,324.1,372.1,3.1,11.4,0.0,1
14732,8,1.5718344155844155,473.375,445.0,1.125,8.75,0.0,1
14751,13,6.361391644792454,500.84615384615387,580.2307692307693,3.923076923076923,6.153846153846154,0.0,1
14754,7,2.08470695970696,555.0,542.7142857142857,5.285714285714286,14.0,0.0,1
14755,6,1.7809343434343434,263.3333333333333,284.5,1.5,6.666666666666667,0.0,1
14757,5,2.88,366.8,382.4,0.0,0.0,0.0,1
14761,6,0.980844884962532,308.1666666666667,355.6666666666667,0.3333333333333333,3.0,0.1666666666666666,0
14762,7,2.9072562358276643,356.85714285714283,429.0,0.7142857142857143,2.142857142857143,0.0,1
14778,7,3.35062358276644,415.2857142857143,516.4285714285714,0.0,0.0,0.0,1
14799,9,1.635493827160494,303.44444444444446,357.1111111111111,0.4444444444444444,1.3333333333333333,0.0,1
14806,5,2.785,411.2,489.6,1.2,2.4,0.0,1
14811,6,2.0625,354.3333333333333,408.8333333333333,0.3333333333333333,0.8333333333333334,0.0,1
14815,12,4.863415750915751,573.5833333333334,497.3333333333333,0.4166666666666667,1.0833333333333333,0.0,1
14817,5,10.086666666666666,611.0,651.4,1.8,5.6,0.0,1
14821,13,2.0367760444683523,392.0769230769231,421.38461538461536,1.3076923076923077,2.3076923076923075,0.0769230769230769,0
14822,19,2.526558091031775,451.6315789473685,499.10526315789474,0.5789473684210527,1.6842105263157894,0.1052631578947368,0
14828,7,4.10124716553288,541.7142857142857,591.1428571428571,6.714285714285714,0.5714285714285714,0.1428571428571428,0
14842,7,3.958730158730159,426.0,421.2857142857143,0.8571428571428571,2.571428571428572,0.0,1
14852,8,1.9192744755244755,318.5,343.0,2.75,8.75,0.0,1
14862,6,3.05770202020202,423.6666666666667,502.5,5.166666666666667,0.6666666666666666,0.0,1
14866,14,3.4018849206349207,409.2142857142857,414.57142857142856,3.857142857142857,2.571428571428572,0.0,1
14871,5,2.548809523809524,448.0,465.8,1.2,1.2,0.0,1
14878,8,1.614085914085914,438.625,478.125,0.375,0.875,0.125,0
14880,5,1.697565179918121,339.8,327.8,1.2,4.2,0.4,0
14885,18,3.19010989010989,396.1666666666667,463.3333333333333,1.2222222222222223,1.8333333333333333,0.0,1
14888,28,2.3346914989772136,379.8571428571428,420.8571428571428,5.428571428571429,7.5,0.0357142857142857,0
14889,8,3.489583333333333,536.25,501.625,0.0,0.0,0.0,1
14890,7,1.7108451072736788,392.8571428571428,457.4285714285714,4.571428571428571,4.571428571428571,0.0,1
14891,5,4.798412698412699,482.2,492.6,0.0,0.0,0.0,1
14901,5,2.3407142857142857,406.4,402.8,0.8,2.8,0.0,1
14902,6,1.3213083213083214,328.8333333333333,359.0,1.0,2.333333333333333,0.5,0
14920,11,3.5637085137085136,520.3636363636364,561.3636363636364,4.727272727272728,4.363636363636363,0.0,1
14923,6,3.830687830687831,548.5,559.8333333333334,0.0,0.0,0.0,1
14924,7,4.060753532182104,560.1428571428571,613.8571428571429,0.7142857142857143,0.8571428571428571,0.0,1
14931,17,3.6357914960856137,456.05882352941177,532.7647058823529,1.2352941176470589,5.176470588235294,0.0,1
14932,13,2.069525368918081,476.1538461538461,490.61538461538464,0.4615384615384615,2.1538461538461537,0.0,1
14940,5,2.3556776556776557,296.6,296.2,1.2,6.0,0.0,1
14941,12,6.626984126984127,635.0,610.25,0.6666666666666666,6.666666666666667,0.0,1
14943,12,4.957837301587301,379.75,420.9166666666667,0.8333333333333334,2.083333333333333,0.0,1
14944,13,4.053146853146853,408.1538461538461,462.0,0.0769230769230769,0.4615384615384615,0.0,1
14946,7,2.9798970870399444,392.7142857142857,440.8571428571428,1.1428571428571428,2.2857142857142856,0.0,1
14947,6,2.983333333333333,320.6666666666667,353.3333333333333,0.1666666666666666,1.3333333333333333,0.0,1
14952,18,2.834534671384629,496.27777777777777,523.0,3.7222222222222223,9.72222222222222,0.0,1
14960,16,6.462751831501832,583.8125,618.75,2.5625,2.5,0.0,1
14961,14,2.626381613251361,383.1428571428572,451.0,2.142857142857143,3.571428571428572,0.0,1
14964,13,1.8132062382062384,466.2307692307692,518.5384615384615,0.8461538461538461,11.076923076923077,0.0,1
14986,29,2.8763164601906994,469.86206896551727,519.3793103448276,1.896551724137931,1.5172413793103448,0.0344827586206896,0
14997,14,2.2942102540316824,436.5,490.57142857142856,2.7142857142857144,1.1428571428571428,0.0,1
15011,9,3.6117863617863617,376.8888888888889,387.44444444444446,0.2222222222222222,1.3333333333333333,0.0,1
15012,9,3.5502405002405,536.0,612.5555555555555,0.4444444444444444,1.8888888888888888,0.0,1
15015,11,4.055783105783106,400.0,406.45454545454544,0.0,0.0,0.0,1
15017,8,2.751488095238096,451.5,478.625,0.625,1.25,0.0,1
15020,6,2.350378787878788,350.8333333333333,332.8333333333333,1.5,2.6666666666666665,0.0,1
15022,5,2.314285714285714,525.2,536.8,0.2,0.8,0.0,1
15060,6,1.3430555555555557,367.3333333333333,406.5,0.6666666666666666,3.333333333333333,0.0,1
15066,5,1.8133333333333328,407.2,416.6,0.6,3.2,0.0,1
15067,8,4.324305555555555,433.875,437.5,1.5,4.5,0.0,1
15068,5,2.8707142857142856,522.0,521.6,0.0,0.0,0.0,1
15070,15,2.881216931216932,363.73333333333335,406.6,0.2,0.2,0.0,1
15076,6,6.050444925444926,534.6666666666666,588.1666666666666,1.6666666666666667,3.1666666666666665,0.0,1
15078,22,5.932160894660895,397.27272727272725,438.1818181818182,0.7272727272727273,1.5909090909090908,0.0454545454545454,0
15079,5,3.2550000000000003,357.0,375.4,0.6,3.6,0.2,0
15089,7,3.595959595959596,450.8571428571428,516.4285714285714,0.7142857142857143,0.7142857142857143,0.0,1
15095,19,3.243051977262504,359.05263157894734,414.3684210526316,1.4210526315789471,1.8421052631578947,0.0526315789473684,0
15096,5,2.414047619047619,471.6,535.4,0.2,1.2,0.0,1
15099,9,2.685769115645277,394.6666666666667,427.0,1.8888888888888888,4.0,0.0,1
15115,16,3.4963338744588746,409.25,478.25,2.75,1.875,0.0,1
15116,5,6.92063492063492,399.8,454.2,0.0,0.0,0.0,1
15117,11,3.590741833923652,522.8181818181819,526.9090909090909,1.2727272727272727,1.4545454545454546,0.0,1
15127,8,3.251183712121212,386.875,469.75,0.875,3.375,0.0,1
15143,6,1.7886724386724389,367.5,405.6666666666667,0.3333333333333333,0.8333333333333334,0.0,1
15144,6,1.9465608465608468,394.5,418.0,1.5,8.0,0.1666666666666666,0
15146,21,1.8008199472485185,340.0,363.6666666666667,1.0476190476190477,1.6666666666666667,0.0,1
15153,23,2.5170289855072463,415.7391304347826,482.0,0.7391304347826086,2.4347826086956523,0.0434782608695652,0
15172,7,4.496284271284272,505.7142857142857,537.4285714285714,0.4285714285714285,3.142857142857143,0.0,1
15174,7,2.647427175998605,465.0,492.8571428571428,0.2857142857142857,1.7142857142857142,0.0,1
15175,8,2.4771915584415583,320.625,357.0,3.125,7.5,0.0,1
15176,8,6.611832611832612,570.125,546.5,0.5,8.5,0.0,1
15188,5,3.626212121212121,432.4,492.6,0.8,1.2,0.0,1
15189,5,2.4285714285714284,316.2,395.2,0.0,0.0,0.0,1
15200,5,2.0903030303030303,347.4,359.0,0.8,2.8,0.0,1
15203,7,3.870871985157699,407.4285714285714,430.4285714285714,1.2857142857142858,3.4285714285714284,0.0,1
15204,5,1.1895238095238096,280.0,311.4,0.8,4.2,0.0,1
15205,10,1.3583838383838382,344.9,373.6,1.1,4.8,0.0,1
15206,7,3.2540507111935684,462.57142857142856,468.8571428571428,0.1428571428571428,1.0,0.1428571428571428,0
15209,5,3.583809523809524,369.4,375.8,0.0,0.0,0.0,1
15212,20,4.044096042846043,407.85,463.95,0.95,3.0,0.0,1
15213,11,3.5439106348197256,418.8181818181818,499.7272727272728,0.0,0.0,0.0,1
15214,16,3.4116185075889023,378.25,450.25,0.0625,0.5,0.0,1
15224,5,2.1915262515262515,377.6,416.2,1.4,9.0,0.0,1
15228,8,1.2556754101161995,473.0,481.0,3.25,5.375,0.125,0
15232,5,2.8238095238095235,378.6,373.0,0.0,0.0,0.0,1
15237,13,5.523753169907016,470.46153846153845,548.8461538461538,5.307692307692308,3.692307692307693,0.0,1
15257,5,1.6872727272727277,455.4,483.6,0.2,1.0,0.0,1
15260,6,3.4907305657305656,445.8333333333333,451.1666666666667,2.6666666666666665,1.0,0.0,1
15264,14,4.859410430839003,486.7142857142857,520.1428571428571,0.3571428571428571,1.7142857142857142,0.0,1
15277,35,2.607699003168928,407.2857142857143,446.74285714285713,6.114285714285714,3.2,0.0285714285714285,0
15278,22,3.5971787682014957,467.3181818181818,437.95454545454544,1.9545454545454544,6.545454545454546,0.0,1
15279,10,3.0849206349206346,478.5,527.0,0.2,1.5,0.0,1
15287,9,2.131849776947816,414.77777777777777,473.1111111111111,0.0,0.0,0.0,1
15293,19,2.151312722365354,346.57894736842104,365.3157894736842,0.6842105263157895,5.842105263157895,0.0,1
15296,8,3.4517857142857142,570.75,642.25,0.0,0.0,0.0,1
15304,5,4.137575757575758,480.2,501.2,7.2,6.4,0.0,1
15307,5,3.222777777777777,405.8,467.6,1.2,1.2,0.0,1
15309,5,3.118095238095238,464.6,484.2,0.0,0.0,0.0,1
15324,7,4.870238095238095,466.4285714285714,469.4285714285714,0.4285714285714285,3.7142857142857135,0.0,1
15331,23,2.1479811464466194,382.7391304347826,411.5217391304348,1.4782608695652173,2.739130434782609,0.0,1
15350,6,5.032173382173382,423.8333333333333,466.3333333333333,0.0,0.0,0.0,1
15352,14,1.7580927426792088,301.42857142857144,321.57142857142856,0.7857142857142857,2.0,0.0,1
15356,6,2.183766233766234,469.3333333333333,510.5,2.1666666666666665,4.0,0.0,1
15360,5,10.148333333333332,547.4,567.8,14.6,1.2,0.0,1
15375,7,1.9049165120593687,262.1428571428572,293.7142857142857,3.7142857142857135,1.4285714285714286,0.0,1
15381,5,3.4458333333333337,485.0,452.4,0.8,1.0,0.0,1
15390,9,2.0004208754208754,310.22222222222223,335.0,0.6666666666666666,1.3333333333333333,0.0,1
15406,8,1.6612907925407925,289.125,338.625,0.0,0.0,0.0,1
15412,6,2.7591269841269845,425.1666666666667,489.6666666666667,7.666666666666667,10.0,0.0,1
15413,7,1.9488400488400488,342.1428571428572,404.7142857142857,2.7142857142857144,13.571428571428571,0.0,1
15414,5,3.832645687645688,501.0,544.8,6.2,6.4,0.0,1
15417,6,5.661111111111111,682.1666666666666,630.8333333333334,1.5,4.0,0.0,1
15418,5,1.3285714285714283,366.4,415.0,2.6,2.0,0.2,0
15423,10,3.450714285714285,389.0,441.3,0.4,1.5,0.0,1
15427,7,2.2917582417582416,417.0,429.2857142857143,2.7142857142857144,9.714285714285714,0.0,1
15434,7,1.4456349206349208,283.0,278.57142857142856,3.142857142857143,4.571428571428571,0.0,1
15436,33,3.829260979662049,588.5757575757576,526.4242424242424,1.9393939393939397,4.636363636363637,0.0,1
15438,7,2.97687074829932,482.8571428571428,471.8571428571428,17.0,12.142857142857142,0.0,1
15445,6,3.138227513227513,258.1666666666667,289.3333333333333,0.0,0.0,0.0,1
15446,11,2.994598583234947,349.72727272727275,405.0,0.0909090909090909,0.7272727272727273,0.0,1
15447,11,3.650765900765901,366.3636363636364,398.7272727272728,0.0,0.0,0.0,1
15448,11,2.2520396270396272,402.0,432.7272727272728,0.0909090909090909,0.7272727272727273,0.0,1
15449,7,3.095918367346939,426.57142857142856,428.7142857142857,0.0,0.0,0.0,1
15453,15,4.027222222222222,486.1333333333333,547.0666666666667,0.0666666666666666,0.5333333333333333,0.0,1
15455,10,3.075651848151848,451.7,497.8,0.9,6.0,0.0,1
15466,6,2.2709150326797385,358.0,389.6666666666667,2.0,3.0,0.0,1
15469,7,2.607647907647908,354.1428571428572,421.57142857142856,0.7142857142857143,3.4285714285714284,0.0,1
15471,9,2.6097411847411847,487.0,536.5555555555555,0.1111111111111111,1.0,0.0,1
15483,7,4.496886446886447,479.1428571428572,584.2857142857143,2.4285714285714284,2.857142857142857,0.0,1
15484,7,4.995691609977324,498.8571428571428,518.1428571428571,1.8571428571428568,5.714285714285714,0.0,1
15490,13,2.3138320013320013,363.38461538461536,395.9230769230769,0.4615384615384615,1.8461538461538465,0.1538461538461538,0
15503,6,3.8071428571428574,371.8333333333333,365.0,0.3333333333333333,1.5,0.0,1
15512,50,2.5386833735579866,393.72,423.5,1.6,2.38,0.02,0
15514,11,1.2306012169648537,326.45454545454544,341.45454545454544,0.0,0.0,0.0,1
15526,13,4.006227106227106,354.84615384615387,390.61538461538464,0.8461538461538461,1.9230769230769231,0.0,1
15527,21,3.71207905850763,437.7142857142857,480.1428571428572,0.6190476190476191,3.0476190476190474,0.0,1
15546,5,2.1505194805194803,372.0,416.8,4.6,5.4,0.0,1
15556,5,2.953333333333333,404.6,452.8,2.6,6.0,0.0,1
15557,5,2.6924358974358973,499.4,534.6,0.0,0.0,0.0,1
15562,12,2.0945054945054946,422.75,436.1666666666667,0.4166666666666667,1.75,0.0,1
15563,12,1.2786398786398787,261.6666666666667,288.5,0.4166666666666667,1.6666666666666667,0.0,1
15570,8,2.3892857142857142,359.625,375.75,0.125,1.375,0.0,1
15579,10,1.948026556776557,383.6,427.3,0.7,1.8,0.1,0
15583,5,2.8943290043290046,372.6,398.0,0.0,0.0,0.0,1
15587,9,3.0336700336700337,378.44444444444446,423.0,0.4444444444444444,0.4444444444444444,0.0,1
15589,5,1.0157894736842104,251.4,293.0,0.0,0.0,0.2,0
15591,7,2.7435814185814182,367.1428571428572,420.7142857142857,2.4285714285714284,2.0,0.0,1
15600,5,2.7219909502262443,330.0,370.2,1.6,13.2,0.0,1
15607,12,2.3213400025900026,384.75,411.6666666666667,3.4166666666666665,9.0,0.0,1
15609,30,1.8378200367170956,298.53333333333336,334.56666666666666,0.3666666666666666,1.8,0.0333333333333333,0
15614,6,1.9396173271173272,376.5,390.1666666666667,0.8333333333333334,3.6666666666666665,0.0,1
15624,12,3.3021411458911456,496.3333333333333,519.0,0.75,5.833333333333333,0.0,1
15625,17,2.072819553572149,436.0,469.88235294117646,0.4117647058823529,2.0588235294117645,0.0,1
15641,5,4.025,385.6,375.6,0.4,2.4,0.0,1
15657,6,2.6192129629629632,441.5,457.0,0.3333333333333333,0.3333333333333333,0.0,1
15658,7,2.899814471243043,330.2857142857143,383.2857142857143,1.0,1.4285714285714286,0.0,1
15667,6,4.051984126984127,546.1666666666666,547.5,0.5,3.0,0.0,1
15668,5,2.2325396825396826,470.6,504.8,0.0,0.0,0.0,1
15669,5,2.067521367521368,345.2,423.6,0.0,0.0,0.0,1
15671,5,2.7993650793650797,407.6,436.6,1.6,4.8,0.0,1
15674,7,2.260977118119975,635.1428571428571,508.0,0.0,0.0,0.1428571428571428,0
15675,11,3.6964318509773055,467.7272727272728,485.3636363636364,1.3636363636363635,2.727272727272727,0.0909090909090909,0
15676,6,3.583333333333333,436.5,501.3333333333333,0.5,7.166666666666667,0.0,1
15677,5,3.281111111111111,516.4,553.4,4.2,3.0,0.0,1
15684,8,4.143452380952381,505.125,539.75,0.875,6.0,0.0,1
15685,10,7.153030303030303,534.5,523.7,2.3,5.0,0.0,1
15686,10,3.03531746031746,390.4,429.4,1.2,6.0,0.0,1
15688,6,1.795970695970696,360.1666666666667,351.8333333333333,0.0,0.0,0.0,1
15705,8,2.519507575757576,401.375,407.125,0.5,3.75,0.0,1
15706,10,1.7051770451770452,342.4,378.3,2.5,2.7,0.0,1
15715,5,1.7753846153846156,389.4,467.6,0.8,4.8,0.0,1
15717,28,2.388121005978149,386.2857142857143,397.5,0.6785714285714286,1.5714285714285714,0.0,1
15720,7,3.038095238095238,558.8571428571429,525.0,0.0,0.0,0.1428571428571428,0
15721,14,5.0154195011337865,411.4285714285714,455.1428571428572,0.5714285714285714,7.5,0.0714285714285714,0
15726,12,5.807242063492063,474.5833333333333,483.25,0.25,0.5,0.0,1
15731,9,2.613247863247863,368.3333333333333,450.0,2.0,5.777777777777778,0.0,1
15742,9,2.626254609587943,375.6666666666667,380.1111111111111,0.2222222222222222,3.555555555555556,0.0,1
15743,45,2.258674473674473,427.31111111111113,443.97777777777776,0.9333333333333332,2.0,0.0222222222222222,0
15744,12,2.23986568986569,429.5833333333333,433.75,1.0833333333333333,3.0,0.0,1
15750,13,2.3709575680729524,394.9230769230769,414.0769230769231,1.6923076923076923,1.5384615384615383,0.0769230769230769,0
15755,6,3.1997354497354493,416.6666666666667,464.8333333333333,2.1666666666666665,4.0,0.0,1
15764,12,2.17236050986051,425.25,446.5,0.3333333333333333,0.75,0.0,1
15765,5,2.2614652014652017,315.6,369.2,0.8,3.2,0.0,1
15766,10,3.3097222222222222,367.4,422.1,0.7,3.4,0.1,0
15767,5,2.2497252747252747,350.4,392.8,0.4,9.2,0.0,1
15769,11,1.978479601206874,353.0,400.0,0.0,0.0,0.0,1
15771,5,1.943556443556444,393.4,383.8,0.2,1.2,0.0,1
15772,5,3.369581529581529,554.2,573.0,0.6,4.8,0.0,1
15777,11,2.655988455988456,407.09090909090907,460.3636363636364,1.0,1.0909090909090908,0.0,1
15789,16,3.9079035547785543,552.75,552.3125,0.25,1.625,0.0,1
15790,17,2.9929092149680385,494.2941176470589,519.4705882352941,0.0,0.0,0.0,1
15808,22,3.088537724901361,416.5,474.54545454545456,1.3636363636363635,7.636363636363637,0.0,1
15809,12,3.873968855218856,463.0,492.25,1.3333333333333333,4.666666666666667,0.0,1
15810,21,2.702366937450971,350.04761904761904,385.6190476190476,0.6190476190476191,10.476190476190476,0.0,1
15811,7,2.553724053724053,302.7142857142857,334.0,0.8571428571428571,4.0,0.0,1
15812,8,2.839141414141414,462.625,495.75,1.25,6.0,0.0,1
15818,5,1.658058608058608,371.4,383.2,1.6,3.2,0.0,1
15828,18,3.7178028761362096,355.05555555555554,414.1111111111111,1.3888888888888888,1.9444444444444444,0.0555555555555555,0
15832,24,3.2322330447330447,461.9583333333333,491.9583333333333,0.4166666666666667,1.0,0.0416666666666666,0
15833,10,2.851187701187701,397.1,416.5,2.8,4.8,0.0,1
15864,6,2.077332621082621,492.3333333333333,522.8333333333334,4.166666666666667,3.5,0.1666666666666666,0
15869,7,2.607753357753358,297.42857142857144,343.2857142857143,0.0,0.0,0.0,1
15879,5,3.301904761904762,483.2,375.6,2.0,3.6,0.2,0
15886,27,3.202392977392978,345.7037037037037,383.7037037037037,1.1111111111111112,2.3703703703703702,0.0,1
15889,6,2.0496147371147373,461.3333333333333,535.1666666666666,0.0,0.0,0.0,1
15897,5,3.147863247863248,385.2,450.6,3.2,6.0,0.0,1
15899,18,1.640008121870867,333.77777777777777,367.27777777777777,0.4444444444444444,6.666666666666667,0.1111111111111111,0
15911,6,3.644246031746032,544.0,485.3333333333333,0.0,0.0,0.0,1
15926,7,1.8511904761904765,418.7142857142857,469.4285714285714,0.0,0.0,0.0,1
15927,7,1.3959183673469389,234.0,267.7142857142857,0.2857142857142857,1.1428571428571428,0.0,1
15940,5,2.567965367965368,452.0,457.6,3.2,15.0,0.0,1
15944,8,2.9566038536626773,806.75,689.875,0.0,0.0,0.0,1
15951,22,4.435001866820048,473.8181818181818,486.27272727272725,0.5454545454545454,3.1818181818181817,0.0,1
15952,10,2.960296092796093,290.2,313.5,0.5,2.1,0.0,1
15953,9,2.4115079365079364,475.6666666666667,483.3333333333333,0.3333333333333333,0.8888888888888888,0.0,1
15964,10,3.174404761904762,445.5,462.6,1.7,8.2,0.0,1
15966,19,2.151483458062405,380.7894736842105,409.10526315789474,0.2631578947368421,2.473684210526316,0.1052631578947368,0
15972,5,0.9503571428571428,257.2,267.8,0.0,0.0,0.0,1
15981,5,2.297142857142857,357.2,425.6,0.0,0.0,0.0,1
15992,34,2.6140477169888934,397.7058823529412,419.0,0.8529411764705882,2.0,0.0,1
16017,11,4.243962350780532,432.9090909090909,469.54545454545456,0.0,0.0,0.0,1
16018,8,4.647058823529411,562.625,601.875,0.875,3.0,0.0,1
16019,16,3.080245535714286,416.875,432.5,0.375,0.75,0.0,1
16020,8,3.0172145562770565,455.125,481.375,0.375,2.75,0.0,1
16026,5,2.095238095238096,516.6,488.8,1.2,2.2,0.0,1
16032,6,2.546957671957672,376.8333333333333,394.1666666666667,1.5,3.5,0.0,1
16040,5,2.692857142857143,420.8,459.0,0.2,1.8,0.0,1
16061,8,4.872222222222222,526.0,520.25,0.625,8.5,0.0,1
16078,7,5.909977324263039,675.4285714285714,563.1428571428571,0.0,0.0,0.0,1
16079,16,3.593055902430902,452.6875,490.4375,2.4375,2.25,0.0,1
16081,6,1.6927489177489177,319.3333333333333,335.8333333333333,0.5,0.3333333333333333,0.0,1
16082,7,2.398639455782313,335.1428571428572,389.4285714285714,0.0,0.0,0.0,1
16085,5,6.319047619047619,565.6,549.6,2.0,5.0,0.0,1
16087,8,2.824404761904762,471.125,469.625,0.0,0.0,0.0,1
16093,17,1.9089816229522116,353.7647058823529,394.0,0.6470588235294118,0.8823529411764706,0.0,1
16095,6,4.12962962962963,462.1666666666667,505.6666666666667,5.333333333333333,1.5,0.1666666666666666,0
16103,6,3.827777777777778,398.6666666666667,466.8333333333333,0.5,3.333333333333333,0.0,1
16105,7,2.4764533085961657,421.1428571428572,478.1428571428572,0.7142857142857143,4.285714285714286,0.0,1
16109,14,4.232517972223855,459.07142857142856,494.07142857142856,0.0714285714285714,1.0,0.0714285714285714,0
16114,8,2.953456265956266,485.875,565.0,0.375,1.5,0.0,1
16117,5,1.8030303030303032,376.0,376.0,1.6,4.4,0.0,1
16123,6,3.238888888888889,321.1666666666667,350.6666666666667,0.1666666666666666,0.6666666666666666,0.0,1
16124,7,7.126530612244898,557.0,620.4285714285714,0.8571428571428571,4.571428571428571,0.0,1
16127,8,3.0391233766233765,397.0,418.25,5.25,14.5,0.0,1
16134,9,2.4044091710758377,429.22222222222223,468.55555555555554,0.0,0.0,0.0,1
16141,9,3.270972545972546,422.6666666666667,450.3333333333333,0.8888888888888888,3.0,0.0,1
16143,11,3.2721861471861478,397.27272727272725,416.6363636363636,2.5454545454545454,3.8181818181818175,0.0,1
16162,5,3.869166666666666,383.6,399.2,0.0,0.0,0.0,1
16171,5,1.9824242424242424,384.8,473.6,1.4,5.2,0.0,1
16177,5,5.989675324675325,527.0,673.0,0.6,0.6,0.0,1
16181,7,2.6335884353741497,351.1428571428572,409.57142857142856,2.2857142857142856,7.857142857142857,0.0,1
16188,10,2.3893842560947824,435.9,499.5,12.2,3.5,0.1,0
16196,14,3.754019789734076,601.2857142857143,621.9285714285714,2.642857142857143,7.071428571428571,0.0,1
16197,17,3.1375720876585933,489.2352941176471,495.9411764705882,2.3529411764705883,2.4705882352941178,0.0588235294117647,0
16198,8,1.8731060606060608,381.0,453.125,0.375,1.5,0.0,1
16199,6,2.651190476190476,419.0,452.3333333333333,0.0,0.0,0.0,1
16200,6,2.5169642857142858,448.8333333333333,513.3333333333334,0.0,0.0,0.0,1
16201,6,3.1375,472.8333333333333,554.8333333333334,1.1666666666666667,2.6666666666666665,0.0,1
16203,17,11.507563025210084,678.7647058823529,673.9411764705883,0.5294117647058824,4.941176470588236,0.1176470588235294,0
16212,19,3.8489500265816057,545.421052631579,550.9473684210526,1.631578947368421,3.473684210526316,0.0,1
16221,6,3.766534391534391,572.8333333333334,565.0,2.6666666666666665,3.5,0.0,1
16224,24,4.807671957671958,567.7083333333334,615.9583333333334,0.75,3.333333333333333,0.0,1
16225,6,3.4384920634920637,402.3333333333333,539.5,0.1666666666666666,1.3333333333333333,0.0,1
16250,9,2.0537918871252203,425.8888888888889,501.44444444444446,0.6666666666666666,0.4444444444444444,0.0,1
16267,5,3.6095238095238096,526.6,555.8,0.0,0.0,0.0,1
16268,7,1.8986858379715523,361.7142857142857,361.1428571428572,2.7142857142857144,13.285714285714286,0.2857142857142857,0
16271,7,2.96343537414966,534.1428571428571,481.7142857142857,1.4285714285714286,5.142857142857143,0.0,1
16277,6,1.7389763014763016,335.3333333333333,371.0,0.0,0.0,0.0,1
16279,5,2.235555555555556,356.4,386.4,0.6,1.8,0.0,1
16280,20,1.892360347985348,448.45,491.2,0.4,2.45,0.0,1
16282,5,2.755,346.6,322.2,0.0,0.0,0.0,1
16289,19,3.1389927324137847,397.6842105263158,453.7894736842105,0.631578947368421,4.526315789473684,0.0526315789473684,0
16298,14,2.979669140383426,497.7857142857143,555.6428571428571,0.5714285714285714,0.8571428571428571,0.0,1
16299,11,3.4668732782369145,399.54545454545456,442.1818181818182,2.0,9.090909090909092,0.0909090909090909,0
16304,5,3.014545454545454,385.2,429.4,0.8,2.4,0.0,1
16307,6,3.102188552188552,427.5,478.1666666666667,1.8333333333333333,3.0,0.0,1
16311,7,2.0736664129521274,304.2857142857143,306.0,0.5714285714285714,2.2857142857142856,0.1428571428571428,0
16315,6,3.128373015873016,361.3333333333333,406.0,1.3333333333333333,4.833333333333333,0.0,1
16321,5,3.89,474.8,475.4,2.4,2.4,0.0,1
16329,7,1.2663368377654094,305.85714285714283,301.42857142857144,1.0,1.2857142857142858,0.1428571428571428,0
16330,5,4.0600000000000005,575.4,581.2,1.6,3.2,0.0,1
16333,8,4.018944597069597,416.625,386.625,1.375,4.625,0.125,0
16339,7,1.578896103896104,274.85714285714283,295.85714285714283,0.8571428571428571,3.4285714285714284,0.0,1
16350,22,3.328289387380297,512.0,550.5909090909091,0.2727272727272727,3.272727272727273,0.0,1
16360,5,3.073888888888889,439.8,449.6,0.2,1.2,0.0,1
16362,6,2.911111111111111,429.1666666666667,465.3333333333333,0.1666666666666666,1.3333333333333333,0.0,1
16363,19,2.8830105566947672,367.6315789473685,425.6315789473685,1.0526315789473684,2.5789473684210527,0.0,1
16371,6,2.6535714285714285,375.8333333333333,360.1666666666667,0.1666666666666666,0.8333333333333334,0.0,1
16377,7,2.479081632653061,348.2857142857143,362.57142857142856,0.8571428571428571,3.4285714285714284,0.0,1
16382,11,3.4898661944116487,345.0,421.45454545454544,0.4545454545454545,0.9090909090909092,0.0,1
16391,23,2.636028315248264,429.0,501.1304347826087,3.130434782608696,9.391304347826088,0.0434782608695652,0
16409,7,4.95657596371882,481.57142857142856,466.0,1.5714285714285714,5.142857142857143,0.0,1
16410,16,3.3939484126984127,415.75,466.625,1.0625,5.625,0.0,1
16411,29,5.212408029262412,446.41379310344826,476.5172413793104,0.6896551724137931,0.8620689655172413,0.0,1
16414,9,3.4122655122655123,518.1111111111111,500.6666666666667,0.1111111111111111,0.5555555555555556,0.0,1
16415,5,1.0483333333333331,345.0,372.6,0.0,0.0,0.0,1
16417,6,2.278535353535353,319.3333333333333,300.1666666666667,0.5,3.333333333333333,0.0,1
16420,20,3.593111471861472,580.15,556.25,10.75,6.75,0.05,0
16422,8,2.535037878787879,481.625,480.5,0.375,0.75,0.0,1
16424,5,3.757142857142857,370.4,400.6,0.2,0.6,0.2,0
16439,6,3.1064814814814814,556.8333333333334,580.5,4.166666666666667,4.666666666666667,0.0,1
16445,16,2.7842147435897435,517.3125,532.9375,0.25,0.625,0.0625,0
16453,9,1.7632614299280966,594.8888888888889,551.5555555555555,0.8888888888888888,2.888888888888889,0.0,1
16459,12,3.42224025974026,409.0,392.6666666666667,1.0,5.0,0.0,1
16460,7,3.1761904761904765,410.0,433.0,1.5714285714285714,6.142857142857143,0.0,1
16462,13,5.852428340889879,547.1538461538462,549.7692307692307,3.5384615384615383,3.4615384615384617,0.0,1
16463,7,2.5748299319727894,435.7142857142857,436.7142857142857,0.7142857142857143,2.7142857142857144,0.0,1
16464,13,2.5090425913955325,423.3076923076923,504.7692307692308,2.6153846153846154,5.923076923076923,0.0,1
16467,16,2.4805081090407177,309.25,347.5625,3.3125,1.5625,0.0,1
16476,7,2.5328231292517005,434.7142857142857,464.0,2.7142857142857144,2.857142857142857,0.0,1
16478,6,1.988764394646748,427.1666666666667,439.0,0.0,0.0,0.0,1
16479,5,7.26888888888889,619.4,623.8,0.0,0.0,0.0,1
16480,9,1.5495060495060495,360.1111111111111,398.6666666666667,2.2222222222222223,9.666666666666666,0.0,1
16481,9,3.3771248722229115,458.1111111111111,529.3333333333334,12.11111111111111,7.0,0.0,1
16486,6,3.201388888888889,435.5,438.8333333333333,0.5,1.3333333333333333,0.0,1
16487,6,2.6702117327117327,276.6666666666667,299.6666666666667,0.1666666666666666,1.0,0.0,1
16491,24,3.36911525974026,759.875,593.7083333333334,2.833333333333333,5.416666666666667,0.0,1
16525,6,5.81712962962963,470.1666666666667,564.5,0.5,3.5,0.0,1
16527,5,5.368333333333333,499.0,547.4,0.2,1.2,0.0,1
16528,8,3.488888888888889,453.5,481.875,0.375,9.0,0.0,1
16531,14,3.198205366062509,462.5,478.5,0.3571428571428571,0.8571428571428571,0.0714285714285714,0
16533,16,5.702399683649683,631.5,675.5,0.25,2.4375,0.0,1
16534,15,3.622018722018722,526.6666666666666,532.9333333333333,1.8666666666666667,1.3333333333333333,0.0,1
16535,5,1.1709409888357256,281.8,325.2,0.4,2.0,0.0,1
16536,5,4.45,477.6,516.2,2.4,2.0,0.0,1
16539,23,3.7929214505301454,438.4347826086956,473.2608695652174,1.608695652173913,3.0434782608695654,0.0434782608695652,0
16540,14,2.645031858897405,541.5,584.2857142857143,0.1428571428571428,1.0,0.0,1
16549,14,4.5977891156462585,680.6428571428571,593.6428571428571,0.1428571428571428,0.8571428571428571,0.0,1
16555,5,3.14,499.2,486.4,0.6,1.4,0.2,0
16563,5,3.968888888888889,679.6,700.6,2.6,3.2,0.0,1
16564,5,2.136190476190476,365.6,409.6,0.0,0.0,0.0,1
16565,6,5.378637566137567,450.0,447.0,0.6666666666666666,1.6666666666666667,0.0,1
16573,15,2.3933910533910536,335.53333333333336,363.6666666666667,0.2666666666666666,2.0,0.0666666666666666,0
16578,10,1.6452380952380952,310.4,360.2,0.3,0.9,0.1,0
16594,15,2.9192784992784997,421.8666666666667,464.1333333333333,0.2666666666666666,4.0,0.0,1
16620,23,2.876622773361904,384.69565217391306,430.0,0.7391304347826086,1.3043478260869563,0.0,1
16626,26,4.3386792694485,497.38461538461536,543.5769230769231,1.6538461538461535,3.076923076923077,0.0384615384615384,0
16628,6,5.365109427609428,428.8333333333333,418.3333333333333,0.8333333333333334,1.6666666666666667,0.0,1
16638,19,2.5132034632034634,463.6842105263158,488.7894736842105,1.0,2.3684210526315788,0.0526315789473684,0
16649,15,4.118313103018986,444.4666666666666,467.4,4.0,8.266666666666667,0.0,1
16650,15,3.2815561780267664,426.26666666666665,482.0,0.8,4.933333333333334,0.0,1
16657,5,3.1512576312576317,651.4,617.4,1.8,7.2,0.0,1
16658,9,4.294556677890011,327.6666666666667,342.6666666666667,4.222222222222222,11.0,0.1111111111111111,0
16665,5,2.1151515151515152,325.4,356.6,0.6,1.0,0.0,1
16666,7,3.580398173255316,458.57142857142856,496.57142857142856,0.5714285714285714,2.142857142857143,0.0,1
16667,8,3.687698412698413,368.375,345.5,0.0,0.0,0.0,1
16670,14,3.087514172335601,562.7142857142857,620.5,0.7857142857142857,2.142857142857143,0.0714285714285714,0
16671,10,2.441578282828283,397.3,461.7,0.3,1.7,0.1,0
16684,8,2.0794507575757577,498.0,528.125,1.625,4.0,0.0,1
16685,5,7.335714285714286,448.0,481.8,1.4,5.2,0.0,1
16697,7,5.3619047619047615,546.7142857142857,618.0,0.0,0.0,0.1428571428571428,0
16700,8,1.918349358974359,343.0,376.75,7.875,9.0,0.0,1
16712,5,5.232527472527472,535.4,532.6,1.2,3.0,0.0,1
16718,46,2.093418225707228,438.7608695652174,462.9130434782609,1.4782608695652173,3.5217391304347827,0.0,1
16719,14,3.4588643499357787,476.6428571428572,534.4285714285714,2.357142857142857,2.142857142857143,0.0,1
16724,12,1.6393082611832612,378.5,404.5,1.25,3.5,0.0,1
16735,5,1.4776648841354725,323.2,371.2,0.4,2.8,0.0,1
16736,10,3.3361111111111112,466.9,520.9,0.5,2.4,0.0,1
16737,6,2.389068825910931,277.5,314.6666666666667,1.1666666666666667,6.0,0.0,1
16738,15,5.081528822055137,563.5333333333333,565.0,0.2666666666666666,1.3333333333333333,0.0,1
16739,21,2.566445366025198,404.0952380952381,433.7142857142857,0.3333333333333333,2.523809523809524,0.0952380952380952,0
16741,6,2.148809523809524,426.3333333333333,475.5,4.666666666666667,2.5,0.0,1
16742,21,3.3353892139606427,523.1904761904761,549.8571428571429,1.809523809523809,3.0476190476190474,0.0476190476190476,0
16744,7,4.973469387755102,464.7142857142857,532.4285714285714,1.1428571428571428,3.4285714285714284,0.0,1
16745,9,2.63627545294212,378.44444444444446,459.77777777777777,0.4444444444444444,2.4444444444444446,0.0,1
16770,16,4.195858134920635,487.3125,550.6875,1.4375,10.125,0.0625,0
16771,5,3.4116883116883114,499.6,584.4,5.0,3.6,0.2,0
16774,5,3.004155844155844,462.4,474.0,2.0,3.0,0.0,1
16776,5,1.6516666666666666,393.6,420.6,0.0,0.0,0.2,0
16777,8,1.8887040043290044,347.375,403.375,0.25,0.75,0.0,1
16778,7,4.054988662131519,445.8571428571428,451.7142857142857,0.4285714285714285,1.1428571428571428,0.0,1
16809,5,2.0253142282554046,466.0,481.4,2.2,2.6,0.2,0
16821,5,2.906923076923077,367.0,403.2,2.2,4.0,0.0,1
16826,5,2.8205128205128203,330.0,338.8,1.6,4.8,0.0,1
16829,5,2.0571428571428574,454.0,401.0,0.0,0.0,0.2,0
16830,6,2.336829836829837,437.1666666666667,475.0,0.8333333333333334,4.5,0.0,1
16838,7,3.442464678178964,424.0,448.2857142857143,3.2857142857142856,0.7142857142857143,0.1428571428571428,0
16843,14,2.553879453879454,441.2857142857143,501.9285714285714,0.6428571428571429,1.7857142857142858,0.0,1
16844,11,3.449422799422799,484.3636363636364,516.0909090909091,1.7272727272727273,0.7272727272727273,0.0,1
16850,6,2.8628205128205124,311.6666666666667,369.1666666666667,0.6666666666666666,7.333333333333333,0.0,1
16860,9,4.888888888888889,470.44444444444446,493.77777777777777,1.4444444444444444,1.3333333333333333,0.0,1
16888,15,1.7503544116702012,324.53333333333336,358.06666666666666,0.8666666666666667,5.333333333333333,0.0666666666666666,0
16893,6,4.493055555555555,397.5,363.5,0.0,0.0,0.0,1
16894,8,2.3208333333333333,391.5,405.25,0.625,1.875,0.0,1
16895,6,1.934676434676435,459.8333333333333,455.0,0.0,0.0,0.0,1
16897,7,6.606122448979592,502.2857142857143,519.0,0.1428571428571428,4.428571428571429,0.0,1
16901,28,2.5484700319521747,358.0,400.5,3.321428571428572,5.464285714285714,0.0,1
16905,10,3.3945995670995672,705.8,708.7,3.3,2.2,0.0,1
16919,21,2.580762557548272,347.2857142857143,411.4285714285714,0.1428571428571428,1.7142857142857142,0.0,1
16920,19,5.36755145439356,568.0,640.1578947368421,0.3157894736842105,3.421052631578948,0.0,1
16928,5,2.008974358974359,371.0,421.2,0.0,0.0,0.0,1
16931,8,3.804897186147186,576.375,575.5,0.625,6.0,0.125,0
16941,7,8.500850340136054,491.7142857142857,506.0,1.7142857142857142,1.8571428571428568,0.0,1
16942,5,2.760944055944056,470.4,543.8,0.0,0.0,0.0,1
16949,14,1.9035870875156589,401.3571428571428,465.3571428571428,0.5714285714285714,1.2857142857142858,0.0,1
16955,7,2.0072562358276644,521.5714285714286,547.5714285714286,0.2857142857142857,0.5714285714285714,0.0,1
16956,6,3.625084175084176,450.8333333333333,473.0,1.8333333333333333,2.5,0.0,1
16958,15,2.416717171717172,410.26666666666665,425.8,2.2666666666666666,1.8666666666666667,0.0,1
16959,16,3.688144841269841,470.625,465.4375,1.0625,2.1875,0.0625,0
16960,8,2.043353174603175,492.375,475.375,0.25,2.5,0.0,1
16961,10,1.7675757575757576,397.0,431.7,0.2,0.3,0.0,1
16962,5,2.155,425.0,458.6,3.2,6.4,0.2,0
16968,6,2.4766233766233765,330.1666666666667,409.0,1.5,1.3333333333333333,0.0,1
16978,8,2.3652753496503496,376.375,428.75,1.0,3.75,0.25,0
16991,26,3.318394299199253,463.61538461538464,435.61538461538464,1.2692307692307692,1.8461538461538465,0.0,1
16992,27,3.110278713056491,327.1851851851852,347.2962962962963,0.2222222222222222,1.1111111111111112,0.0,1
16993,28,2.898533311926169,309.2857142857143,311.25,0.75,8.571428571428571,0.0,1
16995,28,5.885228561121418,527.0,563.7142857142857,1.1071428571428572,7.071428571428571,0.0,1
16996,18,4.41804152637486,384.55555555555554,440.72222222222223,1.5,0.5,0.0,1
17002,5,2.816666666666667,443.2,435.6,8.2,2.0,0.2,0
17009,5,4.956666666666667,506.0,566.8,0.6,2.4,0.0,1
17012,5,2.817777777777778,373.6,442.8,1.0,6.4,0.0,1
17027,10,2.7317794705294705,436.7,504.9,1.2,4.0,0.0,1
17029,7,2.0308261183261185,393.7142857142857,434.2857142857143,0.4285714285714285,3.7142857142857135,0.0,1
17030,5,2.8655555555555554,391.4,463.0,1.6,9.2,0.0,1
17034,19,2.854234070023544,354.1578947368421,401.1578947368421,0.1052631578947368,0.4210526315789473,0.0,1
17037,32,3.282421066474375,527.78125,504.96875,5.0,2.8125,0.0,1
17042,8,1.6805555555555556,350.125,366.0,0.125,0.875,0.0,1
17044,7,2.638888888888889,352.0,389.57142857142856,1.7142857142857142,7.428571428571429,0.0,1
17049,9,3.488307988307988,495.55555555555554,491.6666666666667,4.0,11.88888888888889,0.0,1
17054,10,2.24510989010989,327.7,339.1,0.4,0.6,0.0,1
17055,10,2.8260281385281383,413.4,434.0,0.7,3.6,0.0,1
17058,11,2.053594385412567,358.0,361.6363636363636,0.8181818181818182,1.6363636363636365,0.0,1
17063,8,3.2375,387.875,432.5,0.0,0.0,0.0,1
17071,31,2.9426295031133742,405.1935483870968,436.741935483871,0.3870967741935484,0.2580645161290322,0.032258064516129,0
17076,5,3.117777777777777,310.2,349.8,1.0,9.6,0.0,1
17086,6,2.226960076960077,285.3333333333333,281.3333333333333,1.8333333333333333,8.333333333333334,0.0,1
17087,7,2.8094928880643164,479.0,554.2857142857143,3.571428571428572,4.285714285714286,0.0,1
17089,11,2.4704739704739707,352.72727272727275,381.3636363636364,0.1818181818181818,1.0,0.0,1
17093,21,4.609486510221804,499.0,529.0952380952381,0.8095238095238095,3.4285714285714284,0.0,1
17095,18,3.094952886619553,523.9444444444445,515.6111111111111,0.8888888888888888,0.5,0.0,1
17096,14,2.313095238095238,420.9285714285714,457.3571428571428,1.2142857142857142,9.5,0.0,1
17098,14,2.076154401154401,483.7857142857143,466.9285714285714,8.5,2.2142857142857144,0.0,1
17099,12,4.181382275132275,496.5833333333333,479.6666666666667,1.25,2.083333333333333,0.0,1
17100,7,5.179365079365079,314.2857142857143,332.1428571428572,1.1428571428571428,11.142857142857142,0.0,1
17109,8,1.7705471611721613,319.125,345.375,4.875,6.875,0.0,1
17110,10,3.357525252525252,451.8,536.4,0.3,4.8,0.0,1
17114,6,2.7590187590187587,453.8333333333333,447.0,5.0,3.333333333333333,0.0,1
17115,6,2.592063492063492,375.6666666666667,354.1666666666667,2.833333333333333,4.0,0.0,1
17116,7,3.5520408163265307,406.57142857142856,398.57142857142856,0.0,0.0,0.0,1
17136,6,2.6625666000666,441.8333333333333,448.6666666666667,1.8333333333333333,7.5,0.0,1
17139,5,3.990555555555555,410.8,452.0,0.8,1.4,0.0,1
17140,7,2.7559523809523805,371.8571428571428,433.1428571428572,0.4285714285714285,3.142857142857143,0.0,1
17150,16,3.946514423076923,522.9375,523.5625,4.125,6.1875,0.0,1
17151,14,2.673885439956869,376.9285714285714,411.8571428571428,2.2142857142857144,1.2857142857142858,0.0,1
17156,6,3.4525641025641023,358.6666666666667,435.6666666666667,1.5,2.0,0.0,1
17159,9,3.76141975308642,466.44444444444446,539.0,2.111111111111111,8.555555555555555,0.0,1
17160,13,8.424358974358974,622.3846153846154,678.6153846153846,0.4615384615384615,2.1538461538461537,0.0,1
17161,6,2.980662393162393,313.8333333333333,333.0,0.3333333333333333,5.0,0.0,1
17162,10,3.098690476190476,372.4,403.9,1.7,2.4,0.0,1
17168,5,4.297979797979798,434.8,494.6,2.8,9.6,0.0,1
17182,6,1.5509678230266466,312.5,339.1666666666667,3.1666666666666665,9.333333333333334,0.1666666666666666,0
17183,16,2.138484605672106,375.25,382.1875,2.75,5.0625,0.0625,0
17190,6,2.655804843304843,450.6666666666667,455.1666666666667,0.0,0.0,0.0,1
17194,33,2.68277014627282,452.24242424242425,484.5757575757576,1.606060606060606,2.4242424242424243,0.0,1
17195,5,2.4593650793650794,429.8,510.0,0.0,0.0,0.0,1
17196,6,0.9694444444444444,230.0,259.3333333333333,0.0,0.0,0.0,1
17202,12,3.9681141774891775,511.5,558.0833333333334,3.0,5.5,0.0,1
17207,6,4.407978595478595,527.1666666666666,566.5,0.0,0.0,0.0,1
17209,9,1.384490046990047,326.3333333333333,357.22222222222223,0.6666666666666666,2.2222222222222223,0.1111111111111111,0
17210,17,3.667833800186741,475.6470588235294,528.3529411764706,1.588235294117647,2.4705882352941178,0.0588235294117647,0
17211,5,2.9945454545454546,496.0,600.4,1.6,2.4,0.0,1
17217,14,2.1858922823208538,318.1428571428572,359.0,0.2857142857142857,1.0,0.0714285714285714,0
17223,8,3.4384615384615387,357.125,352.125,0.75,2.625,0.0,1
17224,9,3.721296296296297,471.44444444444446,535.3333333333334,0.8888888888888888,6.666666666666667,0.1111111111111111,0
17226,19,4.1120224804435335,525.1578947368421,532.1052631578947,1.0,3.3157894736842106,0.0,1
17258,18,2.9269320185986856,454.3888888888889,457.3333333333333,1.0,4.666666666666667,0.0,1
17263,8,5.763541666666667,646.125,636.75,2.75,8.5,0.125,0
17266,5,4.398611111111111,443.6,482.0,0.6,2.4,0.4,0
17276,10,3.2666422466422467,434.5,505.0,0.0,0.0,0.0,1
17278,7,2.072658294086865,441.0,509.57142857142856,1.8571428571428568,5.142857142857143,0.0,1
17280,6,5.111111111111112,739.8333333333334,747.8333333333334,4.333333333333333,2.5,0.0,1
17283,5,3.690476190476191,449.6,476.6,1.0,1.4,0.0,1
17289,19,1.437901649434157,297.94736842105266,329.05263157894734,1.4736842105263157,12.526315789473683,0.0,1
17290,22,3.117417683326774,387.4090909090909,433.04545454545456,0.0909090909090909,0.5454545454545454,0.0,1
17307,7,2.0442628799771656,464.57142857142856,430.8571428571428,0.0,0.0,0.0,1
17308,8,2.4700892857142858,484.375,492.0,5.75,1.875,0.0,1
17309,5,1.5733333333333333,326.6,311.0,0.2,0.6,0.0,1
17313,10,3.183876050420168,426.7,444.9,7.3,10.5,0.0,1
17314,7,3.678571428571429,466.2857142857143,470.57142857142856,0.2857142857142857,1.4285714285714286,0.0,1
17315,32,2.731582548884939,443.65625,420.375,2.125,1.75,0.03125,0
17316,6,1.784457671957672,349.3333333333333,372.1666666666667,3.1666666666666665,5.333333333333333,0.0,1
17317,7,4.176530612244898,408.1428571428572,395.57142857142856,1.7142857142857142,9.0,0.0,1
17319,7,1.5269325912183054,328.57142857142856,378.1428571428572,1.0,3.142857142857143,0.0,1
17321,7,1.5598072562358278,347.85714285714283,350.57142857142856,0.0,0.0,0.1428571428571428,0
17322,8,2.8874313186813185,403.375,394.125,3.875,5.0,0.0,1
17327,7,2.709977324263039,526.5714285714286,536.2857142857143,0.1428571428571428,0.4285714285714285,0.0,1
17328,7,3.16812865497076,296.2857142857143,341.2857142857143,0.4285714285714285,1.1428571428571428,0.0,1
17332,5,2.140865800865801,478.2,536.0,0.0,0.0,0.0,1
17333,5,1.1065934065934069,320.4,375.8,0.0,0.0,0.0,1
17348,5,1.9063492063492065,439.0,447.6,0.6,0.8,0.0,1
17360,10,1.6091197691197692,401.1,446.8,4.3,4.2,0.2,0
17381,6,2.1526709401709403,308.1666666666667,374.8333333333333,0.3333333333333333,3.0,0.0,1
17382,14,3.736598124098124,374.9285714285714,411.2142857142857,0.2142857142857142,1.2857142857142858,0.1428571428571428,0
17386,7,3.199659863945578,503.57142857142856,461.7142857142857,0.7142857142857143,3.4285714285714284,0.1428571428571428,0
17387,7,1.4414965986394557,326.42857142857144,270.85714285714283,0.0,0.0,0.1428571428571428,0
17390,13,5.167516884824577,422.0769230769231,445.5384615384616,0.3846153846153846,0.6923076923076923,0.0,1
17392,24,3.317539636289636,455.625,475.4166666666667,0.75,0.8333333333333334,0.0833333333333333,0
17394,5,4.822222222222222,338.6,324.8,5.6,4.8,0.0,1
17402,5,1.0504578754578755,217.8,227.4,0.2,0.6,0.0,1
17405,5,1.8031746031746032,365.2,366.6,0.0,0.0,0.0,1
17414,6,2.675925925925926,447.8333333333333,449.3333333333333,0.3333333333333333,5.333333333333333,0.0,1
17415,6,2.219155844155844,377.6666666666667,374.8333333333333,0.0,0.0,0.0,1
17416,15,2.110223665223665,331.3333333333333,424.1333333333333,0.8,4.0,0.0,1
17427,18,4.627645502645503,437.44444444444446,483.94444444444446,0.7222222222222222,4.888888888888889,0.0,1
17433,7,2.72693179836037,350.1428571428572,321.0,1.8571428571428568,4.571428571428571,0.1428571428571428,0
17434,7,4.057312925170068,434.1428571428572,469.8571428571428,2.571428571428572,3.4285714285714284,0.1428571428571428,0
17444,5,7.983333333333332,540.0,613.0,0.0,0.0,0.0,1
17449,6,2.3219474969474967,493.5,506.0,0.1666666666666666,1.5,0.0,1
17457,6,3.0007002801120444,485.6666666666667,535.8333333333334,15.5,1.1666666666666667,0.0,1
17459,8,4.280456349206349,413.75,398.75,0.125,2.125,0.0,1
17460,8,3.7131410256410255,483.875,471.875,4.375,13.75,0.0,1
17463,8,2.867857142857143,374.0,360.625,0.75,2.25,0.0,1
17476,9,2.680864197530864,398.0,390.44444444444446,0.0,0.0,0.0,1
17477,11,2.711158286158286,404.27272727272725,424.54545454545456,1.181818181818182,3.8181818181818175,0.0,1
17478,6,3.78973063973064,525.3333333333334,511.8333333333333,0.3333333333333333,2.0,0.0,1
17482,11,3.766666666666667,442.3636363636364,420.3636363636364,1.0,1.818181818181818,0.0,1
17488,9,4.677910052910053,488.1111111111111,571.3333333333334,1.1111111111111112,1.5555555555555556,0.0,1
17493,20,2.7919047874639977,484.85,506.1,0.3,1.4,0.0,1
17502,15,3.303746993746993,418.9333333333333,448.0,0.2666666666666666,0.3333333333333333,0.0,1
17511,10,2.6115561072914013,436.9,473.0,1.0,3.5,0.0,1
17515,11,5.841322314049586,491.0,512.2727272727273,0.9090909090909092,2.727272727272727,0.0,1
17517,8,5.311186974789916,519.5,492.75,0.875,3.375,0.0,1
17526,8,2.053823953823954,362.75,395.5,1.25,1.875,0.0,1
17527,15,3.448023088023088,436.4666666666666,474.73333333333335,0.3333333333333333,1.6,0.0,1
17529,11,2.351659451659452,481.8181818181818,509.3636363636364,5.2727272727272725,2.5454545454545454,0.0,1
17534,7,2.129707593993309,414.8571428571428,474.1428571428572,0.8571428571428571,5.571428571428571,0.0,1
17555,14,2.759503195217481,515.3571428571429,509.4285714285714,4.0,4.714285714285714,0.0,1
17556,28,2.379049026370455,391.25,425.1785714285714,0.5714285714285714,2.142857142857143,0.0357142857142857,0
17557,5,3.624415584415584,363.0,391.2,0.2,1.0,0.0,1
17579,13,3.730928900159669,480.7692307692308,561.7692307692307,3.230769230769231,8.615384615384615,0.0,1
17583,27,4.676676860418691,418.4074074074074,456.3703703703704,1.037037037037037,4.148148148148148,0.0,1
17592,12,2.4914021164021163,444.1666666666667,499.6666666666667,1.3333333333333333,5.416666666666667,0.0,1
17595,6,6.186111111111111,502.6666666666667,511.0,0.5,5.5,0.1666666666666666,0
17596,13,3.594772058007352,484.61538461538464,510.0,1.9230769230769231,3.3846153846153846,0.0,1
17604,11,1.5244225471498198,373.8181818181818,431.8181818181818,0.5454545454545454,1.0909090909090908,0.0909090909090909,0
17610,6,2.784080298786181,574.6666666666666,587.8333333333334,1.0,0.6666666666666666,0.1666666666666666,0
17620,8,1.945657467532468,363.375,427.75,0.5,1.875,0.0,1
17633,18,3.607569745069745,350.3333333333333,373.3333333333333,0.2777777777777778,0.7777777777777778,0.0,1
17634,17,2.5288663950428654,301.7058823529412,326.11764705882354,1.8235294117647056,1.8823529411764703,0.0,1
17643,21,3.477994227994228,484.6666666666667,489.6190476190476,0.7619047619047619,3.0,0.0,1
17644,10,2.1987179487179485,405.8,402.1,0.4,2.8,0.0,1
17645,11,3.697552447552447,507.45454545454544,552.0,0.3636363636363636,2.272727272727273,0.0,1
17668,11,2.258036408036408,400.54545454545456,407.09090909090907,1.3636363636363635,4.2727272727272725,0.0,1
17672,5,2.2438095238095235,376.8,382.0,0.8,3.2,0.0,1
17676,8,2.492559523809524,398.75,467.75,0.0,0.0,0.0,1
17693,16,3.1450396825396827,436.6875,458.0,1.875,1.25,0.0,1
17694,18,2.046393498476832,329.1666666666667,374.1666666666667,2.7777777777777777,4.5,0.0,1
17717,8,2.6546404071075127,459.625,532.25,3.0,2.5,0.0,1
17722,5,2.332121212121212,416.2,458.8,0.0,0.0,0.2,0
17726,6,1.9944444444444445,481.8333333333333,467.3333333333333,3.0,4.333333333333333,0.0,1
17747,6,3.5681818181818183,427.8333333333333,508.0,0.1666666666666666,3.5,0.0,1
17748,7,1.5945578231292517,352.42857142857144,412.7142857142857,0.0,0.0,0.0,1
17751,7,3.273015873015873,604.5714285714286,670.5714285714286,0.7142857142857143,4.714285714285714,0.0,1
17752,7,3.0154600301659125,434.7142857142857,484.0,0.2857142857142857,1.0,0.0,1
17753,8,2.3657848279171807,365.25,441.375,0.25,1.0,0.0,1
17758,8,5.740719696969697,517.875,538.75,1.375,0.5,0.0,1
17759,5,4.785714285714287,416.0,437.2,1.2,3.0,0.0,1
17762,13,5.293550893550894,552.6923076923077,536.2307692307693,1.7692307692307692,4.6923076923076925,0.0,1
17766,6,5.298316498316498,331.1666666666667,338.8333333333333,0.5,4.0,0.0,1
17781,9,2.695061728395062,496.8888888888889,533.5555555555555,3.555555555555556,6.777777777777778,0.0,1
17791,6,1.5356125356125354,314.6666666666667,354.6666666666667,0.1666666666666666,0.5,0.0,1
17792,6,5.300595238095238,556.1666666666666,628.6666666666666,0.5,3.0,0.0,1
17793,6,3.2484126984126984,438.0,510.0,0.6666666666666666,1.3333333333333333,0.0,1
17799,21,2.152581545438688,610.0,522.0,0.0476190476190476,0.1904761904761904,0.0952380952380952,0
17800,6,1.335016835016835,446.0,458.1666666666667,3.8333333333333335,6.666666666666667,0.0,1
17803,23,2.2410202684499363,365.1739130434783,378.2608695652174,0.3478260869565217,1.434782608695652,0.0,1
17804,6,2.0559523809523808,338.6666666666667,328.0,0.1666666666666666,0.8333333333333334,0.0,1
17809,8,3.5117885586635587,502.125,571.875,0.0,0.0,0.0,1
17810,10,2.094484126984127,334.5,359.2,1.0,2.4,0.0,1
17822,13,4.17960927960928,534.9230769230769,538.1538461538462,0.6153846153846154,2.3076923076923075,0.0,1
17823,7,3.454978354978355,578.7142857142857,600.0,4.857142857142857,5.714285714285714,0.0,1
17824,7,2.487545787545788,394.1428571428572,385.0,0.2857142857142857,4.857142857142857,0.0,1
17841,5,3.3272435897435897,289.0,310.0,2.8,6.4,0.0,1
17842,9,2.921156004489338,375.55555555555554,450.22222222222223,0.3333333333333333,2.0,0.0,1
17843,10,2.6115384615384616,454.1,487.2,1.7,2.0,0.0,1
17849,8,2.6491567460317462,294.125,276.375,4.0,13.125,0.125,0
17850,8,3.8865384615384615,514.5,528.0,0.875,4.0,0.125,0
17871,31,2.39932039286878,390.3225806451613,438.6774193548387,1.7096774193548387,8.580645161290322,0.0,1
17883,5,3.885194805194805,437.6,466.2,19.0,12.6,0.0,1
17889,7,1.2403846153846154,381.7142857142857,415.57142857142856,2.142857142857143,2.2857142857142856,0.0,1
17894,10,2.126570512820513,472.7,484.1,0.9,3.6,0.1,0
17896,10,3.312532467532468,317.1,351.0,0.4,2.8,0.1,0
17897,21,2.267159692159692,431.4761904761905,443.9047619047619,2.6666666666666665,3.333333333333333,0.0,1
17900,10,2.125079365079365,387.8,471.7,1.2,4.2,0.0,1
17908,7,1.9465899180184891,374.57142857142856,430.8571428571428,0.1428571428571428,0.4285714285714285,0.0,1
17916,13,3.6495171495171497,413.38461538461536,456.9230769230769,1.4615384615384617,6.769230769230769,0.0,1
17917,18,4.774723424723424,431.3333333333333,484.05555555555554,0.0555555555555555,0.3888888888888889,0.0,1
17918,5,3.31,435.8,496.2,4.4,13.0,0.2,0
17927,9,4.582479557479558,408.55555555555554,499.3333333333333,0.3333333333333333,3.0,0.0,1
17934,22,2.950948561242679,362.9090909090909,390.04545454545456,0.5,2.727272727272727,0.0,1
17935,16,2.493030753968254,494.125,537.0,0.0,0.0,0.0,1
17939,7,6.012471655328798,738.8571428571429,657.7142857142857,2.142857142857143,2.0,0.0,1
17940,8,5.852907509157509,524.0,532.375,2.125,4.25,0.0,1
17942,8,2.59284188034188,349.25,365.25,5.75,6.75,0.0,1
17943,7,2.548917748917749,404.0,439.4285714285714,0.4285714285714285,2.2857142857142856,0.0,1
17945,6,3.050625300625301,539.6666666666666,585.8333333333334,0.6666666666666666,2.333333333333333,0.0,1
17950,6,3.0142045454545454,400.8333333333333,430.5,1.8333333333333333,2.6666666666666665,0.0,1
17951,8,2.935119047619048,515.25,565.375,1.75,2.125,0.0,1
17953,8,1.8507249694749692,332.625,367.0,3.0,7.0,0.0,1
17958,26,2.384285724330973,428.6538461538461,423.4230769230769,0.5,2.0,0.0,1
17959,7,2.258418367346939,459.57142857142856,446.4285714285714,0.4285714285714285,1.7142857142857142,0.1428571428571428,0
17962,32,2.357407783189033,416.78125,447.78125,0.53125,1.6875,0.0,1
17971,6,1.5821428571428573,271.8333333333333,300.8333333333333,0.5,0.8333333333333334,0.0,1
17975,8,3.448218795093795,374.375,398.0,1.25,3.0,0.0,1
17982,20,3.387678571428572,398.0,432.4,6.95,8.5,0.05,0
17983,11,2.317224189951463,384.09090909090907,422.09090909090907,3.090909090909091,5.0,0.0,1
17984,5,2.4311616161616163,408.6,409.6,1.4,2.8,0.0,1
17988,5,3.155555555555556,608.6,577.2,0.8,3.6,0.0,1
18002,10,4.313055555555556,465.6,495.7,1.4,4.8,0.0,1
18015,8,4.440395021645021,441.375,454.625,0.0,0.0,0.0,1
18035,10,3.0561280386280387,289.9,317.8,0.0,0.0,0.0,1
18038,6,3.2628968253968256,474.0,500.3333333333333,0.0,0.0,0.0,1
18039,22,2.947458839437449,381.8636363636364,401.6818181818182,0.2272727272727272,2.0,0.0,1
18052,5,6.387777777777778,579.6,611.4,2.6,7.8,0.0,1
18058,5,3.424444444444444,495.4,466.6,2.0,8.4,0.0,1
18064,9,4.252465834818776,529.4444444444445,565.2222222222222,1.5555555555555556,1.6666666666666667,0.0,1
18065,13,3.3075620960236347,400.38461538461536,431.2307692307692,1.3846153846153846,0.7692307692307693,0.0,1
18067,5,5.127619047619048,413.0,443.8,0.6,0.8,0.0,1
18072,19,2.177380952380952,461.1578947368421,478.3157894736842,1.0526315789473684,5.2105263157894735,0.0,1
18073,19,2.71489037278511,415.7894736842105,453.05263157894734,0.2631578947368421,0.9473684210526316,0.0,1
18080,15,2.2574074074074075,322.1333333333333,374.0,0.1333333333333333,0.2666666666666666,0.0,1
18081,11,2.0749785567967387,357.90909090909093,427.1818181818182,2.5454545454545454,7.272727272727272,0.0,1
18082,10,2.0025441225441227,320.7,344.7,0.3,3.0,0.0,1
18090,16,2.0808226495726494,470.625,504.0625,1.0,2.0,0.0,1
18092,8,2.7936813186813185,353.25,422.375,0.375,3.125,0.0,1
18095,14,2.784606663178092,446.3571428571428,501.4285714285714,0.1428571428571428,0.5714285714285714,0.0,1
18096,13,2.93072696534235,327.9230769230769,373.0,0.7692307692307693,4.615384615384615,0.0,1
18112,6,1.4950320512820514,288.3333333333333,305.1666666666667,4.5,5.0,0.0,1
18113,6,2.7281806887070044,442.0,537.6666666666666,0.1666666666666666,1.3333333333333333,0.1666666666666666,0
18114,9,3.165873015873016,331.22222222222223,343.77777777777777,0.7777777777777778,2.888888888888889,0.1111111111111111,0
18115,5,4.423376623376623,381.0,421.0,0.0,0.0,0.0,1
18121,5,1.9271861471861476,397.8,402.4,1.8,0.8,0.0,1
18122,5,2.898333333333333,421.0,418.0,0.0,0.0,0.0,1
18124,44,3.3776068313000134,462.7272727272728,471.6590909090909,3.272727272727273,2.5454545454545454,0.0227272727272727,0
18125,8,2.826393398268398,468.875,475.875,3.0,2.0,0.0,1
18134,6,2.573502886002886,483.6666666666667,516.8333333333334,3.333333333333333,10.0,0.0,1
18142,6,1.1190996503496502,241.33333333333331,262.5,1.3333333333333333,2.0,0.0,1
18143,9,2.657910172616055,631.2222222222222,554.8888888888889,2.0,4.888888888888889,0.2222222222222222,0
18146,20,3.348968253968254,407.0,419.05,1.85,4.6,0.0,1
18160,8,1.5968208874458876,367.25,442.25,0.125,2.125,0.0,1
18162,5,1.692388167388167,259.0,312.2,0.0,0.0,0.0,1
18163,8,4.276862373737374,388.125,449.75,0.125,1.0,0.0,1
18164,8,2.3536057692307693,424.375,522.0,0.125,0.75,0.0,1
18168,12,3.7705357142857134,336.0833333333333,372.75,0.4166666666666667,6.5,0.0,1
18171,5,3.627380952380952,424.2,447.2,0.0,0.0,0.0,1
18176,7,2.154432822079881,320.2857142857143,360.4285714285714,0.2857142857142857,1.4285714285714286,0.0,1
18179,25,3.4240330780330783,474.4,528.0,1.48,2.88,0.0,1
18180,24,4.03399204961705,448.25,495.0416666666667,4.041666666666667,4.125,0.0,1
18181,13,3.5286324786324785,433.9230769230769,502.6923076923077,0.4615384615384615,2.076923076923077,0.0,1
18187,6,1.909505772005772,284.1666666666667,324.0,0.8333333333333334,5.333333333333333,0.0,1
18194,15,5.813511673511673,534.2666666666667,577.6666666666666,0.6666666666666666,6.4,0.0,1
18211,9,1.5278943278943278,311.8888888888889,349.44444444444446,3.333333333333333,5.333333333333333,0.1111111111111111,0
18213,9,2.458190883190883,347.77777777777777,361.6666666666667,0.2222222222222222,1.5555555555555556,0.1111111111111111,0
18223,5,3.303174603174603,476.2,507.8,0.2,1.0,0.0,1
18227,5,1.739597902097902,429.2,462.8,8.6,5.6,0.0,1
18228,5,1.4805555555555556,395.6,430.6,1.0,3.6,0.0,1
18229,5,1.6503030303030304,282.2,287.0,1.0,2.4,0.0,1
18234,6,2.441666666666667,524.6666666666666,577.3333333333334,1.8333333333333333,1.3333333333333333,0.0,1
18235,7,1.6860544217687077,333.7142857142857,349.42857142857144,0.0,0.0,0.0,1
18262,5,1.7733333333333334,397.8,374.8,0.0,0.0,0.4,0
18264,21,4.795066309352023,531.0,519.6190476190476,1.0,2.857142857142857,0.0,1
18267,6,3.6185185185185182,479.3333333333333,587.3333333333334,1.6666666666666667,1.8333333333333333,0.0,1
18278,21,6.1964663643235065,625.1428571428571,682.6666666666666,2.238095238095238,3.333333333333333,0.0,1
18279,24,3.575085446960447,436.75,489.2083333333333,1.75,3.5,0.0,1
18280,5,1.6133333333333333,290.8,301.6,0.8,4.2,0.0,1
18281,6,1.3839285714285714,369.0,393.5,0.5,0.3333333333333333,0.1666666666666666,0
18282,5,1.9255411255411257,350.8,378.0,9.0,2.4,0.0,1
18295,6,2.1070156695156697,342.3333333333333,344.5,1.6666666666666667,1.0,0.0,1
18302,16,3.082415318599529,424.0,480.4375,0.3125,2.75,0.0,1
18327,5,2.216190476190476,414.4,468.8,0.0,0.0,0.0,1
18330,6,1.0221560846560849,226.16666666666663,257.6666666666667,0.0,0.0,0.0,1
18333,7,2.7196145124716558,313.1428571428572,331.2857142857143,1.7142857142857142,0.8571428571428571,0.0,1
18337,8,3.642857142857143,529.875,521.625,2.75,10.0,0.0,1
18338,12,2.993482638219481,375.6666666666667,380.9166666666667,4.083333333333333,2.5,0.0,1
18339,5,1.9052669552669552,520.6,504.2,1.0,3.6,0.0,1
18345,5,3.5447619047619043,428.6,453.6,0.2,3.6,0.0,1
18354,5,2.223174603174603,506.4,614.4,0.4,1.8,0.0,1
18363,6,2.932142857142857,398.1666666666667,485.5,0.6666666666666666,5.0,0.0,1
18372,7,3.2619047619047623,396.4285714285714,437.8571428571428,3.857142857142857,1.0,0.0,1
18380,6,3.855026455026455,432.5,498.8333333333333,1.1666666666666667,11.333333333333334,0.0,1
18381,10,5.2875,540.3,531.0,0.8,5.0,0.0,1
18385,19,2.5483054020735296,396.7368421052632,457.1578947368421,0.8947368421052632,7.736842105263157,0.0,1
18393,11,2.789256198347107,396.0,454.09090909090907,0.4545454545454545,0.7272727272727273,0.0,1
18395,14,4.5617053581339295,466.2142857142857,534.7857142857143,2.5,3.857142857142857,0.0,1
18407,5,2.708802308802309,477.4,496.0,0.8,2.0,0.0,1
18408,6,1.363842203548086,336.1666666666667,319.1666666666667,0.5,10.333333333333334,0.0,1
18415,7,3.4454648526077096,460.1428571428572,458.8571428571428,3.142857142857143,3.142857142857143,0.0,1
18417,5,4.6670779220779215,514.0,528.8,0.0,0.0,0.0,1
18419,17,6.330392156862746,442.05882352941177,502.4705882352941,0.4705882352941176,1.411764705882353,0.0,1
18431,18,2.6145451770451773,372.8888888888889,417.1666666666667,0.5,1.6666666666666667,0.0,1
18447,5,2.8809740259740257,362.6,379.8,2.6,6.0,0.0,1
18448,5,3.5733333333333333,409.2,414.0,1.4,7.2,0.0,1
18450,6,2.040824915824916,431.6666666666667,484.1666666666667,3.8333333333333335,3.0,0.0,1
18451,7,1.6887057387057387,373.7142857142857,431.1428571428572,1.2857142857142858,3.4285714285714284,0.0,1
18462,19,4.215219867851447,473.6315789473685,511.578947368421,2.473684210526316,3.1578947368421053,0.0526315789473684,0
18463,9,2.1247594997595,329.0,344.3333333333333,0.1111111111111111,1.0,0.1111111111111111,0
18464,5,1.5362698412698412,311.8,348.4,1.0,0.4,0.6,0
18474,11,3.975590318772137,415.27272727272725,471.54545454545456,0.0909090909090909,0.9090909090909092,0.0,1
18475,11,1.999917971449072,356.09090909090907,407.1818181818182,0.2727272727272727,3.272727272727273,0.0,1
18490,8,2.860159632034632,429.875,452.25,0.375,7.125,0.0,1
18503,9,4.757583774250441,524.3333333333334,522.6666666666666,0.7777777777777778,7.333333333333333,0.0,1
18504,9,3.105211310113271,378.77777777777777,426.22222222222223,2.4444444444444446,8.88888888888889,0.0,1
18515,23,2.8321287408243934,400.0869565217391,419.9565217391304,1.2608695652173914,5.217391304347826,0.0,1
18521,7,7.899319727891156,366.4285714285714,434.1428571428572,0.1428571428571428,1.0,0.0,1
18522,7,5.467712842712842,303.7142857142857,332.85714285714283,0.1428571428571428,0.8571428571428571,0.0,1
18523,5,7.74,509.0,478.8,0.0,0.0,0.0,1
18524,5,2.921385281385281,276.6,287.6,0.0,0.0,0.0,1
18525,5,4.927012987012987,463.8,483.0,0.0,0.0,0.0,1
18565,6,5.25,513.1666666666666,504.0,4.166666666666667,13.333333333333334,0.1666666666666666,0
18569,7,4.100602968460112,459.2857142857143,504.7142857142857,1.5714285714285714,4.857142857142857,0.0,1
18571,14,3.888682745825603,468.5,520.6428571428571,0.0,0.0,0.0,1
18572,14,2.2067869338877744,342.2142857142857,358.5,0.0,0.0,0.0,1
18573,5,1.9714285714285715,260.4,281.6,0.2,1.8,0.0,1
18575,9,2.882828282828283,439.3333333333333,449.55555555555554,0.1111111111111111,0.6666666666666666,0.0,1
18582,8,3.251352813852814,493.875,504.25,0.5,4.25,0.125,0
18583,10,1.7369444444444444,325.9,292.4,15.5,4.8,0.0,1
18584,5,3.3980952380952383,368.0,402.2,2.4,1.8,0.0,1
18588,6,1.6733139409609998,326.5,340.1666666666667,0.5,1.6666666666666667,0.0,1
18596,6,5.839814814814815,437.3333333333333,402.1666666666667,2.5,10.5,0.0,1
18604,5,2.663333333333333,436.8,480.6,0.2,3.8,0.0,1
18607,10,1.706309523809524,357.0,371.5,0.6,2.2,0.1,0
18608,9,2.179938271604938,319.77777777777777,329.6666666666667,0.0,0.0,0.2222222222222222,0
18610,5,1.1442929292929294,230.6,241.2,0.0,0.0,0.4,0
18626,8,2.691493055555556,551.75,543.875,2.0,7.75,0.0,1
18633,6,2.063525132275132,432.1666666666667,481.8333333333333,0.8333333333333334,2.333333333333333,0.0,1
18636,5,9.641666666666666,565.8,606.2,0.0,0.0,0.0,1
18637,6,4.115873015873016,537.5,564.3333333333334,0.0,0.0,0.0,1
18638,6,2.4681818181818183,429.5,480.3333333333333,1.1666666666666667,0.8333333333333334,0.0,1
18639,5,2.457222222222222,430.4,482.2,0.0,0.0,0.0,1
18660,33,5.03466810966811,612.3030303030303,620.2424242424242,0.8484848484848485,2.909090909090909,0.0,1
18661,14,1.8159997682056503,345.42857142857144,358.7142857142857,1.8571428571428568,4.714285714285714,0.0714285714285714,0
18677,19,2.879290807231984,421.3157894736842,366.89473684210526,5.368421052631579,1.894736842105263,0.0,1
18680,59,4.214076036957393,371.2203389830509,445.7457627118644,1.7118644067796611,5.067796610169491,0.0169491525423728,0
18683,5,2.657905982905983,481.6,531.6,0.4,2.4,0.0,1
18687,5,1.5823076923076924,256.6,306.8,3.6,3.6,0.0,1
18702,9,4.708072791406124,560.6666666666666,516.4444444444445,0.4444444444444444,1.3333333333333333,0.0,1
18703,17,3.145772038419097,432.2941176470589,491.9411764705882,0.4705882352941176,0.5882352941176471,0.0,1
18704,5,7.8916666666666675,738.4,604.6,0.2,0.8,0.0,1
18705,6,4.316792929292929,448.1666666666667,437.1666666666667,0.0,0.0,0.0,1
18724,11,4.657470812016267,400.3636363636364,444.9090909090909,0.2727272727272727,1.0909090909090908,0.0,1
18725,12,2.448968855218855,277.0,284.8333333333333,0.0,0.0,0.0,1
18726,16,3.914360032328782,478.6875,491.375,0.3125,4.0,0.0,1
18729,5,1.5047619047619047,421.2,476.8,1.2,8.4,0.2,0
18730,7,3.490964590964591,615.4285714285714,678.5714285714286,2.7142857142857144,3.857142857142857,0.0,1
18731,5,3.596031746031746,417.6,485.4,0.2,1.6,0.2,0
18736,16,2.920603354978355,395.3125,396.0625,2.0,7.0,0.0,1
18738,6,2.6233164983164983,569.5,561.8333333333334,4.333333333333333,1.5,0.0,1
18744,7,3.2815018315018314,430.2857142857143,463.2857142857143,0.1428571428571428,0.7142857142857143,0.0,1
18745,19,2.842620614679438,432.3157894736842,498.89473684210526,1.6842105263157894,9.0,0.0,1
18750,5,3.7970238095238096,371.4,377.4,0.2,0.8,0.0,1
18751,9,2.723027898027898,450.0,493.22222222222223,1.8888888888888888,5.777777777777778,0.0,1
18758,19,5.160383914331283,548.4736842105264,507.42105263157896,1.368421052631579,2.8421052631578947,0.0,1
18759,6,2.5680555555555555,540.6666666666666,529.0,1.6666666666666667,2.0,0.0,1
18765,11,4.344444444444445,499.45454545454544,523.5454545454545,1.0,2.272727272727273,0.0,1
18767,6,4.6478174603174605,459.5,421.5,1.3333333333333333,4.333333333333333,0.0,1
18768,6,5.150793650793651,491.3333333333333,522.3333333333334,0.0,0.0,0.0,1
18780,6,1.3937451437451438,378.5,404.5,0.3333333333333333,1.1666666666666667,0.0,1
18788,5,1.5565934065934066,364.2,381.6,1.8,4.4,0.0,1
18794,9,1.821590909090909,251.88888888888889,255.33333333333331,0.7777777777777778,0.8888888888888888,0.0,1
18795,8,1.4770698051948052,248.5,266.25,0.0,0.0,0.0,1
18796,7,3.461904761904762,461.1428571428572,484.57142857142856,0.2857142857142857,1.1428571428571428,0.0,1
18797,8,2.424751984126984,399.5,436.25,0.25,1.75,0.0,1
18798,8,1.820900974025974,270.0,280.875,0.25,1.75,0.0,1
18802,10,4.54520202020202,587.4,602.9,0.6,2.6,0.0,1
18809,13,4.100699300699301,470.2307692307692,518.9230769230769,0.1538461538461538,0.6153846153846154,0.0,1
18810,5,4.006709956709956,387.6,447.4,0.8,6.0,0.0,1
18811,14,3.398621418264276,659.2857142857143,591.7142857142857,0.8571428571428571,3.142857142857143,0.0,1
18812,9,2.107692307692308,327.77777777777777,354.22222222222223,0.7777777777777778,4.0,0.0,1
18832,14,2.85004638218924,420.1428571428572,456.2857142857143,0.3571428571428571,0.8571428571428571,0.0,1
18833,6,4.168560606060606,399.0,429.8333333333333,0.5,4.666666666666667,0.1666666666666666,0
18848,11,2.296220446220446,390.09090909090907,399.3636363636364,2.363636363636364,3.1818181818181817,0.0,1
18851,5,1.3166666666666669,335.8,339.0,10.6,3.6,0.0,1
18866,10,3.0048989898989897,428.7,498.9,2.5,5.6,0.0,1
18867,5,3.341971916971917,472.8,538.6,2.6,5.2,0.0,1
18872,6,2.5240079365079366,466.8333333333333,469.1666666666667,0.3333333333333333,3.0,0.5,0
18881,9,3.0040123456790124,385.22222222222223,428.1111111111111,0.2222222222222222,1.1111111111111112,0.0,1
18889,14,6.98061224489796,497.8571428571428,558.7857142857143,2.142857142857143,2.357142857142857,0.0714285714285714,0
18890,14,4.883248299319727,530.8571428571429,560.7857142857143,3.357142857142857,12.0,0.0,1
18891,5,3.121060606060606,356.8,351.8,2.4,16.0,0.0,1
18896,8,5.739484126984127,509.25,517.5,0.375,1.75,0.0,1
18899,5,2.9459649122807017,406.2,479.2,0.6,4.8,0.0,1
18907,7,7.63265306122449,430.8571428571428,518.2857142857143,2.571428571428572,4.285714285714286,0.0,1
18914,5,3.871212121212122,626.2,644.8,0.0,0.0,0.0,1
18915,5,2.987142857142857,325.0,454.4,0.0,0.0,0.0,1
18916,6,3.1493265993265998,460.0,545.3333333333334,0.8333333333333334,1.5,0.0,1
18917,5,2.88996336996337,349.0,395.8,0.0,0.0,0.0,1
18918,6,4.138095238095239,402.5,506.6666666666667,0.5,1.8333333333333333,0.0,1
18919,5,1.510342522974102,366.4,396.4,1.8,1.8,0.0,1
18920,5,1.8181818181818183,463.0,490.6,2.6,7.4,0.0,1
18921,10,5.505357142857143,554.8,529.0,0.9,2.8,0.1,0
18930,6,2.23768315018315,407.5,445.3333333333333,0.1666666666666666,1.6666666666666667,0.0,1
18931,5,3.431688311688312,504.2,542.4,12.2,6.0,0.0,1
18948,14,3.7519944341372913,422.8571428571428,450.4285714285714,0.8571428571428571,3.142857142857143,0.0,1
18950,10,1.49061781355899,264.2,278.1,1.3,2.7,0.0,1
18951,18,3.7593808152631687,585.2222222222222,617.1666666666666,0.4444444444444444,1.5,0.0,1
18956,13,2.9933150183150183,317.3076923076923,351.0,0.6923076923076923,5.384615384615385,0.0,1
18957,5,2.6402380952380957,309.8,372.4,0.2,2.4,0.0,1
18959,6,3.081619769119769,363.1666666666667,423.6666666666667,1.1666666666666667,2.5,0.0,1
18961,20,2.2993324730824733,437.65,476.25,1.25,1.95,0.1,0
18970,10,4.857936507936508,538.9,559.5,0.5,1.6,0.0,1
18989,24,3.042625777000777,482.1666666666667,492.5,0.5416666666666666,4.083333333333333,0.0,1
18991,11,2.4791666666666665,324.1818181818182,343.8181818181818,0.4545454545454545,2.4545454545454546,0.0,1
18993,9,3.6096459096459097,474.8888888888889,518.4444444444445,0.5555555555555556,1.6666666666666667,0.0,1
19000,5,5.223809523809524,411.6,502.4,0.4,4.4,0.2,0
19010,10,2.5628715728715727,503.1,583.6,0.9,3.0,0.0,1
19015,14,4.107979024943311,526.0714285714286,572.6428571428571,2.7142857142857144,2.142857142857143,0.0,1
19027,19,2.308385620227725,384.3157894736842,448.7894736842105,2.8421052631578947,5.2105263157894735,0.0,1
19030,5,4.183333333333334,445.0,534.0,1.2,3.2,0.0,1
19041,11,1.4481132503859775,320.54545454545456,340.09090909090907,0.0,0.0,0.0,1
19042,8,2.564331501831502,412.5,429.5,14.25,4.125,0.0,1
19046,5,3.011111111111111,422.6,443.0,0.0,0.0,0.0,1
19065,6,4.161309523809524,395.3333333333333,446.3333333333333,0.8333333333333334,0.3333333333333333,0.0,1
19066,6,2.1156746031746034,348.6666666666667,359.1666666666667,0.6666666666666666,1.0,0.0,1
19093,7,3.3984126984126983,556.2857142857143,486.7142857142857,1.0,1.4285714285714286,0.0,1
19095,17,3.5600203717850776,404.05882352941177,422.6470588235294,0.0,0.0,0.0,1
19096,7,3.3326839826839825,388.2857142857143,406.57142857142856,0.4285714285714285,0.4285714285714285,0.0,1
19111,10,2.319772727272727,460.2,505.1,0.5,1.2,0.0,1
19112,5,1.4137229437229435,386.4,365.8,0.0,0.0,0.0,1
19116,21,5.436375661375662,397.6666666666667,420.57142857142856,0.4761904761904761,2.2857142857142856,0.0,1
19117,7,2.1285841142984,357.42857142857144,389.57142857142856,3.142857142857143,2.857142857142857,0.0,1
19118,9,1.7917107583774252,460.1111111111111,433.22222222222223,1.6666666666666667,2.0,0.0,1
19121,12,3.07635582010582,282.9166666666667,327.5833333333333,0.8333333333333334,2.25,0.0833333333333333,0
19133,5,2.475757575757576,395.0,376.0,0.8,7.8,0.0,1
19134,36,3.7969934001184,483.02777777777777,472.4166666666667,2.2777777777777777,1.3333333333333333,0.0555555555555555,0
19141,15,2.3202686202686205,317.06666666666666,336.8666666666667,0.4666666666666667,2.4,0.0,1
19156,7,2.958010640153497,398.2857142857143,421.1428571428572,0.2857142857142857,1.1428571428571428,0.0,1
19157,8,2.6681006493506496,436.75,487.25,2.875,1.0,0.0,1
19158,13,3.824980574980575,512.1538461538462,564.7692307692307,3.4615384615384617,3.692307692307693,0.0,1
19162,6,2.189102564102564,409.8333333333333,421.6666666666667,1.5,4.0,0.0,1
19163,32,1.9459344383686488,364.96875,324.09375,0.84375,2.40625,0.03125,0
19165,11,3.6581529581529577,468.09090909090907,523.1818181818181,1.181818181818182,4.909090909090909,0.0,1
19186,11,3.3451101928374656,523.1818181818181,565.1818181818181,1.9090909090909087,2.1818181818181817,0.0,1
19187,20,3.64673556126536,333.2,372.85,0.7,6.4,0.0,1
19195,5,4.178896103896103,404.2,471.4,0.0,0.0,0.0,1
19197,5,1.7320283581153149,368.6,449.6,0.6,2.8,0.0,1
19207,5,1.4970129870129871,347.6,419.2,1.0,2.8,0.0,1
19214,5,3.7968253968253967,555.6,547.4,0.0,0.0,0.0,1
19219,6,3.248148148148148,431.8333333333333,504.3333333333333,1.5,1.0,0.0,1
19223,5,1.988531746031746,370.8,400.4,0.4,1.2,0.0,1
19239,11,1.9576098144279963,343.45454545454544,409.0,0.4545454545454545,2.1818181818181817,0.0,1
19271,17,3.622897527309292,406.6470588235294,406.0,0.2941176470588235,0.8823529411764706,0.0,1
19276,5,2.0692857142857144,454.4,476.0,0.0,0.0,0.0,1
19284,8,5.433333333333334,325.25,373.25,0.0,0.0,0.0,1
19285,10,5.051336996336996,422.3,444.9,0.0,0.0,0.0,1
19286,7,3.5719518576661438,383.1428571428572,404.7142857142857,0.0,0.0,0.0,1
19287,9,6.200925925925926,554.3333333333334,533.5555555555555,0.0,0.0,0.0,1
19288,10,6.413585858585859,627.0,615.3,0.0,0.0,0.0,1
19290,10,2.434311211664153,443.8,508.0,1.4,6.8,0.1,0
19291,12,2.361799543049543,438.4166666666667,511.3333333333333,0.0833333333333333,0.4166666666666667,0.0,1
19299,5,1.971746031746032,295.8,395.2,0.6,11.6,0.0,1
19300,5,4.720000000000001,446.8,493.0,1.0,3.6,0.0,1
19310,8,2.146744227994228,350.375,357.375,0.125,0.25,0.0,1
19318,13,2.6115634365634364,435.9230769230769,479.6923076923077,2.6923076923076925,3.230769230769231,0.0769230769230769,0
19338,11,3.401379428652156,465.45454545454544,515.0909090909091,1.181818181818182,5.454545454545454,0.0,1
19339,7,3.5441403834260976,486.2857142857143,477.1428571428572,4.142857142857143,2.857142857142857,0.0,1
19340,9,1.6164021164021165,380.77777777777777,370.3333333333333,0.8888888888888888,2.2222222222222223,0.2222222222222222,0
19341,5,1.486764705882353,285.6,236.6,2.0,4.4,0.2,0
19342,9,3.0674214130096487,377.0,379.3333333333333,1.1111111111111112,3.888888888888889,0.0,1
19343,5,8.419444444444444,552.8,591.0,0.2,4.6,0.2,0
19344,10,2.770238095238095,445.5,480.4,0.8,1.8,0.1,0
19345,10,3.5927994227994224,436.0,438.2,0.7,5.0,0.1,0
19361,8,1.998094430079724,399.875,417.0,0.75,3.0,0.25,0
19362,6,3.5995370370370368,459.3333333333333,494.6666666666667,0.3333333333333333,2.5,0.0,1
19363,10,3.355897435897436,450.5,434.8,0.3,1.1,0.0,1
19365,6,2.2242063492063493,336.5,400.3333333333333,2.1666666666666665,3.0,0.0,1
19366,6,1.7049963924963925,411.8333333333333,450.0,2.6666666666666665,7.5,0.0,1
19372,10,1.498474768695357,311.9,364.7,0.0,0.0,0.0,1
19390,5,2.772222222222222,500.4,562.2,0.4,3.6,0.0,1
19399,14,2.870640074211503,465.7142857142857,499.2857142857143,0.0714285714285714,0.5,0.0,1
19400,6,4.773088023088023,508.5,505.0,0.3333333333333333,1.0,0.0,1
19406,8,5.229166666666667,527.375,538.625,0.125,1.25,0.125,0
19433,6,4.926587301587301,502.3333333333333,570.5,9.333333333333334,8.666666666666666,0.1666666666666666,0
19435,26,4.73934398934399,635.6538461538462,663.8076923076923,2.1153846153846154,5.884615384615385,0.0384615384615384,0
19441,5,2.0339285714285715,371.8,439.4,2.0,7.2,0.0,1
19460,6,2.781902356902357,420.1666666666667,438.8333333333333,0.5,3.0,0.0,1
19461,12,3.7066468253968257,487.6666666666667,533.75,0.1666666666666666,1.0,0.0,1
19463,7,3.2699372056514915,477.8571428571428,513.1428571428571,0.1428571428571428,1.1428571428571428,0.0,1
19466,6,2.5,445.5,532.1666666666666,3.333333333333333,2.333333333333333,0.0,1
19481,48,2.166501322751323,351.1666666666667,399.7916666666667,0.6875,2.6666666666666665,0.0208333333333333,0
19483,6,2.700378787878788,411.3333333333333,461.1666666666667,1.3333333333333333,4.0,0.0,1
19486,10,2.0708333333333333,294.1,292.2,1.7,0.9,0.0,1
19490,5,4.64,487.6,545.4,0.2,3.4,0.0,1
19497,5,2.1259740259740263,322.4,310.8,3.8,8.8,0.0,1
19498,19,1.898284464073938,301.1578947368421,333.05263157894734,0.5789473684210527,0.1578947368421052,0.0,1
19502,12,3.2898148148148145,397.1666666666667,424.5833333333333,5.0,4.083333333333333,0.0,1
19518,15,3.5247113997114,546.0,548.2,0.2,2.0,0.2666666666666666,0
19530,5,1.2166666666666666,318.0,325.2,0.0,0.0,0.0,1
19537,8,4.01780303030303,411.25,438.0,0.375,1.625,0.0,1
19538,10,2.384872488622489,446.1,517.7,0.5,0.4,0.0,1
19549,5,3.08,360.4,335.4,0.0,0.0,0.0,1
19567,6,3.837301587301587,431.8333333333333,414.3333333333333,3.5,3.0,0.1666666666666666,0
19572,7,2.495165945165945,415.1428571428572,445.0,4.428571428571429,4.571428571428571,0.0,1
19575,13,2.2333638583638584,355.38461538461536,346.7692307692308,0.5384615384615384,2.3076923076923075,0.0,1
19585,6,1.5944444444444443,379.5,396.1666666666667,1.3333333333333333,5.5,0.0,1
19597,6,1.6707977207977207,441.0,511.8333333333333,1.1666666666666667,4.666666666666667,0.0,1
19599,6,1.9814107461166284,420.1666666666667,457.1666666666667,1.0,3.6666666666666665,0.0,1
19607,13,2.158241758241758,300.53846153846155,292.84615384615387,2.5384615384615383,3.4615384615384617,0.3846153846153846,0
19608,6,2.051912901912902,320.0,339.1666666666667,2.333333333333333,4.666666666666667,0.0,1
19609,11,2.943667191394464,445.0,441.54545454545456,0.4545454545454545,0.9090909090909092,0.0,1
19624,8,3.4399610805860807,389.5,378.375,0.0,0.0,0.0,1
19625,8,4.252232142857143,471.625,500.5,0.0,0.0,0.125,0
19641,11,4.0135725385725385,643.9090909090909,648.7272727272727,0.2727272727272727,1.0909090909090908,0.0,1
19644,6,2.1504273504273503,390.3333333333333,398.0,0.0,0.0,0.1666666666666666,0
19652,5,6.306666666666667,473.8,509.4,1.4,3.8,0.0,1
19653,8,2.1312003968253967,555.0,550.0,0.0,0.0,0.0,1
19662,9,3.7929894179894177,519.3333333333334,546.3333333333334,1.6666666666666667,1.3333333333333333,0.0,1
19663,6,3.472934472934473,561.0,590.0,4.166666666666667,3.5,0.0,1
19666,8,1.538983585858586,479.125,510.75,3.75,1.25,0.0,1
19667,6,1.512121212121212,364.8333333333333,376.5,10.666666666666666,2.6666666666666665,0.1666666666666666,0
19668,21,2.8459097780526355,497.8571428571428,467.7142857142857,0.4285714285714285,0.9523809523809524,0.0952380952380952,0
19669,7,3.1403628117913835,584.4285714285714,571.1428571428571,0.0,0.0,0.1428571428571428,0
19670,5,3.741666666666666,668.4,577.2,1.8,2.8,0.4,0
19682,9,2.7892255892255893,452.3333333333333,484.44444444444446,1.1111111111111112,8.0,0.0,1
19685,8,3.697136544011544,382.375,468.75,3.875,12.0,0.0,1
19697,5,3.863787878787879,563.6,617.6,2.0,12.4,0.0,1
19699,6,2.8187830687830684,460.1666666666667,465.1666666666667,2.1666666666666665,2.6666666666666665,0.0,1
19701,8,1.890452256077256,310.875,333.875,1.0,5.5,0.0,1
19702,12,6.744907407407407,483.0,470.9166666666667,0.0,0.0,0.0,1
19710,7,3.1853535353535354,443.7142857142857,481.0,1.4285714285714286,3.4285714285714284,0.0,1
19719,7,1.723801052748421,336.2857142857143,381.57142857142856,2.142857142857143,3.571428571428572,0.0,1
19729,6,2.9113756613756614,351.6666666666667,344.6666666666667,4.5,2.1666666666666665,0.0,1
19732,13,3.6952427913966375,480.46153846153845,471.0769230769231,3.769230769230769,4.384615384615385,0.0,1
19733,8,4.966369047619048,479.75,510.375,0.25,1.0,0.0,1
19738,6,1.872023809523809,402.6666666666667,436.5,0.6666666666666666,1.0,0.0,1
19740,7,2.498736557560087,368.1428571428572,391.8571428571428,1.1428571428571428,4.571428571428571,0.0,1
19749,8,3.416761363636364,364.0,385.25,0.25,0.5,0.125,0
19751,6,3.5927579365079367,561.3333333333334,508.6666666666667,1.6666666666666667,4.0,0.0,1
19753,5,2.489267399267399,346.4,364.4,1.8,0.4,0.0,1
19758,42,2.11219699029573,368.3809523809524,384.5,0.5476190476190477,1.4285714285714286,0.0,1
19761,9,3.1647266313932985,344.6666666666667,330.77777777777777,1.6666666666666667,4.666666666666667,0.0,1
19762,5,8.605079365079366,529.0,608.2,2.8,1.8,0.0,1
19787,14,2.2320774463631605,280.7142857142857,298.5,1.5714285714285714,5.142857142857143,0.0,1
19790,9,4.325252525252526,565.4444444444445,512.2222222222222,2.2222222222222223,3.555555555555556,0.0,1
19791,12,3.2904859029859037,322.9166666666667,374.4166666666667,1.0,2.9166666666666665,0.0,1
19792,8,3.6337977994228,438.875,454.0,0.875,1.5,0.0,1
19793,9,2.0896103896103897,303.22222222222223,356.0,0.2222222222222222,1.1111111111111112,0.0,1
19794,8,3.4114125457875457,340.375,360.875,0.5,1.875,0.0,1
19800,5,2.756406926406926,371.2,389.2,0.0,0.0,0.0,1
19807,42,3.0181585209227846,458.7142857142857,490.6904761904762,1.0476190476190477,2.1666666666666665,0.0,1
19809,7,6.058936301793445,426.4285714285714,415.8571428571428,2.857142857142857,9.428571428571429,0.0,1
19819,17,2.9972837619896446,424.6470588235294,501.11764705882354,1.3529411764705883,4.235294117647059,0.0,1
19841,16,1.8919986263736264,294.8125,315.6875,1.25,3.0625,0.0,1
19843,13,3.2899982370570604,414.1538461538461,417.1538461538461,0.6923076923076923,3.0,0.0,1
19845,23,3.657596992379601,452.5217391304348,492.4782608695652,0.5652173913043478,2.217391304347826,0.0,1
19848,7,2.5278344671201816,358.1428571428572,404.7142857142857,2.4285714285714284,10.285714285714286,0.0,1
19859,6,2.1586339586339585,448.1666666666667,503.6666666666667,0.1666666666666666,1.3333333333333333,0.0,1
19860,5,2.857878787878788,486.6,526.4,0.6,6.0,0.0,1
19871,5,1.5709090909090908,463.4,487.6,0.2,0.8,0.0,1
19878,20,3.1794850982350984,532.35,597.15,2.15,7.2,0.0,1
19893,7,1.611183261183261,364.2857142857143,376.1428571428572,0.0,0.0,0.0,1
19929,6,4.113095238095238,570.6666666666666,548.5,0.8333333333333334,1.0,0.0,1
19932,9,2.1087542087542084,393.0,390.44444444444446,1.3333333333333333,3.333333333333333,0.1111111111111111,0
19940,12,1.9938377594627597,448.5,501.1666666666667,2.833333333333333,6.0,0.1666666666666666,0
19952,7,2.81921768707483,566.2857142857143,532.7142857142857,1.4285714285714286,6.714285714285714,0.0,1
19976,5,3.6739393939393934,438.0,443.4,0.6,4.2,0.0,1
19977,5,3.8483333333333336,393.8,426.6,0.6,4.0,0.0,1
19980,13,2.3524170274170277,383.38461538461536,443.61538461538464,1.4615384615384617,1.8461538461538465,0.0,1
19986,5,1.9984432234432237,448.4,448.4,0.0,0.0,0.2,0
19990,7,3.4107142857142856,365.2857142857143,396.2857142857143,0.8571428571428571,1.7142857142857142,0.0,1
19995,5,1.6102453102453105,373.8,349.0,3.0,1.2,0.0,1
19997,6,3.776851851851852,497.6666666666667,472.0,0.1666666666666666,0.8333333333333334,0.0,1
19998,16,3.226215277777778,421.0,456.5,1.0625,5.6875,0.0,1
19999,5,2.713787878787879,400.8,471.4,4.6,14.6,0.2,0
20002,9,2.3294190215242847,385.3333333333333,421.3333333333333,0.3333333333333333,1.0,0.0,1
20013,8,3.676190476190476,440.375,476.625,0.25,2.25,0.0,1
20025,7,1.9901996696114344,502.8571428571428,557.8571428571429,7.0,4.0,0.0,1
20027,9,1.5946234049175223,304.3333333333333,326.6666666666667,1.2222222222222223,1.1111111111111112,0.1111111111111111,0
20037,28,1.870029771815486,307.5357142857143,332.17857142857144,0.25,2.2857142857142856,0.0714285714285714,0
20063,5,2.9522222222222223,337.6,384.2,1.4,1.2,0.0,1
20068,5,3.504761904761905,459.6,497.4,1.6,3.2,0.0,1
20076,7,5.549603174603175,412.1428571428572,444.8571428571428,0.7142857142857143,2.857142857142857,0.0,1
20079,5,1.9166666666666667,305.2,335.0,0.6,4.8,0.2,0
20086,8,1.9765833855472013,385.625,422.25,3.0,5.25,0.0,1
20088,5,5.846666666666667,478.8,514.0,1.2,1.4,0.2,0
20089,7,2.7868598721539897,480.0,510.57142857142856,11.857142857142858,4.285714285714286,0.0,1
20090,9,1.2547623037819118,266.6666666666667,308.6666666666667,0.2222222222222222,3.555555555555556,0.0,1
20094,12,5.197767857142857,456.0833333333333,522.9166666666666,8.0,8.666666666666666,0.0,1
20096,16,3.4470474888673417,358.875,409.0,3.25,5.0,0.0625,0
20101,16,2.9442866161616164,389.4375,440.8125,0.1875,0.875,0.0,1
20141,41,3.912276341544634,532.1463414634146,572.1951219512196,1.4878048780487805,1.170731707317073,0.0,1
20149,12,4.474747474747475,436.75,441.75,1.4166666666666667,2.5,0.0,1
20167,6,1.3362674362674365,289.0,315.6666666666667,0.0,0.0,0.0,1
20173,8,4.179166666666667,467.625,523.75,0.25,0.75,0.25,0
20180,7,2.23246991104134,428.7142857142857,466.2857142857143,0.4285714285714285,2.0,0.0,1
20183,13,7.498351648351648,705.1538461538462,671.4615384615385,3.3846153846153846,1.9230769230769231,0.0,1
20188,8,2.249793956043956,383.625,394.75,3.875,0.75,0.125,0
20190,5,1.2043223443223443,471.6,406.8,2.6,1.6,0.0,1
20191,5,2.5788811188811187,457.0,475.2,0.6,0.4,0.0,1
20192,6,4.688888888888889,481.0,359.3333333333333,6.0,5.0,0.0,1
20194,5,3.058716577540107,449.6,495.6,0.2,0.8,0.0,1
20195,7,5.091666666666667,466.1428571428572,460.4285714285714,0.2857142857142857,1.7142857142857142,0.0,1
20197,45,3.059009354842688,438.1333333333333,465.6222222222222,8.488888888888889,3.911111111111111,0.0,1
20204,17,2.764646301411007,433.7647058823529,456.7647058823529,0.8823529411764706,2.117647058823529,0.0588235294117647,0
20205,7,1.9623233908948197,414.1428571428572,442.8571428571428,0.1428571428571428,1.4285714285714286,0.0,1
20206,5,1.6744444444444446,402.8,431.4,1.6,5.6,0.2,0
20207,13,1.7338123415046491,269.7692307692308,282.61538461538464,1.4615384615384617,2.5384615384615383,0.2307692307692307,0
20220,14,4.483141858141858,506.8571428571428,553.5714285714286,2.071428571428572,3.857142857142857,0.0,1
20221,17,1.9701595789831083,318.0,363.2941176470589,0.6470588235294118,1.1764705882352942,0.0,1
20229,15,3.308531746031746,503.4666666666666,547.7333333333333,2.6666666666666665,2.066666666666667,0.1333333333333333,0
20236,5,1.5463562753036435,424.4,479.2,1.6,1.6,0.0,1
20240,16,3.293885281385281,530.125,607.875,0.5625,3.125,0.0,1
20246,5,3.125,518.0,521.6,1.2,0.8,0.2,0
20250,13,5.902136752136752,357.7692307692308,431.61538461538464,1.4615384615384617,7.384615384615385,0.0,1
20274,7,3.808730158730159,494.4285714285714,542.2857142857143,1.0,2.0,0.0,1
20289,26,3.5169860110649585,415.96153846153845,389.6538461538461,0.6153846153846154,1.6923076923076923,0.0769230769230769,0
20295,5,0.9126984126984128,348.6,353.2,6.8,1.0,0.2,0
20298,7,2.9807256235827664,408.1428571428572,453.1428571428572,0.7142857142857143,1.2857142857142858,0.0,1
20299,6,4.031547619047619,642.1666666666666,595.8333333333334,4.833333333333333,8.333333333333334,0.0,1
20303,6,4.508226495726496,495.8333333333333,530.5,2.0,2.6666666666666665,0.0,1
20337,6,2.7539682539682544,509.0,502.0,1.3333333333333333,1.5,0.0,1
20340,9,2.1521604938271603,305.0,335.44444444444446,0.3333333333333333,4.666666666666667,0.0,1
20353,13,2.879368067829606,350.7692307692308,418.46153846153845,0.1538461538461538,0.5384615384615384,0.0,1
20354,8,2.8075757575757576,517.375,511.75,0.5,2.25,0.0,1
20358,23,3.2692719116632163,438.5652173913044,496.7826086956522,0.2608695652173913,1.1304347826086956,0.0,1
20372,13,2.58026418026418,383.7692307692308,430.0769230769231,1.2307692307692308,3.1538461538461537,0.0,1
20386,6,3.7981902356902353,576.1666666666666,624.6666666666666,2.333333333333333,2.0,0.0,1
20395,7,1.9607555143269428,335.7142857142857,340.57142857142856,1.4285714285714286,7.714285714285714,0.0,1
20404,8,2.198611111111111,395.125,401.625,0.875,3.0,0.125,0
20405,8,2.7360304727951785,477.625,506.375,2.0,3.0,0.0,1
20408,5,1.9006227106227107,352.0,397.2,7.4,0.8,0.0,1
20410,5,1.8625,371.4,369.6,0.0,0.0,0.0,1
20426,9,2.8005291005291006,408.8888888888889,439.77777777777777,0.2222222222222222,2.2222222222222223,0.0,1
20427,10,2.118939393939394,386.7,422.8,0.5,0.8,0.0,1
20442,5,2.329761904761905,417.2,388.4,3.8,2.4,0.0,1
20443,5,1.5188286713286714,279.2,360.2,2.0,12.0,0.0,1
20456,7,1.61208231544366,304.0,350.85714285714283,0.8571428571428571,7.428571428571429,0.0,1
20469,7,2.907357679914071,418.7142857142857,442.4285714285714,0.7142857142857143,1.4285714285714286,0.0,1
20473,6,2.1017584811702457,382.1666666666667,447.0,0.5,0.8333333333333334,0.0,1
20478,8,2.595508658008658,413.0,451.25,2.125,3.0,0.0,1
20480,7,2.876984126984127,427.0,438.2857142857143,0.8571428571428571,2.571428571428572,0.0,1
20482,6,2.816369047619048,433.5,450.0,0.3333333333333333,2.1666666666666665,0.0,1
20494,8,3.505803571428572,492.25,534.125,1.75,4.5,0.0,1
20495,13,2.637697558851405,410.0769230769231,431.0769230769231,0.0,0.0,0.0,1
20498,6,1.4706018518518518,400.5,465.8333333333333,2.5,2.333333333333333,0.0,1
20502,5,2.75,352.0,452.6,2.0,1.0,0.0,1
20506,15,2.177025868867974,411.6666666666667,488.6666666666667,0.8666666666666667,3.333333333333333,0.0666666666666666,0
20515,12,5.438194444444445,518.8333333333334,547.0,3.25,1.0,0.0,1
20519,6,3.546825396825397,357.1666666666667,394.5,0.0,0.0,0.0,1
20520,6,3.5690476190476192,666.5,593.6666666666666,1.1666666666666667,2.333333333333333,0.1666666666666666,0
20522,6,1.3101851851851851,405.8333333333333,379.3333333333333,0.0,0.0,0.0,1
20523,5,1.206121166415284,231.4,298.4,0.0,0.0,0.0,1
20529,6,2.0166666666666666,468.8333333333333,430.6666666666667,0.8333333333333334,7.5,0.0,1
20535,5,3.663333333333333,532.8,551.2,0.0,0.0,0.0,1
20538,7,1.844246031746032,382.8571428571428,408.7142857142857,1.2857142857142858,3.7142857142857135,0.0,1
20552,12,2.3435395622895623,412.5833333333333,457.8333333333333,0.1666666666666666,1.0,0.0833333333333333,0
20553,10,3.399087024087025,484.2,517.1,1.4,1.0,0.0,1
20554,7,3.0765615337043903,559.7142857142857,546.1428571428571,1.5714285714285714,2.142857142857143,0.0,1
20556,6,3.111111111111111,547.6666666666666,556.1666666666666,1.0,4.0,0.0,1
20559,8,2.434528318903319,336.0,349.125,0.25,3.5,0.0,1
20562,5,2.0831746031746032,515.4,533.8,0.0,0.0,0.0,1
20570,6,3.834645909645909,441.0,456.5,0.1666666666666666,2.1666666666666665,0.0,1
20575,8,4.547123015873016,481.75,485.75,0.75,6.5,0.125,0
20576,11,2.2284738137679314,302.09090909090907,326.1818181818182,3.909090909090909,9.818181818181818,0.0,1
20579,8,1.0865950226244343,371.375,386.375,4.0,6.375,0.0,1
20589,7,3.872948876520305,560.4285714285714,595.8571428571429,1.4285714285714286,2.571428571428572,0.0,1
20596,6,1.901515151515152,299.5,324.5,0.1666666666666666,1.1666666666666667,0.0,1
20597,5,2.45,467.4,488.8,0.4,3.0,0.0,1
20611,6,1.898611111111111,382.5,354.1666666666667,0.6666666666666666,6.5,0.3333333333333333,0
20614,11,2.5946969696969697,475.45454545454544,528.7272727272727,0.6363636363636364,5.727272727272728,0.0,1
20630,15,3.145163725163725,361.6666666666667,406.26666666666665,0.4666666666666667,0.8,0.0,1
20639,5,1.689230769230769,318.8,362.6,0.4,2.8,0.2,0
20640,5,1.7852380952380955,371.0,420.8,0.8,1.2,0.0,1
20642,11,2.058769513314968,350.54545454545456,376.9090909090909,1.0,3.272727272727273,0.0,1
20656,8,4.065214646464646,519.75,628.25,0.375,2.25,0.0,1
20658,7,7.184013605442177,640.5714285714286,607.5714285714286,1.0,1.1428571428571428,0.0,1
20671,8,2.276827485380117,393.25,474.25,1.375,3.375,0.0,1
20672,10,2.4124729437229435,453.9,490.1,1.7,1.2,0.0,1
20691,7,1.826747062461348,296.7142857142857,346.85714285714283,0.8571428571428571,4.714285714285714,0.0,1
20718,29,3.2230152510324923,374.0344827586207,425.2413793103448,0.2758620689655172,1.2413793103448276,0.0689655172413793,0
20720,13,3.224725274725275,356.53846153846155,410.1538461538461,0.7692307692307693,1.3846153846153846,0.0769230769230769,0
20733,7,1.826180169037312,359.42857142857144,419.0,1.5714285714285714,2.2857142857142856,0.1428571428571428,0
20734,8,2.209126984126984,457.625,480.75,8.125,2.5,0.0,1
20743,6,6.395726495726496,470.5,469.0,0.3333333333333333,3.0,0.0,1
20744,7,2.600453514739229,482.1428571428572,516.0,3.142857142857143,6.428571428571429,0.0,1
20745,6,1.8665223665223667,286.8333333333333,332.5,0.5,2.0,0.0,1
20746,8,6.895238095238096,544.125,531.0,0.375,2.625,0.0,1
20752,8,2.505357142857143,499.375,500.375,6.0,10.125,0.0,1
20758,6,2.3061026936026936,403.0,422.8333333333333,1.0,1.5,0.0,1
20762,16,1.833369806255836,407.375,407.6875,3.9375,1.9375,0.0625,0
20763,13,2.4049826242133934,476.84615384615387,504.0769230769231,3.230769230769231,4.307692307692308,0.0,1
20770,7,3.211935683364255,528.5714285714286,588.7142857142857,1.5714285714285714,4.571428571428571,0.0,1
20777,11,3.862470862470863,351.1818181818182,438.0,3.636363636363636,6.909090909090909,0.0,1
20795,26,4.758150183150184,557.5,522.6153846153846,0.1538461538461538,0.7692307692307693,0.0,1
20796,26,2.1678813958791334,302.7692307692308,314.0769230769231,0.1153846153846153,0.6923076923076923,0.0,1
20797,25,3.045501165501166,328.12,333.76,0.68,1.6,0.0,1
20798,7,6.187912087912088,512.8571428571429,484.8571428571428,0.1428571428571428,1.2857142857142858,0.0,1
20807,6,6.47962962962963,637.8333333333334,612.8333333333334,0.0,0.0,0.1666666666666666,0
20822,5,3.541919191919192,393.6,407.6,7.2,3.2,0.2,0
20825,5,1.5474664224664223,320.4,347.2,0.0,0.0,0.0,1
20827,5,4.355555555555556,495.4,529.2,7.4,5.2,0.0,1
20832,10,4.025557775557775,344.6,370.3,2.3,3.0,0.1,0
20835,7,3.432142857142857,482.57142857142856,511.4285714285714,0.5714285714285714,3.4285714285714284,0.0,1
20836,7,3.1704081632653063,430.57142857142856,482.0,0.4285714285714285,1.0,0.0,1
20852,5,5.206060606060606,386.2,365.0,1.0,7.2,0.0,1
20857,13,3.1704400300554147,423.84615384615387,451.1538461538461,0.0769230769230769,0.7692307692307693,0.0,1
20862,7,1.5109925788497216,384.2857142857143,389.7142857142857,0.0,0.0,0.0,1
20865,14,1.9021773861059577,356.5,329.0,3.571428571428572,1.4285714285714286,0.0714285714285714,0
20877,8,2.7567911255411257,362.5,387.75,1.0,1.25,0.0,1
20878,6,3.264830077330077,416.3333333333333,466.5,8.0,4.666666666666667,0.0,1
20881,24,3.1824226699226696,430.4166666666667,486.9583333333333,1.4583333333333333,1.4583333333333333,0.0416666666666666,0
20888,5,1.896470588235294,332.2,379.6,1.8,6.6,0.0,1
20890,8,2.561497968942822,306.875,344.375,0.25,5.5,0.0,1
20896,9,4.037654320987654,536.0,386.0,0.4444444444444444,3.111111111111111,0.0,1
20898,5,1.8504761904761904,462.8,426.8,0.0,0.0,0.2,0
20905,7,2.974546485260771,467.8571428571428,473.2857142857143,0.4285714285714285,1.0,0.1428571428571428,0
20907,6,2.6985014985014986,406.1666666666667,445.3333333333333,0.0,0.0,0.0,1
20913,5,2.627222222222222,366.2,324.2,1.4,1.0,0.4,0
20918,6,4.997023809523809,404.5,414.0,6.166666666666667,4.0,0.0,1
20919,7,2.7123015873015874,344.7142857142857,362.8571428571428,0.8571428571428571,0.7142857142857143,0.0,1
20924,5,3.44,375.2,348.8,0.0,0.0,0.0,1
20925,8,2.1740936147186147,445.375,440.375,2.375,5.5,0.125,0
20930,5,6.34047619047619,589.2,575.8,3.4,4.0,0.0,1
20932,6,3.2916666666666665,454.8333333333333,510.6666666666667,0.0,0.0,0.0,1
20940,7,2.3620486656200943,373.4285714285714,469.1428571428572,0.4285714285714285,0.8571428571428571,0.0,1
20941,12,5.254960317460317,588.1666666666666,637.1666666666666,5.666666666666667,5.916666666666667,0.0,1
20942,12,2.430374255374256,343.9166666666667,388.5,4.333333333333333,17.166666666666668,0.0833333333333333,0
20944,9,2.5765993265993266,374.3333333333333,415.6666666666667,3.333333333333333,3.333333333333333,0.0,1
20951,8,4.228792735042735,526.625,524.75,1.125,4.5,0.0,1
20962,9,1.9899470899470897,298.22222222222223,316.22222222222223,7.666666666666667,1.5555555555555556,0.0,1
20967,9,2.1545140045140045,355.8888888888889,408.8888888888889,0.0,0.0,0.1111111111111111,0
20992,51,3.937476738947328,478.11764705882354,488.9019607843137,0.7843137254901961,1.6470588235294117,0.0,1
21009,21,4.889253074967361,503.5238095238095,542.9047619047619,7.238095238095238,4.0,0.0,1
21011,9,2.718195847362514,457.44444444444446,470.6666666666667,0.6666666666666666,0.8888888888888888,0.0,1
21013,6,2.922222222222222,335.0,347.8333333333333,0.1666666666666666,1.5,0.0,1
21014,6,5.216666666666667,445.0,505.6666666666667,0.1666666666666666,2.333333333333333,0.0,1
21023,10,3.4362878787878786,370.7,386.3,2.1,4.8,0.0,1
21024,13,5.272943722943723,613.8461538461538,627.8461538461538,0.8461538461538461,8.307692307692308,0.0,1
21035,5,3.556666666666666,408.6,476.8,0.2,1.0,0.0,1
21043,5,3.611111111111112,474.2,486.0,0.2,1.8,0.0,1
21062,7,2.921661998132586,356.0,386.0,0.4285714285714285,3.0,0.1428571428571428,0
21079,18,3.5858815567148903,489.72222222222223,473.1666666666667,1.2777777777777777,4.055555555555555,0.1111111111111111,0
21083,12,5.82027417027417,427.6666666666667,483.3333333333333,3.0,5.5,0.0,1
21084,9,4.168871252204585,346.44444444444446,424.6666666666667,1.3333333333333333,3.333333333333333,0.0,1
21087,7,2.457596371882086,383.7142857142857,395.57142857142856,0.1428571428571428,0.5714285714285714,0.0,1
21112,7,2.1621949479092337,503.8571428571428,540.5714285714286,0.0,0.0,0.0,1
21124,7,2.8508307169021454,409.57142857142856,434.2857142857143,2.4285714285714284,2.2857142857142856,0.0,1
21142,7,3.5912698412698414,478.57142857142856,451.4285714285714,1.4285714285714286,4.285714285714286,0.1428571428571428,0
21143,5,2.145634920634921,389.0,449.6,0.0,0.0,0.0,1
21146,42,4.24594215308501,470.07142857142856,494.2380952380952,2.023809523809524,3.642857142857143,0.0,1
21155,7,2.401145679717108,468.57142857142856,523.8571428571429,0.2857142857142857,1.7142857142857142,0.0,1
21160,10,2.041316045066045,437.1,459.3,0.7,3.5,0.0,1
21161,10,3.091451048951049,397.3,467.9,0.4,4.0,0.0,1
21181,5,3.06,346.0,364.8,0.2,2.0,0.0,1
21182,5,1.7504329004329005,231.0,285.4,0.0,0.0,0.0,1
21189,11,1.3786532911532912,295.1818181818182,359.72727272727275,1.0909090909090908,2.727272727272727,0.0,1
21191,13,2.642318465847878,315.3076923076923,351.7692307692308,2.3076923076923075,1.8461538461538465,0.0,1
21193,13,3.5892191142191145,449.0769230769231,490.5384615384616,2.5384615384615383,3.5384615384615383,0.0,1
21194,10,2.4351998001998,364.2,432.1,1.7,8.0,0.0,1
21214,10,3.003968253968254,390.8,365.9,2.0,1.6,0.0,1
21215,38,2.3572555733739944,473.6578947368421,411.7631578947368,3.842105263157895,6.315789473684211,0.0789473684210526,0
21218,9,3.327292768959436,410.6666666666667,433.55555555555554,0.1111111111111111,0.5555555555555556,0.0,1
21223,6,3.233068783068783,511.3333333333333,628.5,0.0,0.0,0.0,1
21236,5,2.45492673992674,426.6,513.4,0.0,0.0,0.0,1
21238,10,2.866500999000999,455.8,538.2,3.1,1.2,0.0,1
21242,20,2.1587971750471757,422.75,496.65,1.7,3.6,0.0,1
21247,8,3.375892857142857,451.5,476.875,0.75,0.625,0.0,1
21252,5,1.2107692307692308,275.8,301.2,3.2,2.4,0.0,1
21259,7,5.383596165739023,588.2857142857143,570.2857142857143,0.2857142857142857,1.1428571428571428,0.0,1
21262,8,5.837797619047619,541.0,573.875,0.5,3.0,0.0,1
21274,5,1.3692307692307693,328.4,382.4,6.0,3.0,0.0,1
21284,8,2.679117063492064,445.125,470.5,0.0,0.0,0.0,1
21285,5,1.0173160173160174,285.0,328.2,0.0,0.0,0.0,1
21290,11,2.644693437875256,360.09090909090907,389.6363636363636,1.818181818181818,3.272727272727273,0.0,1
21297,5,2.48996114996115,541.8,568.8,0.6,2.4,0.0,1
21304,13,2.411546786546787,455.61538461538464,414.5384615384616,0.4615384615384615,2.0,0.0,1
21335,9,2.347435897435897,383.55555555555554,363.6666666666667,0.4444444444444444,3.555555555555556,0.0,1
21336,8,4.276190476190476,598.875,650.0,0.5,1.5,0.0,1
21349,20,2.491111111111111,463.15,505.6,2.4,3.15,0.0,1
21354,7,3.282038199895343,435.4285714285714,492.0,0.0,0.0,0.0,1
21361,44,2.308646656373929,371.6590909090909,380.1590909090909,0.25,2.227272727272727,0.0681818181818181,0
21373,16,3.365198363727776,504.3125,529.5,3.125,4.0,0.0,1
21377,15,2.3626340326340327,428.73333333333335,407.06666666666666,1.9333333333333331,4.266666666666667,0.0,1
21379,8,3.305776515151515,458.5,490.5,1.5,6.5,0.0,1
21389,16,2.603724747474748,395.5,441.625,0.4375,4.375,0.0625,0
21401,10,1.5754040404040404,296.5,323.8,0.3,0.8,0.1,0
21402,5,5.770555555555555,521.6,560.8,2.2,1.2,0.0,1
21404,8,3.3897435897435897,552.25,576.0,1.625,2.0,0.0,1
21405,7,2.8122353836639555,355.7142857142857,414.7142857142857,1.7142857142857142,4.571428571428571,0.0,1
21406,5,3.4498901098901102,455.0,471.0,0.2,1.4,0.0,1
21407,7,3.188888888888889,344.7142857142857,407.2857142857143,1.2857142857142858,10.857142857142858,0.0,1
21408,6,4.188732563732564,491.0,534.8333333333334,0.1666666666666666,4.666666666666667,0.0,1
21409,7,3.637606837606838,375.0,431.2857142857143,1.4285714285714286,12.714285714285714,0.0,1
21414,5,5.156666666666666,439.2,496.2,3.4,7.2,0.0,1
21415,5,5.5600000000000005,544.0,653.0,0.6,4.8,0.0,1
21428,9,2.41168430335097,415.77777777777777,424.44444444444446,0.4444444444444444,1.5555555555555556,0.1111111111111111,0
21439,13,3.793838639992486,520.0,506.84615384615387,3.8461538461538463,8.307692307692308,0.0769230769230769,0
21451,6,3.5054112554112558,604.1666666666666,661.8333333333334,1.8333333333333333,2.0,0.0,1
21453,6,11.188453159041394,632.0,678.8333333333334,3.6666666666666665,10.833333333333334,0.0,1
21455,5,2.3042857142857143,355.0,407.8,0.8,13.6,0.0,1
21460,6,1.9348214285714285,473.6666666666667,540.3333333333334,1.6666666666666667,3.0,0.0,1
21473,11,2.7073560278105733,343.45454545454544,385.54545454545456,1.0909090909090908,1.0909090909090908,0.0909090909090909,0
21493,9,2.9955370700468738,427.3333333333333,454.8888888888889,1.4444444444444444,7.0,0.0,1
21494,9,2.76957671957672,354.8888888888889,413.0,0.6666666666666666,4.0,0.0,1
21501,16,5.104707792207792,396.625,467.8125,0.625,4.0625,0.0,1
21502,6,2.2308201058201056,309.6666666666667,359.8333333333333,0.3333333333333333,0.6666666666666666,0.0,1
21505,5,4.5868131868131865,512.2,426.6,2.2,9.0,0.0,1
21506,5,2.6659523809523806,423.8,423.2,0.4,0.8,0.0,1
21511,13,4.444354363585132,448.3076923076923,522.6923076923077,3.0,2.6923076923076925,0.0,1
21514,7,3.400463821892393,497.0,558.8571428571429,2.142857142857143,5.142857142857143,0.0,1
21516,5,3.362703962703963,452.2,513.8,2.2,4.2,0.0,1
21519,7,9.914285714285716,427.8571428571428,454.4285714285714,1.7142857142857142,15.714285714285714,0.0,1
21520,6,3.075844226579521,423.6666666666667,439.5,0.8333333333333334,15.333333333333334,0.0,1
21522,12,4.543053705553706,452.9166666666667,510.4166666666667,1.1666666666666667,8.166666666666666,0.0,1
21523,8,3.208531746031746,337.0,400.5,2.0,8.5,0.0,1
21525,6,2.2300569800569803,423.1666666666667,342.1666666666667,0.1666666666666666,1.1666666666666667,0.0,1
21526,9,4.502645502645503,446.1111111111111,461.8888888888889,0.8888888888888888,2.2222222222222223,0.0,1
21530,7,4.424603174603175,446.7142857142857,461.7142857142857,0.1428571428571428,0.4285714285714285,0.1428571428571428,0
21531,5,1.5604617604617603,338.2,331.8,0.0,0.0,0.0,1
21559,10,3.575,405.8,442.8,1.0,6.0,0.0,1
21565,6,3.1245370370370367,497.0,561.0,1.0,8.0,0.0,1
21567,10,3.701666666666666,473.6,477.0,0.8,3.9,0.2,0
21569,5,1.8525,406.2,433.8,1.8,7.8,0.0,1
21573,6,1.4298229548229549,240.66666666666663,300.3333333333333,0.3333333333333333,2.6666666666666665,0.0,1
21574,5,1.9149650349650351,385.4,440.8,0.0,0.0,0.0,1
21575,5,1.3874708624708625,294.6,373.0,2.0,7.8,0.0,1
21577,6,3.339646464646465,435.8333333333333,506.5,0.6666666666666666,2.0,0.0,1
21607,9,6.71384479717813,489.22222222222223,522.7777777777778,0.8888888888888888,2.0,0.0,1
21610,14,8.177154195011338,594.6428571428571,577.8571428571429,0.2142857142857142,1.1428571428571428,0.0,1
21611,6,2.5282347282347284,360.0,410.3333333333333,0.6666666666666666,1.0,0.0,1
21617,24,3.795304232804233,437.9166666666667,501.0416666666667,0.0,0.0,0.0833333333333333,0
21624,10,4.993650793650794,556.3,565.2,3.4,4.9,0.0,1
21627,5,1.9866666666666668,260.8,289.8,0.0,0.0,0.0,1
21635,5,1.6444444444444444,365.2,425.4,0.8,2.8,0.0,1
21639,6,4.049422799422799,505.1666666666667,536.0,2.6666666666666665,2.333333333333333,0.0,1
21640,6,1.4436507936507936,328.1666666666667,380.0,0.6666666666666666,2.333333333333333,0.0,1
21642,5,2.1664141414141413,448.6,455.8,11.6,8.8,0.0,1
21643,5,2.889350649350649,479.4,572.0,3.8,6.6,0.0,1
21654,5,4.07,541.4,566.0,0.8,9.0,0.0,1
21660,6,1.4227272727272728,285.8333333333333,265.1666666666667,1.0,1.5,0.0,1
21671,5,2.316666666666667,365.4,368.4,0.0,0.0,0.0,1
21676,13,4.111045364891519,444.61538461538464,499.38461538461536,1.6923076923076923,2.769230769230769,0.0769230769230769,0
21677,12,2.345689033189033,310.6666666666667,361.8333333333333,1.5833333333333333,3.0,0.0833333333333333,0
21684,9,2.675837742504409,289.3333333333333,303.8888888888889,0.5555555555555556,1.1111111111111112,0.0,1
21685,21,2.2468007715906877,458.8571428571428,521.0,2.2857142857142856,2.142857142857143,0.0,1
21690,5,8.978571428571428,394.6,363.2,0.8,2.4,0.0,1
21691,6,7.0069444444444455,475.6666666666667,461.6666666666667,1.8333333333333333,4.0,0.0,1
21697,28,2.0338842487062303,484.75,515.9285714285714,1.3214285714285714,4.285714285714286,0.0,1
21699,5,4.586666666666667,408.8,492.6,4.4,6.4,0.0,1
21703,14,2.8213254998969286,475.2857142857143,532.2142857142857,0.3571428571428571,5.857142857142857,0.0,1
21704,14,2.043027210884353,403.07142857142856,432.2857142857143,0.2142857142857142,1.5714285714285714,0.0,1
21712,5,4.058730158730159,376.2,421.8,1.2,5.6,0.0,1
21713,11,2.0674734356552538,388.45454545454544,445.8181818181818,0.4545454545454545,4.090909090909091,0.0,1
21721,13,2.5121832415950065,450.46153846153845,487.38461538461536,0.0769230769230769,0.4615384615384615,0.0,1
21722,5,4.561153846153846,420.8,425.8,0.2,0.8,0.0,1
21736,5,2.08,430.8,455.0,0.0,0.0,0.0,1
21742,5,2.588311688311689,386.8,480.4,0.2,1.6,0.0,1
21747,9,3.158052749719416,331.77777777777777,378.22222222222223,0.1111111111111111,0.7777777777777778,0.0,1
21749,6,2.5910714285714285,509.6666666666667,530.1666666666666,4.333333333333333,4.0,0.0,1
21766,5,2.2482905982905983,413.4,456.6,0.0,0.0,0.0,1
21770,13,2.2324120324120327,421.5384615384616,456.46153846153845,3.5384615384615383,2.1538461538461537,0.0,1
21832,5,3.205555555555556,459.2,448.4,3.2,3.0,0.0,1
21836,15,2.217049062049062,403.8,433.3333333333333,0.0666666666666666,0.2666666666666666,0.0,1
21838,11,2.031504035571021,364.1818181818182,371.54545454545456,0.9090909090909092,1.6363636363636365,0.0,1
21848,13,1.7537544531888425,400.84615384615387,430.0,1.9230769230769231,5.615384615384615,0.0,1
21860,6,1.997880591630592,382.1666666666667,462.0,0.1666666666666666,0.8333333333333334,0.0,1
21876,13,2.161097236097236,326.61538461538464,396.7692307692308,2.6153846153846154,5.538461538461538,0.0,1
21891,11,2.8601575192484283,317.1818181818182,340.09090909090907,0.1818181818181818,0.9090909090909092,0.0,1
21893,5,4.823888888888889,453.2,442.0,0.2,1.0,0.0,1
21896,10,1.9200274725274724,456.0,408.1,3.4,1.9,0.0,1
21897,8,2.798363095238096,411.0,436.25,6.875,7.25,0.0,1
21902,34,3.2305316127547963,489.2058823529412,485.0882352941176,3.5294117647058822,1.911764705882353,0.0294117647058823,0
21923,5,2.688888888888889,315.0,315.2,0.2,2.6,0.0,1
21925,7,2.6904761904761902,564.5714285714286,578.1428571428571,0.4285714285714285,2.2857142857142856,0.0,1
21935,7,3.704885590599876,505.4285714285714,641.0,2.857142857142857,3.571428571428572,0.0,1
21948,7,2.802834467120181,405.4285714285714,390.7142857142857,1.1428571428571428,9.285714285714286,0.0,1
21956,9,1.572868489535156,268.6666666666667,279.0,0.1111111111111111,0.7777777777777778,0.0,1
21957,9,3.846604938271605,539.8888888888889,540.6666666666666,2.7777777777777777,7.222222222222222,0.0,1
21971,13,2.512068700530239,407.38461538461536,459.9230769230769,0.1538461538461538,2.4615384615384617,0.0,1
21982,5,2.4766666666666666,489.2,473.6,9.6,30.3,0.0,1
21983,5,1.4826107226107226,371.2,472.2,0.2,2.2,0.0,1
21984,5,2.723956043956044,478.0,540.8,4.0,1.2,0.0,1
21985,6,2.673776455026456,706.5,651.5,0.3333333333333333,1.1666666666666667,0.0,1
21991,10,2.901396103896104,307.1,340.2,3.4,1.5,0.0,1
21993,10,3.1819444444444445,425.5,406.7,4.3,1.2,0.0,1
21999,10,4.728888888888888,292.3,280.1,0.4,0.3,0.0,1
22000,10,4.826875901875902,411.6,453.7,0.7,1.0,0.0,1
22001,12,4.602678571428572,483.0,519.4166666666666,4.25,2.6666666666666665,0.0,1
22002,11,3.584887839433294,506.6363636363636,495.1818181818182,0.9090909090909092,1.181818181818182,0.0,1
22011,9,4.685185185185185,524.7777777777778,558.7777777777778,1.1111111111111112,2.6666666666666665,0.0,1
22012,9,3.887457912457912,571.1111111111111,613.8888888888889,0.6666666666666666,2.0,0.1111111111111111,0
22041,17,2.147456954809896,397.05882352941177,451.8235294117647,2.294117647058824,5.764705882352941,0.0588235294117647,0
22053,10,2.6319792707292704,419.6,463.1,0.9,2.1,0.0,1
22068,16,2.50876554001554,366.8125,444.4375,2.0,4.0,0.0,1
22078,11,1.4161958659284863,295.6363636363636,340.8181818181818,0.5454545454545454,4.363636363636363,0.1818181818181818,0
22081,5,1.903030303030303,255.8,262.8,1.8,7.2,0.0,1
22086,15,2.7300481000481,473.3333333333333,476.6,0.9333333333333332,3.6,0.0,1
22089,7,5.281746031746032,513.4285714285714,552.5714285714286,1.4285714285714286,2.2857142857142856,0.0,1
22091,10,2.208333333333333,345.4,311.5,1.0,4.2,0.0,1
22094,8,7.639583333333333,383.375,438.5,0.375,3.0,0.0,1
22095,9,4.715079365079365,373.22222222222223,427.44444444444446,0.2222222222222222,0.8888888888888888,0.0,1
22096,12,9.366468253968254,590.4166666666666,648.0833333333334,0.5,5.0,0.0,1
22104,7,2.877020202020202,327.57142857142856,429.1428571428572,0.2857142857142857,1.7142857142857142,0.0,1
22106,25,6.576457875457876,780.96,879.44,4.92,3.48,0.0,1
22116,5,3.013333333333333,362.8,410.0,0.2,1.6,0.0,1
22117,8,1.962951631701632,353.375,393.875,1.625,5.625,0.0,1
22141,10,6.987094017094018,428.6,476.6,0.7,3.6,0.1,0
22151,5,3.0761111111111115,364.0,432.0,0.2,1.0,0.0,1
22161,9,2.0090428090428087,399.3333333333333,414.22222222222223,1.0,3.7777777777777777,0.0,1
22178,22,2.38188541256723,363.27272727272725,380.09090909090907,0.9090909090909092,2.5454545454545454,0.0,1
22181,8,2.780654761904762,374.25,375.25,1.625,6.125,0.0,1
22182,7,3.451814058956916,434.0,407.7142857142857,0.0,0.0,0.0,1
22191,7,3.9273809523809526,503.7142857142857,508.0,0.7142857142857143,2.857142857142857,0.0,1
22192,5,2.827561327561328,467.2,540.8,0.2,1.4,0.0,1
22193,5,2.2099206349206346,398.6,474.2,1.8,3.2,0.0,1
22195,5,1.2075757575757575,265.0,283.8,0.8,15.2,0.0,1
22199,11,7.050757575757576,580.0909090909091,609.0909090909091,0.5454545454545454,3.636363636363636,0.0,1
22200,5,4.472727272727273,445.0,497.6,0.2,1.0,0.0,1
22201,16,3.394872835497836,452.625,469.625,1.3125,3.75,0.0,1
22202,5,3.0483333333333333,326.4,295.2,0.8,2.0,0.0,1
22222,6,3.258261183261183,504.5,535.3333333333334,0.3333333333333333,2.5,0.0,1
22229,9,1.455988455988456,362.44444444444446,383.22222222222223,3.333333333333333,5.333333333333333,0.0,1
22232,5,3.535347985347985,497.6,571.4,1.4,6.6,0.0,1
22245,9,1.882885632885633,318.0,378.1111111111111,2.333333333333333,3.333333333333333,0.0,1
22262,9,3.4415260665260665,424.0,447.6666666666667,0.4444444444444444,0.8888888888888888,0.0,1
22263,6,5.851960076960077,450.5,422.8333333333333,0.5,2.333333333333333,0.0,1
22272,7,3.4501855287569576,408.7142857142857,454.8571428571428,0.8571428571428571,4.0,0.0,1
22287,18,3.1497134038800705,394.77777777777777,407.3333333333333,5.833333333333333,10.166666666666666,0.0,1
22290,5,2.230530303030303,441.2,478.6,2.0,2.2,0.0,1
22292,9,2.7547418630751963,441.1111111111111,494.6666666666667,0.2222222222222222,2.4444444444444446,0.0,1
22294,7,2.79095946070736,486.57142857142856,444.57142857142856,0.2857142857142857,0.1428571428571428,0.0,1
22298,7,2.5071428571428567,275.2857142857143,331.1428571428572,1.2857142857142858,6.857142857142857,0.0,1
22300,7,2.7508503401360542,465.8571428571428,483.7142857142857,0.0,0.0,0.0,1
22309,6,3.993241943241943,411.5,416.0,2.333333333333333,2.333333333333333,0.1666666666666666,0
22313,8,4.600297619047619,375.125,442.875,0.75,4.0,0.0,1
22327,22,2.296898429852975,364.09090909090907,382.77272727272725,0.6818181818181818,1.6363636363636365,0.0,1
22328,21,4.065048443619872,423.04761904761904,456.5238095238095,1.4285714285714286,3.333333333333333,0.0,1
22329,53,3.796548367774783,531.8301886792453,542.566037735849,0.2264150943396226,1.1886792452830188,0.0188679245283018,0
22330,6,1.7835227272727272,418.0,415.6666666666667,0.1666666666666666,1.1666666666666667,0.0,1
22334,8,1.9300189393939395,389.25,395.75,1.0,1.25,0.0,1
22336,9,2.2947089947089947,337.77777777777777,401.3333333333333,9.22222222222222,2.7777777777777777,0.0,1
22340,19,3.5072320953899903,493.6315789473685,538.7894736842105,6.631578947368421,2.8421052631578947,0.0,1
22361,6,3.125356125356125,413.8333333333333,431.1666666666667,0.0,0.0,0.0,1
22363,6,2.0675666925666927,398.1666666666667,483.8333333333333,3.6666666666666665,2.6666666666666665,0.0,1
22364,5,1.2692883724462671,339.6,364.0,1.4,3.0,0.0,1
22390,5,7.41329365079365,371.4,406.2,0.0,0.0,0.0,1
22396,5,3.3777777777777778,331.0,392.2,0.0,0.0,0.0,1
22397,11,2.826966467875559,452.0,518.3636363636364,0.4545454545454545,3.636363636363636,0.0,1
22420,5,2.9,355.2,343.4,0.0,0.0,0.0,1
22422,5,2.129822954822955,286.2,319.0,0.2,3.0,0.0,1
22424,10,1.6774350649350651,254.7,269.1,1.6,3.2,0.0,1
22426,5,4.916666666666666,420.8,456.0,0.0,0.0,0.0,1
22428,5,1.8771428571428568,299.6,293.4,0.6,2.4,0.0,1
22430,13,3.386996663467252,533.0769230769231,508.0769230769231,3.615384615384616,5.923076923076923,0.0,1
22431,11,3.911255411255411,650.3636363636364,562.4545454545455,3.909090909090909,6.545454545454546,0.0,1
22432,6,2.870138888888889,361.8333333333333,347.3333333333333,1.0,4.333333333333333,0.0,1
22434,5,3.263838383838384,348.4,393.2,0.0,0.0,0.2,0
22436,14,2.935727169655741,421.9285714285714,436.7142857142857,0.5,3.142857142857143,0.0,1
22437,14,4.9188054009482585,463.57142857142856,493.7142857142857,0.1428571428571428,1.1428571428571428,0.0,1
22438,5,4.315238095238096,485.8,550.0,0.2,1.0,0.0,1
22455,36,3.463930321221988,392.55555555555554,428.22222222222223,0.3333333333333333,1.8888888888888888,0.0,1
22456,14,2.982498255712541,386.8571428571428,412.8571428571428,0.1428571428571428,3.142857142857143,0.0,1
22464,5,17.45,908.6,839.4,0.8,9.6,0.2,0
22465,6,2.4237313612313613,297.1666666666667,330.6666666666667,1.5,3.6666666666666665,0.1666666666666666,0
22466,46,2.569008286399591,392.7173913043478,396.5,0.9782608695652174,1.7391304347826086,0.0434782608695652,0
22469,9,1.7346079846079847,425.55555555555554,450.0,0.6666666666666666,1.3333333333333333,0.0,1
22470,5,1.718452380952381,296.2,405.4,0.0,0.0,0.0,1
22475,15,2.3255122655122658,326.53333333333336,315.6,0.0,0.0,0.0,1
22482,6,3.581349206349206,544.8333333333334,494.0,0.6666666666666666,1.6666666666666667,0.0,1
22484,10,3.418113553113553,463.2,462.5,2.5,5.2,0.1,0
22499,13,3.062789987789988,542.0769230769231,547.0769230769231,1.0,1.6923076923076923,0.0,1
22500,15,3.040236610368189,427.4666666666666,445.0,0.2,0.4,0.0,1
22502,5,3.236538461538461,388.4,429.2,0.8,10.4,0.0,1
22506,11,2.814275875639512,427.1818181818182,492.27272727272725,0.0909090909090909,0.9090909090909092,0.0909090909090909,0
22511,5,2.447222222222222,390.4,417.2,0.0,0.0,0.0,1
22526,14,3.24248866213152,438.0,421.4285714285714,7.214285714285714,8.928571428571429,0.0,1
22531,10,3.933531746031746,468.6,482.7,0.4,2.2,0.0,1
22532,13,3.662129537129537,405.0,444.1538461538461,1.4615384615384617,3.692307692307693,0.0769230769230769,0
22533,18,3.718048001381335,484.22222222222223,501.5,0.1666666666666666,0.8888888888888888,0.0555555555555555,0
22539,5,2.3402319902319904,407.2,420.2,11.8,25.0,0.2,0
22549,7,2.3004535147392287,492.1428571428572,458.8571428571428,1.7142857142857142,1.1428571428571428,0.1428571428571428,0
22555,10,5.976666666666667,427.5,479.1,1.7,3.2,0.0,1
22560,7,5.365079365079366,384.4285714285714,344.57142857142856,0.0,0.0,0.0,1
22570,6,2.506712962962963,543.6666666666666,565.8333333333334,1.1666666666666667,1.6666666666666667,0.0,1
22582,10,2.5157492507492507,408.2,467.0,0.3,3.4,0.0,1
22587,16,2.2854558270676693,380.6875,408.3125,0.3125,0.9375,0.0,1
22588,6,3.162962962962963,438.5,495.3333333333333,1.0,4.0,0.0,1
22589,11,2.5247280497280498,315.27272727272725,329.3636363636364,0.0909090909090909,1.181818181818182,0.0,1
22592,8,4.568623737373738,435.25,421.125,0.0,0.0,0.0,1
22594,11,2.971620046620046,387.1818181818182,427.1818181818182,1.9090909090909087,6.545454545454546,0.0909090909090909,0
22613,5,2.0263131313131315,329.6,431.4,1.0,9.0,0.0,1
22614,5,2.5546464646464644,310.8,355.2,0.4,1.4,0.0,1
22621,22,2.8618988965579875,370.45454545454544,351.8636363636364,0.6363636363636364,1.0909090909090908,0.0,1
22622,5,1.633888888888889,352.0,363.4,0.4,3.2,0.0,1
22624,6,2.712208216619981,452.3333333333333,490.3333333333333,1.1666666666666667,4.0,0.0,1
22629,25,2.5096591186591186,422.92,470.68,0.4,1.8,0.0,1
22637,8,1.0703619909502262,358.125,343.625,1.0,4.0,0.0,1
22642,8,3.230357142857143,433.75,463.5,1.875,5.25,0.25,0
22643,5,3.075,296.4,355.8,0.2,3.0,0.0,1
22645,8,3.354749417249417,384.25,403.5,2.125,1.5,0.0,1
22646,5,2.316746411483253,399.8,383.8,1.0,4.8,0.0,1
22660,39,3.990216692139769,510.71794871794873,521.8974358974359,4.205128205128205,2.6153846153846154,0.0,1
22663,10,2.313687423687424,380.0,407.4,1.1,5.6,0.0,1
22679,19,2.851993620414673,384.4736842105263,417.7368421052632,1.263157894736842,3.947368421052632,0.0526315789473684,0
22686,5,5.331349206349207,548.2,607.0,0.0,0.0,0.0,1
22687,6,4.000925925925926,429.5,506.3333333333333,0.3333333333333333,8.333333333333334,0.0,1
22689,13,3.6884615384615382,312.61538461538464,350.0,1.8461538461538465,5.538461538461538,0.0,1
22690,5,2.559047619047619,302.2,307.0,2.6,2.6,0.0,1
22700,7,1.8291383219954649,343.85714285714283,387.57142857142856,0.0,0.0,0.0,1
22701,7,3.900252525252525,609.1428571428571,623.7142857142857,0.0,0.0,0.0,1
22702,7,1.2754753183324612,337.85714285714283,400.57142857142856,1.0,0.5714285714285714,0.0,1
22708,5,2.7194805194805194,410.6,398.2,0.0,0.0,0.0,1
22709,8,2.897222222222222,391.75,401.375,1.5,0.5,0.0,1
22711,5,2.5136904761904764,420.0,483.6,0.6,1.8,0.0,1
22713,12,1.9206349206349207,378.75,381.4166666666667,1.9166666666666667,0.5,0.0,1
22749,28,2.695587250051536,348.57142857142856,382.07142857142856,0.8571428571428571,0.6428571428571429,0.0714285714285714,0
22753,12,2.8043981481481484,386.5833333333333,392.6666666666667,3.25,5.0,0.0,1
22759,5,2.1966666666666668,472.8,474.0,0.2,1.8,0.0,1
22762,8,2.37217845471522,390.375,405.125,1.375,3.75,0.0,1
22769,15,4.196269841269841,401.9333333333333,462.3333333333333,0.5333333333333333,4.333333333333333,0.0,1
22797,6,2.697619047619048,294.8333333333333,313.3333333333333,0.6666666666666666,1.1666666666666667,0.0,1
22800,11,4.059959989505444,501.9090909090909,522.0909090909091,0.9090909090909092,3.8181818181818175,0.0,1
22817,29,2.3783947852913374,487.5517241379311,488.5517241379311,1.5862068965517242,3.4482758620689653,0.0,1
22818,6,2.18505291005291,370.8333333333333,412.3333333333333,3.6666666666666665,3.333333333333333,0.0,1
22819,13,1.752766677766678,285.0,298.6923076923077,0.5384615384615384,1.1538461538461535,0.0769230769230769,0
22825,8,2.579113247863248,337.875,345.75,3.125,10.5,0.0,1
22834,5,1.9362193362193365,397.8,489.4,1.2,3.0,0.0,1
22840,13,2.676849646080415,373.38461538461536,424.9230769230769,2.1538461538461537,2.1538461538461537,0.0,1
22842,8,2.476610195360196,588.0,588.125,1.375,1.0,0.25,0
22848,8,2.8544733044733044,451.125,502.875,0.5,5.625,0.0,1
22849,14,2.6031662781662783,338.2142857142857,385.2857142857143,2.4285714285714284,2.0,0.0,1
22854,11,3.942768595041322,454.9090909090909,459.45454545454544,0.0909090909090909,1.6363636363636365,0.0909090909090909,0
22866,6,4.966666666666667,408.8333333333333,439.8333333333333,0.0,0.0,0.0,1
22875,22,2.329108391608392,394.2272727272728,428.4090909090909,1.0454545454545454,2.4545454545454546,0.0,1
22880,6,1.7519841269841272,358.8333333333333,372.3333333333333,0.1666666666666666,2.0,0.1666666666666666,0
22884,5,2.7995598845598844,393.6,435.0,2.0,2.6,0.0,1
22885,9,2.070818070818071,364.6666666666667,364.22222222222223,1.7777777777777777,1.1111111111111112,0.0,1
22890,13,3.175824175824176,579.3076923076923,588.4615384615385,0.8461538461538461,3.4615384615384617,0.0,1
22891,12,3.9853785103785104,353.75,422.8333333333333,0.5833333333333334,2.9166666666666665,0.0,1
22895,6,2.823821548821549,428.3333333333333,462.5,0.6666666666666666,3.333333333333333,0.0,1
22917,5,2.48974025974026,392.4,420.2,7.8,7.2,0.0,1
22921,5,1.6122222222222224,317.2,377.0,0.6,3.6,0.0,1
22933,17,1.9275257422316248,299.1764705882353,302.1764705882353,0.5294117647058824,0.2352941176470588,0.0,1
22934,17,4.051447245564893,453.6470588235294,462.8235294117647,0.0,0.0,0.0588235294117647,0
22937,5,1.3005050505050506,412.2,430.8,1.4,6.0,0.0,1
22940,10,6.107777777777778,466.9,519.6,0.3,3.6,0.0,1
22941,9,3.8738816738816735,444.3333333333333,490.1111111111111,0.8888888888888888,3.0,0.0,1
22946,5,3.7738461538461534,495.0,521.4,0.0,0.0,0.0,1
22947,6,3.6108585858585855,394.0,448.1666666666667,3.0,10.0,0.0,1
22948,9,3.874074074074074,381.55555555555554,424.6666666666667,1.3333333333333333,8.0,0.0,1
22951,5,2.39,374.6,437.6,0.2,1.6,0.0,1
22956,8,2.261904761904762,368.125,396.125,2.125,3.0,0.0,1
22958,7,3.2408424908424918,404.4285714285714,391.0,0.4285714285714285,1.1428571428571428,0.0,1
22965,5,2.3416666666666663,391.4,414.2,0.4,2.0,0.0,1
22972,38,3.960005382044856,412.6842105263158,463.6315789473685,0.5,3.1842105263157894,0.0263157894736842,0
22977,5,1.2425324675324676,284.6,292.8,0.0,0.0,0.0,1
22978,5,4.116190476190477,409.6,368.4,0.2,1.0,0.2,0
22980,11,2.7356060606060604,469.54545454545456,465.7272727272728,3.0,5.0,0.0,1
22984,13,3.111732711732712,331.15384615384613,335.53846153846155,1.3846153846153846,5.384615384615385,0.0,1
22989,8,2.5149305555555554,329.75,371.875,0.375,1.25,0.0,1
22991,8,3.20203373015873,431.125,471.875,1.0,4.0,0.0,1
22994,22,4.623845283504374,524.7272727272727,570.2727272727273,5.318181818181818,8.636363636363637,0.0,1
23002,5,1.5372727272727271,225.6,248.4,1.2,4.8,0.0,1
23016,22,4.497335366653548,424.6818181818182,483.8636363636364,0.0454545454545454,0.3181818181818182,0.0,1
23026,14,4.075448361162647,403.0,436.57142857142856,0.1428571428571428,0.5714285714285714,0.0,1
23039,8,2.713043727106227,426.25,471.875,0.125,0.375,0.0,1
23040,6,3.4001068376068377,297.6666666666667,329.8333333333333,0.3333333333333333,1.6666666666666667,0.0,1
23043,8,4.472569444444444,432.375,478.5,0.0,0.0,0.0,1
23045,9,2.5617283950617287,498.8888888888889,548.6666666666666,0.2222222222222222,0.6666666666666666,0.0,1
23046,5,1.1542857142857144,386.2,364.6,2.2,3.0,0.0,1
23053,8,5.016008771929824,468.625,501.0,0.125,1.25,0.125,0
23054,14,2.7700657175812458,387.4285714285714,419.4285714285714,1.2142857142857142,7.428571428571429,0.0,1
23055,9,4.206944444444444,548.6666666666666,580.4444444444445,3.333333333333333,4.444444444444445,0.0,1
23056,10,2.4502380952380958,326.2,335.3,1.1,0.8,0.0,1
23058,5,3.4266666666666667,402.6,428.2,0.4,1.8,0.0,1
23059,8,3.131150793650794,369.625,369.75,0.875,0.75,0.0,1
23076,5,2.493333333333333,384.6,464.6,1.2,3.6,0.2,0
23079,38,3.839726209463051,473.0263157894737,550.2105263157895,0.6052631578947368,2.0526315789473686,0.0263157894736842,0
23082,13,6.229677373908142,484.38461538461536,538.3076923076923,1.4615384615384617,10.461538461538462,0.0,1
23091,5,2.160286935286935,413.8,414.8,0.6,0.8,0.0,1
23095,18,3.005114638447972,667.5,595.7222222222222,0.2777777777777778,1.6111111111111112,0.0,1
23098,9,1.923010685755784,320.0,350.22222222222223,13.77777777777778,5.333333333333333,0.0,1
23102,14,2.375270364556079,418.9285714285714,429.9285714285714,4.5,4.214285714285714,0.0,1
23122,6,2.342857142857143,335.0,377.3333333333333,0.5,2.6666666666666665,0.0,1
23124,10,2.9511904761904764,523.0,533.0,0.5,5.2,0.0,1
23139,5,4.393306693306693,511.8,529.2,7.4,5.6,0.2,0
23144,18,2.662429237429237,402.0,433.05555555555554,0.9444444444444444,1.3333333333333333,0.1111111111111111,0
23152,19,2.549611207505944,376.3684210526316,409.89473684210526,0.4736842105263157,0.4210526315789473,0.0,1
23162,5,2.334285714285714,431.6,433.4,1.6,1.8,0.0,1
23164,5,2.0275,480.0,488.0,0.0,0.0,0.0,1
23165,28,3.4404620181405896,543.3928571428571,509.32142857142856,0.0357142857142857,1.0357142857142858,0.0357142857142857,0
23177,8,2.2467261904761906,430.25,412.75,0.5,2.25,0.0,1
23179,8,3.8966450216450217,433.625,474.0,1.5,1.0,0.0,1
23180,5,2.180938799762329,345.0,391.8,1.2,2.2,0.0,1
23188,6,3.723875661375661,294.1666666666667,330.6666666666667,0.8333333333333334,8.666666666666666,0.0,1
23189,17,5.648949579831933,678.2941176470588,653.1764705882352,0.3529411764705882,1.588235294117647,0.0,1
23190,15,2.514463314463314,304.0,342.7333333333333,0.2,1.6,0.0,1
23191,7,2.8593898165326737,289.0,351.2857142857143,0.1428571428571428,0.4285714285714285,0.0,1
23193,11,6.6589799089799095,477.1818181818182,489.6363636363636,2.4545454545454546,4.363636363636363,0.0,1
23202,10,1.5474603174603174,370.3,392.0,0.3,0.7,0.2,0
23203,9,3.747619047619048,527.7777777777778,517.7777777777778,0.0,0.0,0.1111111111111111,0
23220,6,1.9795454545454545,341.6666666666667,381.5,0.3333333333333333,4.333333333333333,0.0,1
23239,15,1.7746956746956746,445.8,518.6,0.6,3.8666666666666663,0.0,1
23246,8,2.907607323232323,385.0,467.875,0.625,5.125,0.0,1
23256,11,3.862337662337663,408.8181818181818,427.6363636363636,1.0909090909090908,1.6363636363636365,0.0,1
23258,9,2.689987481654148,313.44444444444446,343.22222222222223,2.2222222222222223,2.888888888888889,0.0,1
23261,9,4.763787138787139,440.3333333333333,461.44444444444446,0.6666666666666666,0.8888888888888888,0.0,1
23262,6,2.101851851851852,407.8333333333333,462.3333333333333,0.0,0.0,0.1666666666666666,0
23265,5,2.339910873440285,408.8,390.2,0.0,0.0,0.0,1
23271,5,1.928095238095238,338.0,335.6,3.4,20.0,0.0,1
23272,5,2.424603174603175,458.6,512.4,1.2,2.4,0.2,0
23287,5,1.3249694749694751,293.6,303.4,0.6,8.0,0.0,1
23299,6,2.2261904761904763,411.1666666666667,374.6666666666667,5.166666666666667,5.0,0.0,1
23315,11,3.2803668553668555,469.6363636363636,535.8181818181819,1.0,3.272727272727273,0.0,1
23316,15,2.5836628186628183,364.4,453.73333333333335,0.2666666666666666,2.533333333333333,0.0,1
23328,25,3.187484071484071,396.68,462.36,7.32,12.2,0.04,0
23329,5,3.191666666666667,386.4,426.2,0.4,4.8,0.0,1
23331,25,2.7139512709512705,397.04,431.32,2.52,1.92,0.0,1
23343,15,3.1052356902356903,527.6,584.3333333333334,0.3333333333333333,0.8,0.0,1
23350,9,2.308994708994709,337.77777777777777,371.1111111111111,0.1111111111111111,2.0,0.0,1
23351,8,2.4564484126984127,309.875,370.5,0.25,2.375,0.0,1
23352,5,5.881666666666667,528.0,458.4,0.0,0.0,0.0,1
23362,25,3.4974733044733046,316.08,396.4,0.68,3.92,0.0,1
23364,5,2.3571428571428568,598.4,620.6,3.8,5.8,0.0,1
23365,5,2.7044444444444444,422.6,436.2,1.0,1.6,0.0,1
23386,5,2.4345238095238093,474.4,493.6,0.8,4.4,0.0,1
23421,8,1.6522997835497837,338.75,398.625,2.875,8.625,0.0,1
23427,5,5.161111111111111,404.2,442.2,0.4,3.6,0.0,1
23433,8,3.2145833333333336,385.625,438.75,0.875,3.75,0.0,1
23462,14,3.827724358974359,565.5714285714286,565.5,6.285714285714286,11.571428571428571,0.1428571428571428,0
23466,5,4.498989898989899,406.2,484.4,2.6,3.0,0.0,1
23467,5,4.885555555555555,557.6,470.0,4.8,2.4,0.0,1
23468,5,5.536666666666667,395.0,493.6,1.4,4.2,0.0,1
23470,8,1.8736378205128208,432.125,467.75,0.125,1.375,0.0,1
23473,5,4.700793650793651,347.6,372.2,1.0,6.8,0.0,1
23482,8,6.487820512820512,436.625,430.125,1.375,5.0,0.0,1
23483,13,1.7303640803640803,309.53846153846155,356.0769230769231,0.9230769230769232,2.4615384615384617,0.0,1
23485,7,5.916666666666666,364.8571428571428,421.8571428571428,1.2857142857142858,2.857142857142857,0.0,1
23496,7,1.8563143206000348,466.8571428571428,483.2857142857143,4.0,4.142857142857143,0.0,1
23497,6,2.1413419913419918,384.6666666666667,396.0,0.8333333333333334,3.0,0.0,1
23498,6,4.316666666666666,467.5,467.8333333333333,0.8333333333333334,1.5,0.0,1
23499,5,1.6848484848484848,399.2,385.2,0.0,0.0,0.0,1
23500,19,2.9251226843332105,513.421052631579,537.0526315789474,3.5789473684210527,2.9473684210526314,0.0,1
23502,7,2.819355247926677,365.2857142857143,372.57142857142856,0.0,0.0,0.0,1
23524,5,4.779999999999999,333.2,374.4,5.0,12.0,0.0,1
23542,7,1.895848595848596,442.8571428571428,471.1428571428572,0.2857142857142857,3.4285714285714284,0.1428571428571428,0
23543,6,3.770021645021645,547.0,665.1666666666666,0.1666666666666666,1.3333333333333333,0.1666666666666666,0
23546,8,4.359090909090909,554.0,532.5,5.75,6.25,0.0,1
23549,8,2.464420995670996,310.75,333.375,0.25,0.625,0.0,1
23561,8,2.074215367965368,276.5,306.25,0.0,0.0,0.0,1
23566,7,3.61311858076564,369.57142857142856,422.4285714285714,0.5714285714285714,1.5714285714285714,0.0,1
23567,6,3.736111111111111,463.5,548.6666666666666,0.1666666666666666,2.0,0.0,1
23569,5,0.8687179487179488,354.0,344.4,0.0,0.0,0.2,0
23579,13,2.848836457659987,364.9230769230769,431.0769230769231,1.0769230769230769,2.1538461538461537,0.0,1
23580,13,2.1901845891664893,387.5384615384616,463.84615384615387,0.6153846153846154,3.4615384615384617,0.0,1
23581,6,1.5716880341880344,336.8333333333333,326.5,0.1666666666666666,1.3333333333333333,0.0,1
23586,7,3.206349206349206,349.85714285714283,317.85714285714283,2.857142857142857,2.857142857142857,0.0,1
23596,34,2.5266061144737613,415.0,455.6764705882353,0.2058823529411764,0.9411764705882352,0.0,1
23597,33,5.12671411080502,557.6060606060606,625.1212121212121,0.0909090909090909,0.3939393939393939,0.0,1
23598,6,1.8658424908424909,341.0,365.3333333333333,0.3333333333333333,3.6666666666666665,0.0,1
23608,8,2.806910103785104,339.0,376.125,0.375,3.25,0.0,1
23609,5,1.1002597402597405,282.6,267.6,0.0,0.0,0.0,1
23616,6,2.1183862433862437,346.8333333333333,401.6666666666667,0.6666666666666666,2.0,0.0,1
23617,5,2.9833333333333334,429.8,486.4,0.2,2.0,0.0,1
23621,7,3.1724386724386724,485.1428571428572,459.2857142857143,0.1428571428571428,1.1428571428571428,0.0,1
23624,9,2.0938094394234747,474.77777777777777,483.0,5.111111111111111,2.0,0.0,1
23633,6,1.7462962962962962,427.8333333333333,449.8333333333333,0.0,0.0,0.0,1
23635,5,3.65,311.6,350.2,0.0,0.0,0.0,1
23636,10,3.259111811391223,428.2,439.1,0.2,1.2,0.0,1
23642,6,2.528373015873016,379.8333333333333,416.6666666666667,0.8333333333333334,0.6666666666666666,0.0,1
23658,12,4.727525252525253,487.5,515.9166666666666,4.083333333333333,0.75,0.0,1
23659,6,2.111791938997821,465.1666666666667,405.8333333333333,2.833333333333333,4.833333333333333,0.0,1
23663,12,3.408399470899471,432.1666666666667,493.25,3.0,5.333333333333333,0.0,1
23682,6,1.850992063492064,279.3333333333333,326.3333333333333,0.5,4.666666666666667,0.1666666666666666,0
23690,12,3.368145743145743,347.5833333333333,393.8333333333333,0.5833333333333334,4.666666666666667,0.0,1
23691,11,3.5025088547815817,433.54545454545456,454.8181818181818,0.5454545454545454,4.909090909090909,0.0,1
23699,5,2.765,441.4,456.0,0.6,4.4,0.0,1
23703,6,3.430555555555556,507.3333333333333,463.3333333333333,0.3333333333333333,5.166666666666667,0.0,1
23711,5,1.645714285714286,393.6,451.4,0.6,2.8,0.0,1
23717,8,2.3328373015873014,361.75,392.125,0.25,0.625,0.0,1
23718,6,2.674140211640212,405.5,507.1666666666667,1.0,1.1666666666666667,0.0,1
23720,9,3.225028058361392,415.1111111111111,433.1111111111111,0.4444444444444444,0.7777777777777778,0.0,1
23731,12,1.5498931623931622,322.5833333333333,316.5,1.5,2.0,0.0,1
23732,5,2.0875396825396826,471.2,501.0,0.2,3.0,0.0,1
23742,37,2.0212834028623505,336.5405405405405,385.7027027027027,0.5135135135135135,2.027027027027027,0.027027027027027,0
23743,42,3.6390052407909543,518.0,521.5,2.761904761904762,2.261904761904762,0.0238095238095238,0
23744,9,1.8167548500881836,345.6666666666667,403.55555555555554,0.4444444444444444,3.0,0.0,1
23745,6,1.8451007326007325,313.6666666666667,355.0,0.1666666666666666,1.1666666666666667,0.0,1
23746,6,2.658838383838384,463.6666666666667,503.3333333333333,1.3333333333333333,4.0,0.0,1
23755,5,2.6953030303030303,465.6,523.6,1.0,1.0,0.0,1
23761,7,3.84025974025974,382.2857142857143,464.2857142857143,1.7142857142857142,6.285714285714286,0.0,1
23762,15,5.7884126984126985,483.26666666666665,557.9333333333333,0.1333333333333333,2.4,0.0,1
23767,6,3.520833333333333,580.1666666666666,611.8333333333334,1.1666666666666667,6.5,0.0,1
23782,7,7.729478458049887,500.1428571428572,477.57142857142856,2.2857142857142856,2.4285714285714284,0.0,1
23783,6,4.992063492063492,632.0,566.6666666666666,1.3333333333333333,5.333333333333333,0.0,1
23784,18,4.255026455026456,467.44444444444446,515.4444444444445,1.3333333333333333,3.0,0.0555555555555555,0
23793,8,2.8954326923076925,511.625,542.5,2.0,12.5,0.0,1
23799,38,2.970126248880119,348.13157894736844,394.7894736842105,0.4473684210526316,1.7894736842105263,0.0526315789473684,0
23800,38,2.5528892890734998,362.2368421052632,385.6578947368421,1.8421052631578947,1.0263157894736843,0.0263157894736842,0
23812,7,2.9488368774083056,460.57142857142856,518.2857142857143,1.1428571428571428,2.857142857142857,0.0,1
23819,6,3.6827380952380953,410.3333333333333,432.1666666666667,0.3333333333333333,2.5,0.0,1
23820,5,1.9490909090909088,350.2,309.0,0.0,0.0,0.0,1
23821,6,4.591991341991342,392.5,364.6666666666667,0.0,0.0,0.0,1
23827,8,5.412202380952381,299.375,332.25,0.0,0.0,0.0,1
23829,5,7.8028571428571425,644.4,596.6,0.4,3.2,0.0,1
23830,5,3.8057142857142856,497.4,513.0,4.8,8.0,0.0,1
23837,5,1.121098901098901,314.6,313.0,0.0,0.0,0.0,1
23839,8,2.2103174603174605,395.625,438.25,2.75,13.5,0.0,1
23840,35,2.688618960404675,366.8285714285714,383.37142857142857,2.0,3.7142857142857135,0.0285714285714285,0
23848,12,2.5497844339756104,358.75,393.3333333333333,0.9166666666666666,3.5,0.0,1
23850,5,2.50974025974026,389.6,467.0,0.0,0.0,0.0,1
23876,9,2.826923076923077,398.55555555555554,442.1111111111111,1.4444444444444444,4.0,0.0,1
23878,8,3.665625,449.75,456.75,2.0,7.25,0.125,0
23893,26,4.202647672839981,546.0,586.2307692307693,1.3461538461538465,2.9615384615384617,0.0,1
23902,9,2.642696809363476,506.22222222222223,472.6666666666667,0.1111111111111111,1.7777777777777777,0.0,1
23903,12,2.4678391053391056,373.5,428.5833333333333,0.5833333333333334,1.6666666666666667,0.0,1
23904,11,7.130663780663781,487.8181818181818,541.9090909090909,0.0909090909090909,0.3636363636363636,0.0,1
23913,5,1.3441919191919192,517.8,539.6,1.2,4.2,0.2,0
23934,9,2.6896384479717814,508.8888888888889,462.22222222222223,7.0,4.666666666666667,0.0,1
23937,6,2.394973544973545,348.0,371.8333333333333,0.6666666666666666,2.333333333333333,0.0,1
23944,7,3.027437641723356,291.42857142857144,349.57142857142856,1.1428571428571428,5.0,0.0,1
23945,7,3.20812324929972,474.2857142857143,576.5714285714286,3.857142857142857,5.714285714285714,0.0,1
23955,7,3.908472479901051,602.8571428571429,606.7142857142857,1.7142857142857142,2.571428571428572,0.0,1
23956,6,2.906878306878307,491.8333333333333,561.6666666666666,2.833333333333333,0.5,0.0,1
23959,11,2.8366817525908434,442.3636363636364,462.0,1.0,8.0,0.0,1
23964,7,4.218253968253968,350.42857142857144,381.4285714285714,0.5714285714285714,1.7142857142857142,0.0,1
23965,6,2.961766011766012,512.0,611.6666666666666,0.8333333333333334,8.166666666666666,0.0,1
23975,6,4.2875000000000005,545.3333333333334,608.6666666666666,1.0,4.0,0.0,1
23984,7,2.3791125541125537,304.1428571428572,380.7142857142857,0.0,0.0,0.0,1
23986,13,4.504339250493097,596.5384615384615,618.3846153846154,10.0,9.23076923076923,0.0,1
23987,9,5.566137566137567,461.44444444444446,458.44444444444446,0.0,0.0,0.0,1
23988,8,5.173861555111555,557.0,605.625,2.625,5.5,0.125,0
23989,10,4.429206349206349,517.1,475.6,0.0,0.0,0.0,1
23990,5,3.062857142857143,434.0,419.4,0.0,0.0,0.0,1
23991,19,2.552923976608187,474.0,515.7894736842105,0.4210526315789473,7.263157894736842,0.0,1
23996,24,3.951753917378917,389.9166666666667,434.625,0.4166666666666667,0.625,0.0,1
23997,10,1.55288144045497,366.0,420.7,0.2,1.0,0.0,1
24007,16,3.73840863997114,362.125,423.6875,0.5625,1.5625,0.0625,0
24011,5,2.206984126984127,401.2,474.2,0.0,0.0,0.0,1
24016,10,2.0266666666666664,400.6,393.8,1.0,4.8,0.0,1
24028,29,3.624304622580485,412.9655172413793,453.7931034482759,1.6551724137931034,5.172413793103448,0.0,1
24030,13,3.549415328261482,432.61538461538464,480.2307692307692,2.076923076923077,8.076923076923077,0.0,1
24045,6,2.898240648240648,427.1666666666667,528.3333333333334,0.1666666666666666,2.833333333333333,0.0,1
24046,14,2.099319133247705,362.2142857142857,405.9285714285714,1.0714285714285714,3.928571428571429,0.0,1
24047,11,2.355150317403282,452.3636363636364,501.1818181818182,0.0,0.0,0.0,1
24048,8,3.2127403846153846,585.125,660.125,2.375,2.625,0.0,1
24066,26,3.3663281163281167,432.61538461538464,524.3076923076923,1.6923076923076923,4.230769230769231,0.0384615384615384,0
24069,5,3.033333333333333,393.0,394.2,5.0,1.6,0.2,0
24072,11,3.387786960514233,490.7272727272728,536.6363636363636,0.2727272727272727,0.6363636363636364,0.0909090909090909,0
24077,7,3.672749869178441,380.4285714285714,408.0,0.7142857142857143,3.857142857142857,0.1428571428571428,0
24083,8,1.0204815405183052,381.625,435.875,0.625,2.5,0.0,1
24092,14,3.163354502640217,358.07142857142856,429.4285714285714,1.0,4.0,0.0,1
24100,6,4.9505050505050505,432.0,472.1666666666667,0.0,0.0,0.0,1
24107,31,2.616253549318065,398.2903225806452,425.2903225806452,0.6451612903225806,0.5161290322580645,0.0,1
24110,6,5.443055555555556,376.8333333333333,481.1666666666667,1.0,2.1666666666666665,0.0,1
24111,6,2.9906204906204903,471.0,465.5,0.0,0.0,0.0,1
24117,9,3.961111111111111,410.3333333333333,398.55555555555554,1.2222222222222223,6.666666666666667,0.1111111111111111,0
24118,7,4.538095238095238,441.0,420.2857142857143,1.5714285714285714,2.142857142857143,0.1428571428571428,0
24164,5,4.142063492063492,437.2,474.0,0.6,6.4,0.0,1
24173,5,3.515833333333333,438.4,517.6,5.0,2.0,0.0,1
24176,25,3.337260961260961,438.52,493.68,0.56,3.36,0.0,1
24186,5,2.786666666666666,333.4,368.8,0.6,3.4,0.0,1
24194,6,5.316938616938617,501.3333333333333,473.0,1.0,7.333333333333333,0.0,1
24198,8,2.8,412.75,458.875,2.625,1.5,0.0,1
24201,29,3.389668138375035,369.9310344827586,415.86206896551727,2.1379310344827585,4.206896551724138,0.0,1
24227,16,2.200392662892663,303.6875,352.5625,0.25,5.5,0.0,1
24232,5,2.7622377622377625,432.2,514.4,7.4,9.6,0.0,1
24234,6,4.833333333333333,350.3333333333333,305.5,0.1666666666666666,0.6666666666666666,0.0,1
24242,14,3.2806972789115645,356.5,415.2857142857143,1.3571428571428572,5.714285714285714,0.0,1
24248,7,2.2741496598639457,447.8571428571428,496.7142857142857,0.2857142857142857,1.5714285714285714,0.0,1
24249,5,6.202020202020202,382.2,373.0,2.6,7.2,0.0,1
24264,6,4.491310541310542,432.3333333333333,455.3333333333333,1.0,4.0,0.0,1
24282,8,2.155448717948718,328.375,353.0,0.75,1.875,0.0,1
24290,10,3.396352813852814,476.3,521.3,2.6,5.0,0.0,1
24313,13,3.33145060068137,365.0,420.9230769230769,1.2307692307692308,10.461538461538462,0.0,1
24323,27,6.046340388007054,451.9259259259259,511.8888888888889,5.592592592592593,1.4814814814814814,0.0,1
24337,7,2.4304421768707485,344.7142857142857,349.57142857142856,1.1428571428571428,4.714285714285714,0.0,1
24342,6,2.484873949579832,403.8333333333333,442.6666666666667,0.3333333333333333,2.0,0.0,1
24357,5,1.5142307692307693,368.0,342.6,0.0,0.0,0.4,0
24371,11,1.437339302112029,316.3636363636364,346.0,0.1818181818181818,1.0909090909090908,0.0,1
24396,13,3.476017572171418,464.5384615384616,499.0,1.0769230769230769,2.4615384615384617,0.0769230769230769,0
24398,12,1.585503848003848,418.25,483.1666666666667,5.333333333333333,3.5,0.0,1
24403,5,2.25006105006105,329.8,365.2,0.0,0.0,0.0,1
24420,7,2.5383032000679058,413.1428571428572,434.1428571428572,0.0,0.0,0.0,1
24422,5,4.848888888888888,410.4,456.8,2.0,4.2,0.0,1
24429,5,3.161904761904762,479.0,501.0,0.6,1.6,0.0,1
24435,7,3.1760204081632653,402.4285714285714,413.0,0.0,0.0,0.0,1
24440,13,4.985836385836387,502.61538461538464,530.8461538461538,2.8461538461538463,0.9230769230769232,0.0,1
24441,10,6.151538461538461,440.2,507.1,0.6,2.4,0.1,0
24442,6,5.231481481481482,389.6666666666667,475.5,0.1666666666666666,2.333333333333333,0.1666666666666666,0
24443,13,2.9303305668690287,313.38461538461536,340.15384615384613,0.5384615384615384,2.3076923076923075,0.0,1
24444,10,1.6311235986235986,413.2,439.5,4.0,5.2,0.1,0
24506,26,3.3771059293832573,480.2692307692308,530.8846153846154,0.4230769230769231,1.3461538461538465,0.0,1
24515,5,6.466666666666666,415.4,417.8,0.0,0.0,0.0,1
24520,5,2.282142857142857,405.6,401.0,0.8,2.4,0.0,1
24524,6,2.964351851851852,444.8333333333333,508.8333333333333,5.833333333333333,3.5,0.0,1
24525,8,4.598263888888889,345.125,395.5,0.875,2.5,0.0,1
24527,9,2.008750508750509,396.44444444444446,439.77777777777777,2.555555555555556,5.333333333333333,0.0,1
24529,5,1.2095238095238094,434.0,499.8,1.6,4.8,0.2,0
24535,6,3.7260101010101008,442.1666666666667,483.3333333333333,4.833333333333333,4.333333333333333,0.0,1
24536,5,3.882142857142857,374.6,417.8,0.0,0.0,0.0,1
24573,7,1.7681019377447948,418.1428571428572,393.1428571428572,0.0,0.0,0.0,1
24574,6,1.4682539682539684,306.5,312.5,0.0,0.0,0.0,1
24583,7,1.7046485260770976,385.0,441.7142857142857,0.0,0.0,0.1428571428571428,0
24584,5,2.737662337662337,411.4,448.8,0.0,0.0,0.2,0
24585,5,1.867857142857143,353.6,378.8,0.6,1.2,0.0,1
24586,8,4.613789682539682,461.25,445.125,1.625,4.25,0.0,1
24593,6,5.084722222222222,633.8333333333334,610.3333333333334,1.1666666666666667,7.0,0.0,1
24595,6,4.109722222222223,421.1666666666667,455.6666666666667,0.1666666666666666,3.0,0.0,1
24602,7,1.4321428571428572,436.4285714285714,387.57142857142856,0.7142857142857143,1.0,0.1428571428571428,0
24603,9,2.845951579284913,550.1111111111111,515.2222222222222,3.6666666666666665,2.888888888888889,0.1111111111111111,0
24631,17,2.7670108872895254,443.1764705882353,505.9411764705882,1.1764705882352942,0.9411764705882352,0.0,1
24632,13,1.802120102120102,301.53846153846155,330.7692307692308,0.0,0.0,0.0,1
24633,8,2.8885989010989013,467.625,491.0,0.125,0.875,0.0,1
24634,6,2.1212454212454213,531.1666666666666,534.8333333333334,1.6666666666666667,1.6666666666666667,0.0,1
24637,8,6.498809523809524,454.5,507.75,0.375,2.75,0.0,1
24640,6,1.7591269841269843,360.3333333333333,440.6666666666667,0.3333333333333333,1.0,0.0,1
24648,8,2.841666666666667,344.0,384.75,0.375,1.25,0.0,1
24658,6,5.854166666666667,969.1666666666666,726.1666666666666,0.0,0.0,0.0,1
24660,6,1.3603896103896105,380.1666666666667,385.5,6.0,3.8333333333333335,0.0,1
24662,7,3.001190476190476,522.5714285714286,519.7142857142857,1.4285714285714286,3.857142857142857,0.0,1
24663,7,1.6610235003092146,302.0,287.85714285714283,0.0,0.0,0.0,1
24673,6,5.792989417989418,420.8333333333333,431.8333333333333,3.6666666666666665,2.5,0.0,1
24690,9,4.292921276254609,537.1111111111111,569.5555555555555,0.7777777777777778,4.444444444444445,0.0,1
24709,5,2.757142857142857,417.6,452.2,0.4,5.2,0.0,1
24722,9,3.409126984126984,307.0,300.55555555555554,0.7777777777777778,0.5555555555555556,0.0,1
24730,7,2.931892908678623,418.57142857142856,470.8571428571428,0.1428571428571428,1.2857142857142858,0.0,1
24734,6,0.8065656565656566,229.16666666666663,249.5,0.3333333333333333,4.333333333333333,0.0,1
24735,9,2.454785954785955,371.1111111111111,342.8888888888889,0.1111111111111111,0.2222222222222222,0.0,1
24736,7,1.7753246753246754,436.4285714285714,389.2857142857143,1.8571428571428568,4.571428571428571,0.0,1
24737,9,3.5831569664903,535.6666666666666,563.6666666666666,0.0,0.0,0.0,1
24744,6,4.296296296296297,503.1666666666667,488.3333333333333,0.5,5.0,0.0,1
24746,6,2.162712287712288,418.5,518.5,0.5,2.0,0.0,1
24750,6,4.430555555555555,494.3333333333333,524.6666666666666,1.1666666666666667,1.0,0.0,1
24756,7,3.8889455782312927,431.7142857142857,557.1428571428571,0.1428571428571428,1.1428571428571428,0.0,1
24757,7,2.7097711811997525,427.7142857142857,500.57142857142856,0.0,0.0,0.0,1
24758,5,1.36,352.4,397.6,0.0,0.0,0.0,1
24759,31,2.0807225822880477,308.38709677419354,363.2903225806452,0.0,0.0,0.0,1
24767,12,1.69136026011026,397.6666666666667,457.0,2.583333333333333,4.666666666666667,0.0,1
24778,11,4.384040959040959,543.0,598.6363636363636,0.0909090909090909,0.9090909090909092,0.0909090909090909,0
24808,14,3.5702741702741703,508.7142857142857,567.4285714285714,1.0714285714285714,3.2142857142857144,0.0,1
24827,9,2.3867504409171074,403.3333333333333,446.8888888888889,0.2222222222222222,0.8888888888888888,0.1111111111111111,0
24840,5,4.098333333333334,434.0,447.0,3.0,0.8,0.0,1
24841,7,2.1408163265306124,346.1428571428572,334.85714285714283,2.2857142857142856,6.857142857142857,0.1428571428571428,0
24851,6,2.021164021164021,438.8333333333333,505.6666666666667,7.0,5.0,0.0,1
24852,14,3.538606934001671,432.7857142857143,467.4285714285714,6.928571428571429,4.0,0.0,1
24853,6,1.3885327635327636,321.3333333333333,328.8333333333333,7.833333333333333,4.5,0.1666666666666666,0
24854,10,1.987686210847976,376.8,414.5,8.2,1.5,0.0,1
24855,5,2.141656121656122,320.2,381.0,0.6,12.6,0.0,1
24856,8,3.496496212121212,405.75,436.25,1.25,3.5,0.0,1
24882,22,3.699188311688312,476.5,538.9090909090909,0.5,2.4545454545454546,0.0454545454545454,0
24902,19,4.202565709144657,381.6315789473685,397.89473684210526,0.4736842105263157,1.263157894736842,0.0,1
24903,10,2.655238095238095,369.5,354.9,2.7,2.2,0.2,0
24910,5,1.149453242835596,330.0,365.2,3.0,3.0,0.2,0
24911,9,1.944949023380396,312.3333333333333,347.0,5.222222222222222,3.333333333333333,0.2222222222222222,0
24923,5,2.254188311688312,344.6,392.0,0.8,2.4,0.0,1
24925,7,3.59006549006549,580.5714285714286,593.5714285714286,1.4285714285714286,4.285714285714286,0.0,1
24926,11,8.227272727272727,673.0,618.8181818181819,0.9090909090909092,2.0,0.0,1
24927,11,3.2224025974025974,353.72727272727275,371.8181818181818,2.1818181818181817,5.0,0.0909090909090909,0
24935,10,4.244632034632035,459.8,509.8,0.2,1.8,0.0,1
24942,8,4.403769841269842,577.25,615.125,1.5,2.625,0.0,1
24943,5,1.4305385790679908,265.0,322.0,1.6,2.0,0.0,1
24951,8,4.947222222222222,400.125,506.125,2.5,3.375,0.0,1
24955,5,3.006666666666667,517.6,550.2,2.4,3.4,0.0,1
24963,6,2.175757575757576,395.0,446.3333333333333,0.1666666666666666,1.8333333333333333,0.0,1
24969,6,5.026388888888889,504.8333333333333,610.5,1.3333333333333333,3.5,0.0,1
24970,17,2.886418814749265,455.52941176470586,508.6470588235294,0.8823529411764706,4.411764705882353,0.0588235294117647,0
24987,5,2.704298245614035,410.0,424.8,2.2,4.8,0.0,1
25001,9,2.730675805675806,445.6666666666667,468.6666666666667,0.0,0.0,0.0,1
25002,9,2.8690408357075023,301.0,352.8888888888889,0.1111111111111111,1.1111111111111112,0.0,1
25004,12,3.1162307599807604,356.4166666666667,421.1666666666667,0.0833333333333333,0.5,0.0,1
25020,12,3.261663105413106,383.4166666666667,417.6666666666667,1.0833333333333333,2.5,0.0,1
25028,7,2.259920634920635,349.42857142857144,373.2857142857143,1.7142857142857142,3.4285714285714284,0.0,1
25036,12,1.9880802068302064,390.75,442.1666666666667,11.416666666666666,6.666666666666667,0.0,1
25041,9,2.097245347245347,370.1111111111111,346.6666666666667,0.1111111111111111,1.1111111111111112,0.0,1
25042,8,2.6865564990564987,366.25,383.25,1.0,1.0,0.0,1
25043,8,3.009425990675991,466.875,464.875,0.625,0.375,0.0,1
25045,14,5.498724489795919,479.8571428571428,534.6428571428571,1.0714285714285714,4.5,0.0,1
25048,8,3.566747835497836,505.0,528.375,0.0,0.0,0.125,0
25052,6,2.3236531986531985,286.0,343.0,0.1666666666666666,2.333333333333333,0.0,1
25066,5,2.032777777777778,435.0,504.0,0.6,5.6,0.0,1
25072,10,3.485952380952381,328.4,338.3,0.8,5.2,0.1,0
25083,5,1.1295970695970694,394.4,473.6,6.0,10.0,0.0,1
25087,6,3.301587301587302,372.3333333333333,407.3333333333333,0.0,0.0,0.0,1
25089,5,3.803463203463203,343.8,405.2,0.4,2.4,0.0,1
25091,13,3.318458251150559,434.3076923076923,474.9230769230769,1.1538461538461535,1.0769230769230769,0.0,1
25092,5,1.4476190476190476,342.0,309.6,0.4,0.8,0.0,1
25112,8,3.9511217948717943,557.625,538.625,8.125,7.5,0.0,1
25125,10,2.314949494949494,307.0,370.9,0.1,2.1,0.0,1
25126,7,2.745691609977324,386.4285714285714,482.57142857142856,0.5714285714285714,0.7142857142857143,0.0,1
25129,8,2.6133928571428573,306.25,328.75,0.125,0.75,0.0,1
25130,5,5.831666666666666,435.6,500.6,0.6,5.0,0.0,1
25150,7,2.3416666666666663,463.0,465.4285714285714,0.4285714285714285,0.7142857142857143,0.0,1
25151,11,2.8706709956709955,390.7272727272728,408.0,0.2727272727272727,1.4545454545454546,0.0,1
25152,15,2.393655788655789,610.7333333333333,603.6666666666666,5.4,2.933333333333333,0.0,1
25158,5,9.28,565.6,582.2,0.8,0.8,0.0,1
25162,10,2.345793650793651,407.8,471.8,0.0,0.0,0.0,1
25164,10,3.582179487179487,388.5,402.5,2.3,4.5,0.2,0
25166,6,2.3583333333333334,363.5,374.5,3.1666666666666665,4.0,0.1666666666666666,0
25167,5,4.257264957264957,501.2,559.2,0.6,1.6,0.0,1
25168,7,2.217948717948718,332.57142857142856,374.1428571428572,0.4285714285714285,1.4285714285714286,0.0,1
25190,9,1.1752155252155252,380.3333333333333,391.6666666666667,4.333333333333333,5.333333333333333,0.0,1
25205,16,1.5038070436507938,330.375,363.8125,2.8125,4.715277777777778,0.0625,0
25212,6,3.151653439153439,339.5,434.3333333333333,0.8333333333333334,4.666666666666667,0.0,1
25213,6,2.3043706293706294,377.3333333333333,431.6666666666667,0.0,0.0,0.0,1
25221,37,2.045697663189923,324.7837837837838,368.1081081081081,0.3513513513513513,0.8108108108108109,0.027027027027027,0
25225,5,2.1921212121212124,489.4,560.0,1.0,10.0,0.0,1
25227,7,3.5503607503607504,394.7142857142857,329.2857142857143,0.7142857142857143,1.4285714285714286,0.1428571428571428,0
25229,12,2.422426647426648,413.5,441.0833333333333,0.9166666666666666,2.333333333333333,0.0,1
25230,11,3.981385281385281,479.27272727272725,460.1818181818182,0.6363636363636364,4.545454545454546,0.0,1
25231,5,2.141336441336441,317.8,351.8,1.2,1.2,0.0,1
25232,6,3.180645743145743,493.5,572.1666666666666,0.8333333333333334,3.5,0.0,1
25236,5,3.575021645021645,339.2,381.6,1.2,2.8,0.0,1
25252,5,1.3770707070707071,381.0,375.0,0.0,0.0,0.0,1
25254,5,2.663636363636364,525.6,579.4,0.4,3.8,0.0,1
25261,5,4.3566666666666665,375.6,411.8,0.2,1.6,0.0,1
25262,7,3.382034632034632,457.2857142857143,489.7142857142857,1.4285714285714286,1.2857142857142858,0.0,1
25263,11,4.452231102231102,570.2727272727273,532.1818181818181,0.0909090909090909,0.2727272727272727,0.0,1
25265,7,1.8380952380952384,368.7142857142857,366.2857142857143,0.7142857142857143,10.714285714285714,0.0,1
25272,5,2.545,358.4,377.2,0.8,3.0,0.0,1
25282,6,2.0695887445887444,468.3333333333333,468.5,0.3333333333333333,1.3333333333333333,0.0,1
25283,19,3.047744360902256,424.9473684210527,454.6315789473685,0.631578947368421,3.421052631578948,0.0526315789473684,0
25285,7,3.4250000000000003,494.2857142857143,512.5714285714286,0.2857142857142857,0.7142857142857143,0.0,1
25286,10,2.956170634920635,509.2,540.7,4.9,3.0,0.0,1
25295,11,3.4943642216369493,452.3636363636364,436.45454545454544,0.6363636363636364,0.2727272727272727,0.0909090909090909,0
25298,8,6.951388888888889,588.0,659.875,13.75,1.5,0.125,0
25299,5,2.1232600732600733,450.2,475.8,0.2,0.6,0.0,1
25303,7,1.7523809523809522,248.57142857142856,268.42857142857144,0.0,0.0,0.0,1
25308,7,2.0859477124183003,389.1428571428572,430.2857142857143,4.0,6.428571428571429,0.0,1
25316,5,3.271666666666667,573.4,567.4,2.6,2.8,0.0,1
25318,17,2.9420051353874883,497.2352941176471,477.7647058823529,2.235294117647059,7.117647058823529,0.0,1
25321,5,1.3642857142857143,276.8,320.0,1.4,6.4,0.2,0
25324,5,3.538333333333333,370.2,366.8,0.0,0.0,0.0,1
25325,8,3.135037878787879,403.5,437.875,0.0,0.0,0.125,0
25326,6,2.95976430976431,451.3333333333333,528.5,0.5,3.1666666666666665,0.0,1
25332,7,2.9282106782106783,412.8571428571428,403.7142857142857,0.2857142857142857,2.0,0.0,1
25334,8,3.646875,547.375,540.125,0.0,0.0,0.25,0
25344,11,1.863061087519292,368.9090909090909,392.27272727272725,0.3636363636363636,1.9090909090909087,0.0,1
25345,12,3.7033478095978096,559.9166666666666,578.0,0.3333333333333333,2.0,0.0,1
25351,5,2.103809523809524,321.6,340.6,1.4,1.2,0.0,1
25366,5,4.070952380952381,352.8,389.0,1.8,2.4,0.0,1
25367,5,9.972222222222223,509.8,558.4,0.8,3.6,0.0,1
25390,23,2.8141141467228423,408.9565217391304,471.8695652173913,1.3043478260869563,1.0434782608695652,0.0434782608695652,0
25395,16,1.4829585452602094,281.3125,298.9375,2.875,8.4375,0.0,1
25407,5,3.432234432234432,437.6,446.2,3.8,4.8,0.0,1
25409,5,1.7666666666666668,408.2,445.0,1.0,4.0,0.0,1
25415,14,3.4672902494331064,286.35714285714283,337.7857142857143,0.5714285714285714,3.571428571428572,0.0,1
25418,7,3.0073051948051948,430.1428571428572,443.2857142857143,0.5714285714285714,1.7142857142857142,0.0,1
25419,25,1.8093318903318905,378.08,411.12,0.76,3.4,0.04,0
25423,7,4.884406070120356,494.0,501.2857142857143,0.8571428571428571,2.571428571428572,0.0,1
25427,8,3.2867063492063493,449.25,421.125,7.625,8.75,0.0,1
25428,11,1.5592740592740597,374.6363636363636,353.3636363636364,0.0909090909090909,2.8181818181818183,0.0909090909090909,0
25443,6,2.259523809523809,346.0,390.0,0.1666666666666666,0.8333333333333334,0.0,1
25448,5,1.8245098039215688,400.6,412.4,1.8,5.2,0.0,1
25449,9,2.583597883597884,343.44444444444446,331.44444444444446,3.111111111111111,4.444444444444445,0.1111111111111111,0
25475,13,4.196844821844822,491.0,520.2307692307693,1.3076923076923077,2.076923076923077,0.0,1
25476,11,1.973394030212212,415.9090909090909,436.6363636363636,0.9090909090909092,3.5454545454545454,0.0909090909090909,0
25491,17,2.4588992706639763,479.0,544.1176470588235,0.8235294117647058,1.1764705882352942,0.1176470588235294,0
25492,11,1.813691863691864,331.1818181818182,404.9090909090909,0.9090909090909092,2.1818181818181817,0.0,1
25501,7,4.1522108843537415,433.4285714285714,496.4285714285714,1.1428571428571428,9.0,0.0,1
25506,6,3.628703703703704,385.3333333333333,430.5,0.6666666666666666,3.0,0.0,1
25507,21,3.8547903155046015,429.95238095238096,495.6666666666667,5.380952380952381,5.9523809523809526,0.0,1
25518,7,3.0859410430839,497.4285714285714,482.7142857142857,3.142857142857143,12.0,0.0,1
25530,12,3.3323743386243385,378.9166666666667,385.25,1.6666666666666667,10.166666666666666,0.0,1
25542,6,6.437373737373737,383.1666666666667,421.0,0.3333333333333333,1.3333333333333333,0.1666666666666666,0
25548,7,1.4204439670605085,498.7142857142857,524.5714285714286,13.714285714285714,6.428571428571429,0.0,1
25565,7,2.7954081632653063,382.8571428571428,454.7142857142857,0.7142857142857143,3.4285714285714284,0.0,1
25566,7,1.8613478724823265,351.2857142857143,375.1428571428572,1.4285714285714286,9.428571428571429,0.0,1
25570,6,2.66529304029304,440.6666666666667,385.5,1.1666666666666667,1.3333333333333333,0.0,1
25575,10,6.700064935064935,413.0,392.4,3.4,7.8,0.2,0
25578,8,3.1155753968253967,510.25,526.625,0.5,1.25,0.0,1
25579,9,2.270943562610229,373.77777777777777,395.44444444444446,1.1111111111111112,2.6666666666666665,0.0,1
25580,17,4.010303095597213,463.88235294117646,504.0,1.7647058823529411,2.823529411764706,0.0,1
25585,5,2.921428571428572,384.4,425.8,0.8,5.0,0.0,1
25601,9,4.276455026455027,580.3333333333334,570.1111111111111,1.1111111111111112,0.8888888888888888,0.0,1
25602,9,1.972623055956389,287.1111111111111,348.55555555555554,0.3333333333333333,2.888888888888889,0.0,1
25613,30,3.360547138047138,449.1,460.23333333333335,4.1,1.3333333333333333,0.0666666666666666,0
25614,7,1.2411794554651698,485.57142857142856,447.7142857142857,1.0,6.428571428571429,0.1428571428571428,0
25615,5,0.7413986013986014,262.8,290.4,0.2,0.8,0.2,0
25616,11,3.024763872491145,482.6363636363636,512.7272727272727,3.0,3.0,0.0,1
25632,12,2.339170782920783,419.5,464.3333333333333,1.1666666666666667,4.166666666666667,0.1666666666666666,0
25645,6,7.527777777777779,519.8333333333334,556.1666666666666,0.1666666666666666,1.1666666666666667,0.0,1
25646,16,3.656594273781774,387.3125,423.6875,0.8125,1.25,0.0,1
25647,17,4.030271199388847,531.1764705882352,613.3529411764706,1.7058823529411764,5.882352941176471,0.0,1
25651,5,1.7600000000000002,274.2,338.4,2.8,6.0,0.0,1
25652,8,3.954861111111111,691.25,614.375,0.625,1.0,0.0,1
25657,5,3.4885042735042737,317.6,422.0,0.6,2.8,0.0,1
25660,8,3.359375,409.75,475.625,1.0,2.625,0.0,1
25661,7,4.980045351473923,522.5714285714286,530.2857142857143,0.4285714285714285,1.7142857142857142,0.0,1
25662,7,3.3853174603174603,376.8571428571428,440.2857142857143,0.2857142857142857,1.4285714285714286,0.0,1
25663,7,3.7466089466089465,353.42857142857144,391.2857142857143,0.1428571428571428,2.4285714285714284,0.0,1
25664,5,1.6025641025641026,252.0,299.4,1.6,4.0,0.0,1
25683,5,2.105952380952381,422.0,502.0,0.2,1.4,0.0,1
25693,14,3.054574393860108,559.5714285714286,593.0714285714286,0.9285714285714286,4.285714285714286,0.0,1
25694,14,3.411420722135008,478.57142857142856,516.8571428571429,3.5,3.0,0.0,1
25699,5,2.518333333333333,452.6,512.6,0.0,0.0,0.0,1
25704,34,2.554412580883169,582.5588235294117,568.8823529411765,0.7352941176470589,2.4705882352941178,0.0294117647058823,0
25709,9,2.254152637485971,373.55555555555554,417.0,0.0,0.0,0.0,1
25722,26,3.858727810650888,445.4230769230769,474.8076923076923,0.7692307692307693,0.5769230769230769,0.0384615384615384,0
25726,5,5.211111111111111,605.8,511.6,0.0,0.0,0.0,1
25731,11,3.9396645021645034,446.9090909090909,509.0,0.0,0.0,0.0,1
25732,23,3.630251270468662,457.0434782608696,492.5652173913044,0.1739130434782608,0.6956521739130435,0.0,1
25733,27,3.249644182977516,459.7037037037037,504.0740740740741,0.074074074074074,0.3333333333333333,0.0,1
25749,7,2.4929035250463825,303.2857142857143,327.0,0.4285714285714285,0.4285714285714285,0.0,1
25750,7,2.680860805860806,455.4285714285714,484.0,0.1428571428571428,1.0,0.0,1
25763,5,2.66,526.4,498.6,1.8,2.2,0.0,1
25785,8,1.5796717171717172,331.25,380.375,0.625,2.75,0.125,0
25786,6,4.0085470085470085,475.3333333333333,491.5,2.0,2.333333333333333,0.0,1
25813,25,2.507115995115995,506.8,572.48,0.16,1.2,0.0,1
25814,9,3.208994708994709,355.6666666666667,429.55555555555554,0.0,0.0,0.0,1
25825,7,2.2064625850340134,305.57142857142856,330.57142857142856,0.0,0.0,0.0,1
25828,5,1.0407792207792208,377.0,385.2,0.0,0.0,0.0,1
25833,10,6.005482295482295,372.0,395.6,0.7,5.4,0.0,1
25834,8,4.289880952380952,423.375,477.625,0.5,4.0,0.125,0
25835,12,2.110983923483924,332.0,370.8333333333333,1.75,3.75,0.0,1
25851,7,4.509353741496598,623.1428571428571,676.2857142857143,2.142857142857143,7.857142857142857,0.0,1
25852,8,5.670138888888888,483.5,497.0,0.875,5.625,0.0,1
25855,5,3.136190476190476,542.4,489.2,2.2,4.2,0.0,1
25858,13,2.269216078039608,420.2307692307692,440.0769230769231,2.6153846153846154,5.461538461538462,0.1538461538461538,0
25865,8,1.980059523809524,296.0,300.5,1.0,3.375,0.0,1
25869,5,1.653333333333333,354.4,336.6,0.6,3.8,0.0,1
25870,5,1.642649572649573,307.4,371.4,2.0,14.4,0.2,0
25875,31,3.567363013330755,465.4516129032258,526.2258064516129,3.5806451612903225,2.129032258064516,0.0,1
25880,6,3.600396825396825,444.5,447.8333333333333,4.166666666666667,1.5,0.0,1
25884,5,2.693961038961039,520.0,557.0,0.6,1.8,0.0,1
25886,7,2.061603872318158,543.8571428571429,673.5714285714286,12.142857142857142,1.4285714285714286,0.0,1
25916,8,2.576794733044733,390.75,449.75,0.625,6.0,0.0,1
25919,6,2.9009803921568627,416.5,382.6666666666667,0.0,0.0,0.0,1
25926,5,2.183492063492064,307.6,323.2,0.0,0.0,0.0,1
25931,6,1.807090132090132,320.1666666666667,349.3333333333333,1.5,8.0,0.0,1
25941,6,1.8643809893809893,416.6666666666667,449.6666666666667,1.1666666666666667,3.333333333333333,0.0,1
25942,11,2.6886469591015048,341.54545454545456,388.09090909090907,0.1818181818181818,2.1818181818181817,0.0,1
25943,8,3.517857142857143,455.125,510.25,0.5,3.0,0.0,1
25944,11,3.835330578512397,451.09090909090907,502.6363636363636,0.8181818181818182,2.1818181818181817,0.0,1
25967,20,2.077476665846232,403.4,451.6,1.15,1.75,0.0,1
25994,27,2.943053086181741,391.1111111111111,415.4814814814815,0.8148148148148148,2.074074074074074,0.1851851851851851,0
26006,6,2.4053253119429594,430.6666666666667,408.6666666666667,0.8333333333333334,1.0,0.1666666666666666,0
26007,17,3.379524886877828,356.52941176470586,418.6470588235294,0.2941176470588235,1.588235294117647,0.0588235294117647,0
26025,8,2.7870065789473686,420.25,467.0,0.625,1.5,0.125,0
26026,12,2.62045917045917,422.5,486.5,1.25,1.5,0.0,1
26027,8,1.8953926282051283,261.875,292.125,2.0,1.75,0.0,1
26067,44,3.67704571127031,434.1590909090909,494.4090909090909,1.4090909090909092,9.272727272727272,0.0,1
26068,20,3.771747696747697,438.05,530.6,2.05,4.55,0.0,1
26080,19,2.300406318827372,390.3157894736842,436.2631578947368,0.5263157894736842,2.8421052631578947,0.0,1
26081,6,1.8438492063492065,273.8333333333333,321.0,0.6666666666666666,3.0,0.0,1
26087,14,4.559722222222222,477.0,495.3571428571428,1.4285714285714286,3.2142857142857144,0.1428571428571428,0
26088,16,1.925514069264069,382.125,407.375,0.4375,8.75,0.125,0
26096,17,2.064724817665994,400.5882352941176,405.7647058823529,1.0588235294117647,5.882352941176471,0.0,1
26099,9,2.7731481481481484,488.22222222222223,569.6666666666666,0.7777777777777778,4.666666666666667,0.0,1
26106,9,7.677015250544662,565.3333333333334,598.6666666666666,1.7777777777777777,8.88888888888889,0.0,1
26107,5,6.998095238095239,428.6,487.8,1.0,6.6,0.0,1
26108,8,2.4944444444444445,340.875,377.875,0.0,0.0,0.0,1
26113,5,1.7276190476190476,356.0,384.0,4.2,0.8,0.0,1
26117,26,4.962379821033668,509.46153846153845,528.3846153846154,0.4615384615384615,2.1153846153846154,0.0384615384615384,0
26120,11,2.302364050091323,448.8181818181818,494.9090909090909,10.0,4.363636363636363,0.0,1
26125,6,3.1884920634920637,350.3333333333333,322.0,0.8333333333333334,1.3333333333333333,0.0,1
26126,6,2.467772967772968,421.1666666666667,440.8333333333333,1.1666666666666667,1.0,0.0,1
26133,8,2.0031279178338,492.0,498.25,4.5,1.0,0.0,1
26138,5,3.14,429.8,451.2,0.0,0.0,0.0,1
26155,25,2.910145895040632,535.76,576.4,1.16,1.92,0.0,1
26156,13,2.438966128338598,354.46153846153845,409.46153846153845,0.2307692307692307,1.3846153846153846,0.0,1
26157,11,3.045887445887446,494.6363636363636,525.2727272727273,0.6363636363636364,5.090909090909091,0.0,1
26165,12,3.067438117438117,419.5833333333333,426.4166666666667,0.4166666666666667,0.6666666666666666,0.0,1
26169,6,1.702651515151515,411.1666666666667,439.0,0.5,0.8333333333333334,0.1666666666666666,0
26175,12,3.780191798941799,472.0833333333333,485.0833333333333,5.0,3.0,0.0,1
26185,11,2.977246490882855,473.09090909090907,496.3636363636364,0.0909090909090909,0.6363636363636364,0.0,1
26186,6,3.022222222222222,314.1666666666667,317.3333333333333,0.1666666666666666,1.1666666666666667,0.0,1
26187,5,2.263802863802864,354.8,370.2,0.2,3.2,0.0,1
26202,5,2.134920634920635,448.6,469.8,1.4,3.6,0.0,1
26209,6,2.533459595959596,367.6666666666667,396.3333333333333,0.3333333333333333,1.3333333333333333,0.1666666666666666,0
26211,11,1.7504427390791029,374.27272727272725,447.7272727272728,0.7272727272727273,1.0909090909090908,0.0,1
26213,25,3.757010989010989,480.44,525.4,0.68,1.8,0.04,0
26214,15,4.637359307359307,592.4666666666667,591.6666666666666,1.5333333333333334,2.0,0.0,1
26215,9,2.8503348503348502,334.8888888888889,356.8888888888889,0.5555555555555556,3.555555555555556,0.0,1
26223,14,4.186865911865912,587.4285714285714,605.7857142857143,1.3571428571428572,2.5,0.0,1
26229,6,5.251082251082251,516.3333333333334,549.5,0.8333333333333334,3.0,0.0,1
26230,6,3.021861471861472,421.5,501.3333333333333,6.166666666666667,7.5,0.1666666666666666,0
26238,9,2.498807728219493,492.0,490.22222222222223,1.8888888888888888,5.333333333333333,0.2222222222222222,0
26247,5,2.2566766566766567,260.8,283.8,0.0,0.0,0.0,1
26262,5,2.720940170940171,443.0,454.6,3.0,13.2,0.0,1
26266,6,1.6195286195286194,319.5,306.6666666666667,0.0,0.0,0.1666666666666666,0
26302,9,4.093606701940036,522.2222222222222,563.3333333333334,1.5555555555555556,1.6666666666666667,0.0,1
26319,9,1.9595117845117849,361.0,398.22222222222223,0.2222222222222222,1.7777777777777777,0.0,1
26323,5,3.822799422799423,417.6,439.6,1.4,3.2,0.0,1
26333,6,2.41957671957672,588.5,597.8333333333334,0.5,10.5,0.0,1
26338,5,6.266666666666668,494.4,541.4,1.4,4.2,0.0,1
26341,6,6.8375,379.5,435.3333333333333,0.5,9.0,0.0,1
26358,18,3.861061469394803,359.6111111111111,410.5,0.0555555555555555,0.2222222222222222,0.0,1
26362,5,2.310606060606061,317.6,320.8,0.6,10.8,0.0,1
26366,16,2.5251316391941394,337.3125,349.4375,1.0625,3.0625,0.0,1
26373,7,3.25,368.57142857142856,397.8571428571428,0.1428571428571428,2.142857142857143,0.1428571428571428,0
26374,5,3.446969696969697,500.6,454.6,0.0,0.0,0.0,1
26375,10,5.331013431013431,539.9,555.0,2.6,4.6,0.0,1
26377,8,5.391666666666667,520.25,559.25,0.875,4.0,0.0,1
26381,6,2.265277777777778,381.5,381.6666666666667,0.1666666666666666,4.333333333333333,0.0,1
26384,18,2.470266924433591,376.55555555555554,423.1111111111111,0.3888888888888889,0.8333333333333334,0.0,1
26386,6,6.374862637362637,443.0,507.0,1.6666666666666667,4.0,0.0,1
26387,7,5.282653061224489,469.1428571428572,527.5714285714286,0.8571428571428571,5.142857142857143,0.0,1
26390,8,2.1985930735930737,477.375,508.375,11.5,4.0,0.0,1
26391,5,2.78,438.2,504.0,0.4,0.6,0.0,1
26392,6,2.937179487179487,461.5,503.8333333333333,2.6666666666666665,5.333333333333333,0.0,1
26394,6,1.5399470899470902,422.5,400.8333333333333,0.0,0.0,0.0,1
26396,6,2.4831349206349205,422.1666666666667,381.8333333333333,0.0,0.0,0.1666666666666666,0
26408,7,2.9637188208616783,507.1428571428572,496.57142857142856,1.5714285714285714,0.8571428571428571,0.0,1
26409,10,2.44739787989788,462.0,513.8,0.5,2.7,0.0,1
26436,7,2.8373015873015874,404.1428571428572,484.57142857142856,1.2857142857142858,5.142857142857143,0.1428571428571428,0
26444,7,3.6392857142857142,325.0,361.57142857142856,1.1428571428571428,1.7142857142857142,0.0,1
26453,28,3.4832149147537805,386.57142857142856,437.1071428571428,0.0,0.0,0.0,1
26461,6,2.660648148148148,429.5,464.1666666666667,0.8333333333333334,3.333333333333333,0.0,1
26467,6,6.332539682539682,407.5,474.1666666666667,0.0,0.0,0.0,1
26468,10,3.924404761904762,444.6,509.6,2.3,3.0,0.0,1
26474,5,3.077777777777778,347.4,426.4,0.0,0.0,0.0,1
26480,7,2.9981684981684986,416.2857142857143,394.1428571428572,2.4285714285714284,4.0,0.0,1
26481,7,4.435559678416821,456.4285714285714,467.7142857142857,7.0,10.714285714285714,0.0,1
26492,19,2.034196870381081,343.7368421052632,384.5263157894737,0.0526315789473684,0.3157894736842105,0.0,1
26493,12,2.4245615495615493,338.1666666666667,360.6666666666667,0.9166666666666666,4.0,0.0,1
26501,8,1.5786210317460316,358.0,404.125,0.625,1.5,0.0,1
26502,5,2.923809523809524,448.8,472.2,0.0,0.0,0.2,0
26507,5,2.832727272727273,448.4,456.2,1.0,4.6,0.0,1
26514,6,3.4880952380952386,475.5,504.6666666666667,0.3333333333333333,2.333333333333333,0.0,1
26515,6,4.6119047619047615,471.5,500.6666666666667,1.6666666666666667,2.0,0.0,1
26517,7,1.391612554112554,394.2857142857143,426.1428571428572,6.142857142857143,4.714285714285714,0.1428571428571428,0
26519,6,1.3952380952380954,432.3333333333333,460.5,1.1666666666666667,1.3333333333333333,0.1666666666666666,0
26526,17,2.708013228601464,494.4117647058824,512.8235294117648,2.294117647058824,2.588235294117647,0.0,1
26530,9,1.925356125356125,360.55555555555554,369.8888888888889,0.4444444444444444,3.111111111111111,0.1111111111111111,0
26532,5,1.2880952380952382,256.8,224.8,3.0,3.6,0.0,1
26534,7,2.487851037851038,342.2857142857143,387.7142857142857,0.2857142857142857,2.0,0.0,1
26535,13,2.075568875568876,403.61538461538464,425.3076923076923,1.0769230769230769,2.923076923076923,0.0,1
26536,8,2.8385253635253638,371.125,434.875,0.5,5.25,0.0,1
26537,10,3.0286688311688312,371.7,393.1,1.5,3.3,0.0,1
26538,14,3.572301508015794,381.2142857142857,428.2857142857143,0.6428571428571429,2.2857142857142856,0.0,1
26540,15,2.956936026936027,321.0,387.1333333333333,0.2666666666666666,0.5333333333333333,0.0,1
26542,18,2.2503597482764146,478.44444444444446,467.0,0.4444444444444444,3.611111111111111,0.0,1
26544,13,2.700929839391378,403.7692307692308,459.9230769230769,1.0769230769230769,1.8461538461538465,0.0,1
26549,8,1.749186845790948,300.0,372.625,0.875,2.0,0.0,1
26550,5,2.7262515262515263,458.6,518.6,0.6,2.8,0.0,1
26555,10,1.5392045454545455,346.1,344.8,0.7,1.2,0.1,0
26557,7,1.4936507936507937,329.57142857142856,326.57142857142856,3.142857142857143,2.571428571428572,0.0,1
26562,5,1.1214285714285714,320.4,362.0,2.2,9.0,0.0,1
26574,6,2.3543956043956045,461.5,476.5,1.5,2.6666666666666665,0.0,1
26598,5,1.7186202686202685,277.6,273.4,0.0,0.0,0.2,0
26601,5,1.987763753274589,368.6,382.0,1.0,2.0,0.0,1
26615,8,4.063244047619048,437.0,462.375,1.25,2.25,0.0,1
26622,5,3.565,464.0,464.6,0.8,2.8,0.0,1
26626,5,3.877380952380952,472.2,558.8,2.8,3.6,0.0,1
26627,5,3.672527472527472,334.4,398.0,0.0,0.0,0.0,1
26628,8,5.62815170940171,637.5,542.875,0.0,0.0,0.0,1
26637,8,1.2262818703036094,365.0,365.5,8.5,5.0,0.0,1
26638,9,4.688644688644689,564.6666666666666,546.7777777777778,1.8888888888888888,4.0,0.0,1
26641,8,4.177579365079366,606.625,563.0,4.75,2.625,0.0,1
26645,11,2.717212333121424,430.1818181818182,515.2727272727273,2.0,2.0,0.0,1
26646,11,2.631439393939394,402.8181818181818,481.09090909090907,3.090909090909091,5.0,0.0,1
26655,12,3.21674297924298,329.9166666666667,368.5833333333333,2.5,5.833333333333333,0.0,1
26660,5,2.805555555555556,543.0,547.8,0.6,1.6,0.0,1
26662,17,1.6311894503844968,330.05882352941177,329.3529411764706,1.7647058823529411,3.7058823529411766,0.0588235294117647,0
26663,8,2.05922619047619,340.625,400.125,1.0,1.875,0.125,0
26666,6,2.5404761904761908,596.8333333333334,486.8333333333333,1.3333333333333333,1.0,0.0,1
26671,5,3.333333333333333,420.2,458.0,1.0,7.6,0.2,0
26673,5,4.671428571428572,671.2,667.4,5.0,4.8,0.0,1
26674,8,2.76025086025086,465.75,503.625,0.0,0.0,0.0,1
26680,8,4.641369047619048,524.75,507.875,0.375,1.25,0.0,1
26683,5,3.7888888888888888,491.6,520.6,1.4,4.0,0.0,1
26684,5,3.695757575757576,514.6,527.2,4.6,2.0,0.0,1
26687,5,5.843181818181818,381.2,416.4,2.4,2.4,0.0,1
26692,5,2.994502164502165,372.8,400.6,2.6,6.4,0.0,1
26693,5,3.3628571428571425,346.4,326.2,1.0,5.4,0.0,1
26701,6,2.158189033189033,334.5,370.3333333333333,2.1666666666666665,3.5,0.0,1
26714,5,4.881060606060606,443.8,466.6,0.0,0.0,0.0,1
26720,18,3.363656713656713,584.5555555555555,646.6111111111111,3.555555555555556,9.333333333333334,0.0,1
26723,10,3.617936507936508,434.3,496.6,2.2,2.2,0.0,1
26724,7,4.042857142857143,462.2857142857143,476.0,0.4285714285714285,0.4285714285714285,0.0,1
26726,7,2.8528138528138527,479.0,492.1428571428572,5.571428571428571,2.857142857142857,0.1428571428571428,0
26727,6,2.32642956172368,432.8333333333333,559.1666666666666,3.0,12.5,0.5,0
26740,8,6.252886002886003,555.375,656.75,0.375,0.875,0.0,1
26749,5,3.563376623376624,448.2,501.6,0.8,2.8,0.0,1
26752,5,2.147777777777778,469.6,489.2,1.4,4.4,0.0,1
26753,6,2.191468253968254,403.1666666666667,459.6666666666667,0.3333333333333333,1.5,0.0,1
26754,11,2.9322510822510823,354.45454545454544,380.6363636363636,0.2727272727272727,7.090909090909091,0.0,1
26756,8,4.067559523809524,540.625,612.25,1.625,3.0,0.0,1
26757,12,2.40573489010989,347.5,383.8333333333333,0.0,0.0,0.0,1
26758,7,2.0644236715665287,365.57142857142856,378.2857142857143,1.5714285714285714,5.428571428571429,0.0,1
26759,7,1.8277777777777775,277.0,288.57142857142856,0.1428571428571428,1.2857142857142858,0.0,1
26761,8,9.267307692307693,454.0,509.25,1.5,8.5,0.0,1
26776,5,4.526190476190476,596.4,612.6,3.6,3.6,0.2,0
26812,6,2.129166666666667,372.1666666666667,417.5,0.1666666666666666,1.6666666666666667,0.0,1
26819,5,2.6959090909090917,341.0,426.8,7.8,1.2,0.0,1
26820,11,3.627882723337269,531.9090909090909,605.6363636363636,1.0909090909090908,1.818181818181818,0.0,1
26823,24,3.730366161616162,552.0416666666666,556.5416666666666,2.0416666666666665,6.5,0.0416666666666666,0
26830,7,2.620068027210884,332.1428571428572,416.1428571428572,0.4285714285714285,2.571428571428572,0.0,1
26835,5,3.827179487179487,350.4,369.2,0.2,1.2,0.0,1
26837,7,3.6494331065759633,406.57142857142856,425.4285714285714,0.1428571428571428,0.5714285714285714,0.0,1
26838,7,3.057142857142857,367.4285714285714,415.8571428571428,0.0,0.0,0.0,1
26847,14,3.6080498866213153,387.4285714285714,414.6428571428572,0.7857142857142857,2.857142857142857,0.0,1
26865,8,3.4008838383838382,290.0,312.25,1.375,1.625,0.0,1
26880,16,2.5227974282661783,392.4375,446.0,0.3125,1.5625,0.0,1
26884,33,3.2582034968398608,417.09090909090907,461.5757575757576,1.6363636363636365,1.9696969696969695,0.0303030303030303,0
26885,38,2.441436925647452,370.6578947368421,386.6315789473685,0.4736842105263157,0.5526315789473685,0.0,1
26886,33,3.16590799772618,466.0,498.93939393939394,1.2727272727272727,6.0606060606060606,0.0,1
26894,11,5.405532598714417,640.1818181818181,610.0,3.090909090909091,6.545454545454546,0.0,1
26897,7,3.7863945578231295,469.4285714285714,508.7142857142857,1.7142857142857142,3.4285714285714284,0.0,1
26901,5,5.041666666666667,417.6,442.2,0.2,1.6,0.0,1
26902,8,2.9359120046620046,409.125,436.625,0.25,3.25,0.0,1
26903,8,1.7975961538461538,296.5,296.0,0.0,0.0,0.125,0
26905,6,3.774242424242424,510.0,541.8333333333334,0.3333333333333333,0.5,0.0,1
26907,7,2.313662131519274,403.8571428571428,407.2857142857143,0.1428571428571428,2.0,0.0,1
26908,8,4.1,437.125,443.125,0.125,1.375,0.0,1
26918,5,3.4883333333333333,537.8,538.8,0.2,3.0,0.0,1
26920,6,3.3035714285714284,404.0,439.1666666666667,0.8333333333333334,3.0,0.0,1
26921,10,2.426103896103896,340.8,390.9,0.7,2.0,0.0,1
26936,6,3.190951178451179,334.0,384.0,0.0,0.0,0.0,1
26937,11,3.000649350649351,321.54545454545456,386.09090909090907,0.2727272727272727,0.7272727272727273,0.0,1
26938,16,4.150671897546897,490.1875,528.9375,2.375,2.0,0.0,1
26939,9,2.51984126984127,379.6666666666667,431.77777777777777,4.777777777777778,1.1111111111111112,0.0,1
26943,5,1.595990675990676,436.6,545.2,0.0,0.0,0.2,0
26948,5,2.533333333333333,296.4,334.0,1.0,10.2,0.0,1
26959,10,4.290757575757576,406.4,393.8,0.1,0.4,0.0,1
26960,6,2.3692307692307693,321.0,250.5,0.3333333333333333,2.0,0.1666666666666666,0
26974,10,2.804242424242424,445.2,468.9,1.2,7.0,0.0,1
26981,8,2.512026515151515,438.25,491.125,1.375,4.375,0.0,1
26990,5,2.324065934065934,310.2,327.4,0.6,2.0,0.0,1
26991,5,4.468333333333333,500.2,509.8,0.0,0.0,0.2,0
27001,5,5.675555555555556,441.2,407.0,3.4,4.0,0.0,1
27002,6,5.067460317460317,491.3333333333333,489.5,0.1666666666666666,2.0,0.0,1
27003,6,6.923148148148148,620.5,590.3333333333334,2.1666666666666665,5.0,0.0,1
27005,11,2.8913780663780666,412.0,449.27272727272725,1.181818181818182,1.6363636363636365,0.0,1
27018,12,1.4245421245421246,366.0833333333333,414.5833333333333,1.1666666666666667,5.333333333333333,0.0833333333333333,0
27019,20,3.21092032967033,417.75,490.75,1.35,3.25,0.0,1
27030,15,2.434029011923749,412.53333333333336,450.2,0.2,1.6,0.0,1
27032,5,3.718333333333333,499.8,520.4,1.4,1.0,0.0,1
27046,10,1.7097907647907646,344.8,360.6,2.2,6.6,0.0,1
27067,6,6.566137566137566,312.6666666666667,318.6666666666667,2.833333333333333,6.666666666666667,0.0,1
27070,5,3.781111111111111,421.2,456.0,0.2,2.8,0.0,1
27082,6,5.345238095238095,379.5,344.3333333333333,1.1666666666666667,4.666666666666667,0.0,1
27084,12,7.073322510822511,559.6666666666666,575.0833333333334,4.083333333333333,2.0,0.0,1
27085,14,3.0310514881943456,517.7857142857143,473.7857142857143,1.2142857142857142,4.285714285714286,0.0714285714285714,0
27086,12,2.035210622710623,384.25,412.25,0.0,0.0,0.0,1
27088,5,3.036666666666666,481.0,452.6,0.4,4.8,0.0,1
27089,6,2.578427182838948,426.5,493.6666666666667,0.8333333333333334,11.333333333333334,0.0,1
27090,5,3.1085714285714285,343.0,343.2,0.0,0.0,0.0,1
27094,10,1.6365592740592738,388.4,461.8,0.4,2.0,0.1,0
27109,5,1.91011655011655,472.2,513.4,1.6,3.0,0.0,1
27118,6,3.1944444444444446,491.5,531.0,1.1666666666666667,12.0,0.0,1
27119,6,5.038095238095238,445.0,501.8333333333333,5.0,5.333333333333333,0.0,1
27131,12,3.6,449.0,447.9166666666667,1.9166666666666667,1.5,0.0,1
27132,11,3.3271478521478524,406.54545454545456,423.8181818181818,0.3636363636363636,1.818181818181818,0.0,1
27135,5,7.505128205128206,355.8,355.4,0.4,6.4,0.0,1
27137,5,3.5365656565656565,312.2,337.8,0.6,6.6,0.0,1
27141,7,2.189205239205239,455.8571428571428,470.0,1.1428571428571428,2.142857142857143,0.0,1
27149,7,4.231382704596991,363.8571428571428,444.0,0.1428571428571428,1.2857142857142858,0.1428571428571428,0
27151,5,3.501587301587301,409.6,418.6,3.4,3.6,0.0,1
27159,5,2.353015873015873,431.6,440.4,1.0,5.6,0.0,1
27166,9,3.66624649859944,462.55555555555554,490.3333333333333,1.3333333333333333,1.3333333333333333,0.0,1
27173,42,3.941596234453377,542.952380952381,530.9047619047619,0.9047619047619048,2.261904761904762,0.0,1
27175,6,3.5340608465608465,405.8333333333333,450.1666666666667,0.1666666666666666,1.0,0.0,1
27176,7,2.7413729128014843,313.1428571428572,350.2857142857143,0.2857142857142857,4.571428571428571,0.0,1
27177,13,2.9245397764628533,511.0,540.3076923076923,0.8461538461538461,3.4615384615384617,0.0,1
27178,6,4.291666666666667,416.0,445.5,7.333333333333333,13.0,0.1666666666666666,0
27181,12,2.7955492424242423,675.3333333333334,803.8333333333334,3.9166666666666665,4.75,0.0,1
27182,11,3.063733488733489,383.8181818181818,449.3636363636364,1.7272727272727273,10.181818181818182,0.0,1
27189,15,3.0697199097199097,349.06666666666666,391.8666666666667,0.8,2.6666666666666665,0.0,1
27196,10,2.98970695970696,521.0,554.7,0.2,3.0,0.1,0
27204,6,5.132575757575758,482.5,510.5,7.333333333333333,1.6666666666666667,0.0,1
27205,14,6.376615646258503,458.9285714285714,499.1428571428572,0.6428571428571429,1.7142857142857142,0.0,1
27222,6,4.581216931216932,403.3333333333333,360.6666666666667,1.8333333333333333,4.5,0.0,1
27223,5,3.430555555555556,478.6,442.0,0.4,2.0,0.0,1
27232,5,2.617948717948718,332.4,351.8,3.8,4.0,0.0,1
27239,9,2.845556912223579,354.8888888888889,427.22222222222223,1.3333333333333333,6.0,0.0,1
27245,6,3.575,389.3333333333333,464.5,0.8333333333333334,2.0,0.0,1
27249,12,1.9107193732193728,397.9166666666667,427.1666666666667,1.0,3.75,0.0,1
27252,7,2.67874149659864,411.7142857142857,435.2857142857143,0.5714285714285714,6.0,0.0,1
27261,6,4.703703703703703,414.5,459.5,0.3333333333333333,1.8333333333333333,0.0,1
27264,5,3.6883333333333335,554.8,540.8,0.8,2.0,0.0,1
27268,5,3.794957264957265,335.2,364.4,0.4,2.4,0.0,1
27272,6,5.120238095238095,449.8333333333333,416.8333333333333,4.166666666666667,3.6666666666666665,0.0,1
27273,7,1.561904761904762,405.8571428571428,399.0,3.571428571428572,6.0,0.1428571428571428,0
27274,9,2.581739248405915,412.0,403.3333333333333,0.7777777777777778,1.5555555555555556,0.0,1
27286,14,2.164899188113474,410.8571428571428,487.4285714285714,7.214285714285714,7.0,0.0,1
27311,6,2.378968253968254,422.3333333333333,452.0,1.0,2.333333333333333,0.0,1
27314,11,2.661573527482618,492.09090909090907,538.2727272727273,3.909090909090909,9.545454545454543,0.0,1
27316,7,3.253401360544218,518.8571428571429,520.2857142857143,1.5714285714285714,3.571428571428572,0.0,1
27323,6,1.4417989417989416,316.0,306.3333333333333,4.166666666666667,12.666666666666666,0.3333333333333333,0
27325,5,2.6966666666666668,404.4,431.4,5.6,4.4,0.0,1
27328,6,3.9633449883449887,474.3333333333333,531.5,0.5,1.5,0.0,1
27341,7,2.234815184815185,450.4285714285714,450.7142857142857,11.285714285714286,10.0,0.0,1
27342,7,3.3666666666666667,505.4285714285714,485.0,1.5714285714285714,2.571428571428572,0.0,1
27346,6,2.8867063492063494,377.6666666666667,392.5,1.6666666666666667,12.0,0.0,1
27369,7,3.6229591836734696,642.5714285714286,513.8571428571429,0.1428571428571428,4.142857142857143,0.0,1
27372,6,2.555555555555556,299.1666666666667,326.6666666666667,2.1666666666666665,2.333333333333333,0.0,1
27373,16,2.5722853535353534,428.625,428.8125,3.8125,6.625,0.0,1
27375,7,5.124149659863946,451.0,494.4285714285714,0.4285714285714285,4.285714285714286,0.0,1
27376,5,2.7813708513708515,352.4,428.6,0.0,0.0,0.0,1
27377,6,1.9358645983645983,253.16666666666663,267.8333333333333,0.6666666666666666,3.333333333333333,0.0,1
27384,6,1.6439393939393938,421.6666666666667,472.3333333333333,3.5,11.333333333333334,0.1666666666666666,0
27387,16,2.2373902139527138,413.9375,448.625,0.5,6.125,0.0,1
27399,16,1.776042533855034,253.5625,276.625,0.0,0.0,0.0,1
27404,13,3.843753468753469,381.2307692307692,397.6923076923077,0.3076923076923077,2.4615384615384617,0.0,1
27405,12,5.551039238539238,416.0833333333333,449.9166666666667,0.75,3.6666666666666665,0.0,1
27419,21,4.065192215192215,484.2857142857143,537.1428571428571,4.523809523809524,3.142857142857143,0.0,1
27426,8,3.3255397015265435,510.0,538.25,0.375,4.5,0.0,1
27436,6,4.334267584267584,482.3333333333333,491.1666666666667,0.0,0.0,0.0,1
27460,7,3.61969696969697,493.7142857142857,510.7142857142857,4.714285714285714,3.0,0.0,1
27484,7,2.9908163265306125,433.57142857142856,403.1428571428572,2.0,2.0,0.0,1
27486,5,4.18007326007326,443.2,494.4,0.4,5.6,0.0,1
27493,27,2.616303244081022,374.9259259259259,391.4074074074074,0.925925925925926,1.5555555555555556,0.0,1
27496,12,3.5370670995670994,430.3333333333333,524.25,0.0,0.0,0.0,1
27507,5,3.5716666666666668,358.8,318.0,0.6,3.6,0.0,1
27511,6,2.049341168091168,438.3333333333333,508.5,0.0,0.0,0.0,1
27513,6,1.1222222222222222,241.0,294.1666666666667,0.3333333333333333,1.3333333333333333,0.0,1
27514,10,2.577905525846702,444.8,479.8,1.8,7.4,0.0,1
27519,5,2.167651515151515,447.2,478.2,1.4,3.4,0.0,1
27521,5,1.9476678876678877,411.6,480.8,1.6,2.8,0.0,1
27525,5,2.708333333333333,403.4,416.0,1.2,3.6,0.0,1
27529,5,4.927878787878788,416.4,475.0,0.0,0.0,0.0,1
27535,7,2.578174603174603,460.57142857142856,514.0,1.2857142857142858,5.142857142857143,0.0,1
27543,9,3.908080808080808,400.1111111111111,407.8888888888889,0.8888888888888888,0.6666666666666666,0.0,1
27545,10,3.060729548229548,491.5,490.3,5.6,6.0,0.1,0
27552,6,4.129273504273504,446.1666666666667,508.1666666666667,1.0,0.6666666666666666,0.0,1
27557,9,3.0493265993266,409.3333333333333,453.77777777777777,2.7777777777777777,4.444444444444445,0.0,1
27558,10,3.580778388278388,416.6,450.7,1.7,2.0,0.0,1
27581,23,2.6142527762092977,482.9565217391304,509.5652173913044,0.0869565217391304,0.8260869565217391,0.0434782608695652,0
27602,12,2.791778591778592,335.9166666666667,384.0833333333333,0.0833333333333333,1.1666666666666667,0.0,1
27611,5,5.043030303030303,449.8,464.4,0.4,1.0,0.0,1
27620,22,3.230956291183564,349.95454545454544,386.6363636363636,2.0,2.0454545454545454,0.0,1
27621,20,3.2092424242424245,443.6,508.05,0.85,4.2,0.0,1
27627,18,3.3704324995991666,424.6111111111111,480.6111111111111,0.4444444444444444,1.0,0.0,1
27666,9,3.8040123456790127,378.77777777777777,443.6666666666667,3.4444444444444446,4.444444444444445,0.0,1
27667,18,5.745590828924162,540.8888888888889,606.8888888888889,0.7777777777777778,0.8888888888888888,0.0,1
27668,25,3.817217893217893,412.96,459.68,1.36,2.6,0.0,1
27672,16,4.718477182539683,544.125,624.1875,1.125,3.9375,0.0,1
27679,6,2.846073044602456,467.0,561.3333333333334,0.0,0.0,0.0,1
27683,7,3.0545660688517837,521.0,547.5714285714286,0.2857142857142857,1.7142857142857142,0.0,1
27684,6,3.051032301032301,465.6666666666667,464.5,0.0,0.0,0.0,1
27685,6,4.834656084656085,396.5,414.0,0.5,1.6666666666666667,0.0,1
27691,5,11.25047619047619,550.8,599.4,0.0,0.0,0.0,1
27706,7,2.535034013605442,437.0,459.1428571428572,0.1428571428571428,0.4285714285714285,0.0,1
27708,20,2.586805555555556,330.5,356.1,0.5,0.9,0.0,1
27711,18,3.326915676915677,403.27777777777777,446.55555555555554,1.1666666666666667,4.444444444444445,0.0,1
27718,5,3.561904761904762,336.4,322.2,0.6,1.6,0.0,1
27723,11,4.07943722943723,502.45454545454544,615.5454545454545,0.7272727272727273,5.363636363636363,0.0,1
27734,8,3.5142857142857142,419.125,473.375,10.625,8.25,0.0,1
27738,5,1.6684981684981686,491.0,517.4,1.6,2.6,0.0,1
27755,7,2.761796536796537,566.8571428571429,574.5714285714286,0.5714285714285714,5.571428571428571,0.0,1
27756,7,1.6725885225885226,272.0,315.57142857142856,1.5714285714285714,2.571428571428572,0.0,1
27758,7,4.003258646115789,512.1428571428571,536.8571428571429,0.4285714285714285,0.7142857142857143,0.0,1
27761,11,5.954004329004329,494.6363636363636,536.1818181818181,0.1818181818181818,0.9090909090909092,0.0,1
27777,10,2.84521978021978,439.7,437.9,2.0,4.0,0.1,0
27778,18,2.335152266034619,433.72222222222223,448.8333333333333,0.2777777777777778,1.5555555555555556,0.0,1
27785,8,3.0635416666666666,266.75,325.125,0.125,2.375,0.0,1
27790,22,2.0634125975035067,418.0,452.6363636363636,1.6363636363636365,2.5,0.0454545454545454,0
27791,9,2.794563152896486,415.8888888888889,447.55555555555554,4.444444444444445,14.0,0.0,1
27808,9,2.3860670194003526,390.3333333333333,399.1111111111111,0.1111111111111111,0.6666666666666666,0.0,1
27812,5,4.0491452991453,397.0,409.4,0.0,0.0,0.0,1
27817,5,1.3224242424242425,411.6,458.4,21.6,11.4,0.0,1
27819,5,2.9614285714285717,363.6,364.4,0.0,0.0,0.0,1
27825,7,2.696164946164946,438.57142857142856,443.7142857142857,4.857142857142857,3.857142857142857,0.0,1
27830,8,2.1049107142857144,317.5,286.875,0.5,2.75,0.0,1
27832,5,2.813968253968254,414.6,509.2,0.0,0.0,0.0,1
27850,8,1.5455433455433456,275.375,282.375,2.5,1.5,0.0,1
27856,5,3.569090909090909,322.6,362.8,0.0,0.0,0.0,1
27859,5,5.493333333333334,436.4,497.0,5.0,4.0,0.0,1
27860,7,5.06564269064269,494.2857142857143,526.7142857142857,0.4285714285714285,5.142857142857143,0.0,1
27866,24,3.551918451918452,534.4583333333334,589.6666666666666,2.25,1.3333333333333333,0.0,1
27884,5,2.9615384615384617,361.2,358.4,0.6,4.8,0.0,1
27886,5,4.44,688.4,644.4,0.6,2.6,0.0,1
27889,9,5.987037037037037,457.3333333333333,435.1111111111111,1.1111111111111112,5.444444444444445,0.0,1
27905,12,2.0568031505531503,318.75,364.3333333333333,1.3333333333333333,4.166666666666667,0.0833333333333333,0
27916,6,2.401602564102564,509.5,524.6666666666666,1.3333333333333333,2.333333333333333,0.0,1
27924,5,1.6011713776419658,463.4,550.8,10.8,9.2,0.2,0
27925,5,2.443560606060606,413.2,416.2,0.2,1.2,0.0,1
27926,9,3.604040404040404,478.3333333333333,448.8888888888889,1.1111111111111112,4.0,0.0,1
27933,7,1.9057322929171667,328.0,383.1428571428572,1.0,1.1428571428571428,0.0,1
27944,9,2.396176046176046,399.55555555555554,460.0,0.1111111111111111,1.0,0.1111111111111111,0
27945,10,5.578392857142857,451.9,583.6,0.4,4.2,0.0,1
27951,8,2.1680839993339998,416.125,497.75,0.25,0.75,0.0,1
27955,6,2.51025641025641,453.1666666666667,499.6666666666667,3.1666666666666665,7.0,0.0,1
27956,15,3.97947903947904,385.9333333333333,414.8,3.2,8.0,0.0,1
27960,15,2.9975,342.6666666666667,394.73333333333335,0.5333333333333333,7.6,0.0,1
27967,10,3.1199206349206348,417.4,447.4,0.3,2.4,0.0,1
27984,7,1.2213897213897214,242.14285714285717,197.7142857142857,1.8571428571428568,6.285714285714286,0.1428571428571428,0
27994,7,2.280024737167594,433.57142857142856,428.0,0.2857142857142857,2.571428571428572,0.0,1
27999,6,1.7605946684894054,425.8333333333333,455.1666666666667,0.0,0.0,0.1666666666666666,0
28006,10,2.3420563097033686,350.7,407.9,1.4,2.0,0.0,1
28015,9,4.683389450056117,475.22222222222223,482.0,0.2222222222222222,2.4444444444444446,0.0,1
28016,5,3.5845238095238097,468.0,491.2,1.2,4.0,0.0,1
28018,5,4.894444444444444,463.4,506.4,0.0,0.0,0.0,1
28032,23,2.194982553678206,452.82608695652175,542.9130434782609,0.8695652173913043,3.4782608695652173,0.0,1
28035,8,2.129811507936508,526.375,577.375,5.375,1.75,0.0,1
28037,6,2.3498677248677247,414.8333333333333,473.1666666666667,1.3333333333333333,4.5,0.0,1
28038,5,3.8088888888888888,552.8,598.4,1.6,4.2,0.0,1
28049,46,3.0532333608420568,399.5,424.5217391304348,1.0217391304347827,2.1739130434782608,0.0217391304347826,0
28058,27,2.865774040774041,414.44444444444446,453.037037037037,2.4814814814814814,4.0,0.037037037037037,0
28061,6,3.038425925925926,372.3333333333333,394.8333333333333,0.0,0.0,0.0,1
28065,21,4.977154195011338,571.952380952381,598.9047619047619,1.8571428571428568,1.1428571428571428,0.0476190476190476,0
28066,6,2.979777167277167,423.5,442.0,0.3333333333333333,2.1666666666666665,0.0,1
28075,5,1.4387956487956486,317.8,332.4,2.2,4.8,0.0,1
28080,10,2.4092352092352094,403.4,450.4,1.5,2.1,0.0,1
28084,9,3.273809523809524,512.5555555555555,501.77777777777777,4.333333333333333,2.4444444444444446,0.1111111111111111,0
28085,7,2.368894993894994,313.42857142857144,320.42857142857144,0.0,0.0,0.0,1
28093,6,2.223575036075036,465.8333333333333,491.0,2.5,20.5,0.0,1
28094,5,1.7101165501165505,311.0,373.2,0.0,0.0,0.0,1
28099,8,3.3135444416694417,403.5,439.375,2.375,3.5,0.0,1
28155,17,4.680589508530685,391.7647058823529,477.0,0.4117647058823529,2.4705882352941178,0.0,1
28157,9,4.095841195841196,423.44444444444446,484.6666666666667,0.8888888888888888,2.0,0.0,1
28160,7,4.550453514739229,544.4285714285714,581.0,0.4285714285714285,3.4285714285714284,0.0,1
28166,5,3.1711111111111108,469.2,454.4,2.4,2.4,0.0,1
28168,5,1.81,325.2,390.8,2.8,7.8,0.0,1
28172,13,1.812062937062937,304.38461538461536,329.38461538461536,0.4615384615384615,4.230769230769231,0.0,1
28173,8,5.787202380952381,501.75,586.375,1.0,2.25,0.0,1
28187,6,5.311111111111111,583.5,597.8333333333334,0.5,1.3333333333333333,0.0,1
28199,18,2.137085413201254,377.8888888888889,374.72222222222223,0.6666666666666666,1.3888888888888888,0.0,1
28209,7,2.6599650349650346,500.2857142857143,537.5714285714286,6.0,3.4285714285714284,0.0,1
28210,7,2.2621364746364745,292.0,343.85714285714283,1.8571428571428568,3.4285714285714284,0.0,1
28211,7,3.443162393162393,405.7142857142857,435.8571428571428,1.5714285714285714,1.5714285714285714,0.0,1
28212,5,3.2369985569985564,449.0,516.0,0.2,1.6,0.0,1
28222,27,2.215608332601797,364.8518518518519,403.6666666666667,0.7037037037037037,2.962962962962963,0.0,1
28223,33,4.5202288452288455,468.3333333333333,490.54545454545456,0.7575757575757576,4.636363636363637,0.0,1
28246,6,3.2173202614379086,417.3333333333333,455.5,0.3333333333333333,1.6666666666666667,0.0,1
28273,11,2.36637049818868,456.09090909090907,465.3636363636364,3.272727272727273,1.0909090909090908,0.0,1
28275,5,3.683636363636364,503.4,539.0,0.0,0.0,0.0,1
28276,5,3.235930735930736,449.2,530.8,0.0,0.0,0.0,1
28277,5,3.245555555555556,321.0,390.4,0.4,2.0,0.0,1
28278,6,3.0740079365079365,502.8333333333333,469.8333333333333,0.1666666666666666,2.333333333333333,0.0,1
28280,10,3.2093650793650794,417.2,461.7,1.0,3.9,0.0,1
28281,8,3.267239704739705,369.375,407.0,1.5,8.25,0.0,1
28303,6,5.278585352269563,420.1666666666667,457.1666666666667,0.0,0.0,0.0,1
28320,15,2.506491003549827,352.26666666666665,379.1333333333333,0.0,0.0,0.0,1
28321,13,6.0043373293373286,496.1538461538461,545.5384615384615,0.2307692307692307,1.2307692307692308,0.0,1
28330,5,3.182142857142857,380.0,462.2,1.6,2.4,0.2,0
28340,6,3.3652777777777776,558.6666666666666,544.0,1.5,3.0,0.0,1
28342,19,4.506453634085213,461.89473684210526,500.8421052631579,2.631578947368421,3.3157894736842106,0.0,1
28356,6,4.7375,507.8333333333333,501.1666666666667,0.0,0.0,0.0,1
28357,9,3.2624338624338622,439.44444444444446,443.8888888888889,0.4444444444444444,1.3333333333333333,0.0,1
28364,15,4.523080623080623,542.7333333333333,572.3333333333334,3.2,4.066666666666666,0.1333333333333333,0
28365,13,1.400916660448433,364.46153846153845,407.6923076923077,1.8461538461538465,1.0769230769230769,0.0,1
28366,17,3.0988319686849097,452.88235294117646,494.8235294117647,1.8235294117647056,0.8823529411764706,0.0,1
28373,5,3.967460317460317,459.8,508.4,0.2,1.0,0.0,1
28376,9,2.7520843354176687,365.77777777777777,409.55555555555554,2.4444444444444446,5.0,0.1111111111111111,0
28392,7,3.1415584415584417,458.2857142857143,470.8571428571428,6.285714285714286,5.142857142857143,0.0,1
28415,28,2.30416686488115,351.7857142857143,381.2142857142857,0.2857142857142857,1.2142857142857142,0.0,1
28416,5,3.294920634920635,481.2,551.0,2.8,4.6,0.0,1
28418,7,1.2147827662533544,334.57142857142856,341.0,1.2857142857142858,3.4285714285714284,0.0,1
28435,7,3.380952380952381,398.4285714285714,418.2857142857143,0.7142857142857143,2.571428571428572,0.0,1
28437,11,2.7897153351698805,420.45454545454544,479.1818181818182,0.4545454545454545,3.0,0.0,1
28438,10,2.0065972915972914,363.9,387.4,0.4,1.5,0.0,1
28439,5,4.886666666666667,393.2,395.2,0.8,12.6,0.0,1
28440,8,4.358680555555556,584.75,579.125,7.25,12.0,0.0,1
28449,12,6.607196969696969,366.25,407.6666666666667,1.6666666666666667,11.666666666666666,0.0,1
28455,11,2.250788100788101,364.3636363636364,428.1818181818182,0.5454545454545454,1.0909090909090908,0.1818181818181818,0
28459,16,2.977405753968254,423.125,472.875,0.375,4.125,0.0,1
28461,21,2.540782408534509,450.7142857142857,459.8095238095238,3.095238095238096,6.857142857142857,0.0,1
28462,14,2.028850631161556,305.92857142857144,331.0,6.428571428571429,5.142857142857143,0.0,1
28463,7,1.400872796671116,277.85714285714283,334.2857142857143,0.2857142857142857,4.0,0.0,1
28471,6,8.572390572390573,615.3333333333334,639.0,1.1666666666666667,4.0,0.0,1
28485,27,3.2482082732082733,509.0740740740741,528.8148148148148,1.7777777777777777,2.074074074074074,0.037037037037037,0
28489,6,5.331623931623931,404.8333333333333,432.1666666666667,0.1666666666666666,2.5,0.0,1
28493,6,2.943874643874644,410.1666666666667,409.6666666666667,4.333333333333333,8.5,0.0,1
28499,31,2.7573936368291205,421.258064516129,433.5806451612903,0.3548387096774194,2.3870967741935485,0.0,1
28502,6,2.671909571909572,397.6666666666667,358.6666666666667,0.0,0.0,0.0,1
28514,5,2.464871794871794,302.6,372.0,2.2,4.0,0.2,0
28524,5,2.564285714285714,281.6,299.8,2.2,4.2,0.0,1
28525,5,1.4372294372294372,336.0,330.4,0.4,4.8,0.0,1
28547,9,2.4365079365079367,380.8888888888889,443.8888888888889,3.0,5.555555555555555,0.1111111111111111,0
28551,5,5.647619047619047,567.4,574.2,0.6,6.8,0.0,1
28558,5,4.161738261738262,521.6,634.8,1.0,13.2,0.0,1
28560,5,2.239871794871795,487.0,525.6,3.8,24.0,0.0,1
28568,7,4.788095238095238,504.0,534.5714285714286,0.5714285714285714,1.7142857142857142,0.0,1
28570,5,7.706190476190477,504.6,546.0,0.6,9.6,0.0,1
28573,7,2.023390894819466,429.1428571428572,466.57142857142856,2.142857142857143,6.0,0.0,1
28578,9,2.2203703703703703,390.44444444444446,397.8888888888889,1.8888888888888888,1.6666666666666667,0.1111111111111111,0
28579,6,5.53901098901099,476.0,508.3333333333333,2.0,7.333333333333333,0.0,1
28580,8,7.410790598290599,678.5,680.875,1.125,3.375,0.0,1
28584,5,2.085213675213675,430.6,433.2,0.8,3.6,0.0,1
28590,15,2.731367151367152,383.8,410.0,1.0666666666666669,1.7333333333333334,0.0,1
28597,24,3.1003111471861478,487.9166666666667,508.7083333333333,0.5,1.4583333333333333,0.0,1
28598,10,1.9696610334110336,386.7,413.0,0.5,1.4,0.0,1
28599,6,3.0259259259259257,457.3333333333333,476.6666666666667,1.1666666666666667,0.3333333333333333,0.0,1
28600,6,1.548124098124098,254.66666666666663,268.1666666666667,0.8333333333333334,1.1666666666666667,0.0,1
28603,5,2.0345299145299145,391.2,449.6,0.2,3.0,0.0,1
28604,6,5.705784030784031,485.6666666666667,474.0,0.0,0.0,0.0,1
28611,12,3.325368381618382,470.8333333333333,519.8333333333334,2.5,4.5,0.0,1
28613,9,4.117604617604617,522.5555555555555,517.8888888888889,4.222222222222222,12.444444444444445,0.0,1
28616,8,3.4278003246753244,552.125,549.625,0.25,0.375,0.0,1
28621,12,2.64537037037037,494.8333333333333,480.5,1.0,1.6666666666666667,0.0,1
28622,7,1.9102891156462587,334.0,317.57142857142856,1.0,0.8571428571428571,0.0,1
28625,6,1.6459595959595958,381.0,389.5,2.0,15.5,0.0,1
28639,7,2.534541252398395,398.1428571428572,428.8571428571428,0.8571428571428571,0.8571428571428571,0.0,1
28672,18,3.396147833647833,497.55555555555554,538.2222222222222,0.6111111111111112,2.0,0.0,1
28687,5,1.8385714285714283,348.6,414.8,0.2,1.4,0.0,1
28692,9,1.017708834375501,385.77777777777777,389.55555555555554,1.6666666666666667,1.3333333333333333,0.0,1
28701,10,3.1874175824175826,443.0,492.2,1.0,7.8,0.0,1
28707,7,1.1976888191173904,399.0,389.0,1.8571428571428568,2.2857142857142856,0.0,1
28709,9,2.769191919191919,492.77777777777777,537.0,0.4444444444444444,2.2222222222222223,0.0,1
28710,8,2.626190476190476,422.0,445.125,1.5,1.0,0.0,1
28711,5,2.76,375.4,341.4,0.0,0.0,0.2,0
28712,8,2.6185207336523124,473.75,456.875,2.125,3.75,0.0,1
28716,11,3.42567180294453,374.7272727272728,402.1818181818182,0.4545454545454545,1.6363636363636365,0.0,1
28720,9,2.357827357827358,431.77777777777777,517.2222222222222,2.0,5.0,0.0,1
28729,6,3.0304232804232805,453.1666666666667,479.0,2.333333333333333,10.0,0.0,1
28731,16,3.786435786435786,457.625,521.25,2.125,6.1875,0.0,1
28736,9,5.256481481481481,526.3333333333334,567.3333333333334,0.8888888888888888,3.333333333333333,0.2222222222222222,0
28755,6,2.291625041625041,411.8333333333333,421.1666666666667,0.5,3.0,0.0,1
28770,6,5.8494200244200245,543.5,567.6666666666666,1.8333333333333333,4.0,0.0,1
28771,7,4.609126984126983,466.1428571428572,504.1428571428572,0.0,0.0,0.0,1
28773,10,3.4544289044289043,489.0,493.5,3.0,1.4,0.0,1
28774,9,2.822222222222222,428.44444444444446,482.0,1.5555555555555556,3.333333333333333,0.0,1
28780,5,1.9821428571428568,342.4,364.0,0.0,0.0,0.0,1
28786,21,2.224668958492488,305.4761904761905,328.04761904761904,0.0,0.0,0.0,1
28797,7,2.518140589569161,508.2857142857143,548.8571428571429,5.0,1.7142857142857142,0.0,1
28798,8,2.329681776556777,492.5,487.625,0.875,1.5,0.0,1
28799,15,3.9261976911976912,430.8,424.4666666666666,2.4,1.2666666666666666,0.0,1
28803,5,1.8616161616161613,359.6,370.4,0.0,0.0,0.0,1
28805,6,5.233333333333333,362.5,397.0,1.5,2.0,0.0,1
28809,12,4.677356902356903,545.25,547.9166666666666,0.6666666666666666,1.8333333333333333,0.0,1
28812,13,3.2436674436674435,498.84615384615387,496.7692307692308,1.6153846153846154,1.0769230769230769,0.0,1
28813,5,1.745959595959596,466.6,506.0,1.2,0.8,0.0,1
28816,10,5.113809523809524,554.3,557.0,5.4,7.7,0.0,1
28818,6,1.3060185185185185,372.3333333333333,407.1666666666667,3.5,5.5,0.0,1
28819,9,2.1904460224635662,397.0,416.55555555555554,0.2222222222222222,1.6666666666666667,0.1111111111111111,0
28820,10,4.388888888888888,593.4,579.8,0.2,1.2,0.0,1
28829,5,1.763170163170163,354.4,399.0,0.6,4.4,0.0,1
28833,5,2.528888888888889,530.8,503.6,8.4,10.2,0.0,1
28837,17,3.4730947157417744,553.2352941176471,568.5882352941177,2.764705882352941,5.764705882352941,0.1176470588235294,0
28841,5,1.4904761904761905,434.0,474.2,5.6,4.0,0.0,1
28851,10,3.1450396825396827,342.7,342.5,0.9,6.5,0.0,1
28860,11,2.6560606060606062,492.27272727272725,494.8181818181818,0.4545454545454545,2.4545454545454546,0.0909090909090909,0
28865,12,2.856018518518519,378.4166666666667,420.0,0.0833333333333333,0.4166666666666667,0.0,1
28882,11,3.287630551266915,428.27272727272725,498.9090909090909,4.545454545454546,3.272727272727273,0.0,1
28885,5,1.9116666666666664,308.6,348.0,0.0,0.0,0.0,1
28897,6,2.319551282051282,343.3333333333333,370.6666666666667,4.666666666666667,5.333333333333333,0.0,1
28898,5,2.6933333333333334,431.2,400.4,5.0,10.4,0.0,1
28899,5,2.9773737373737377,480.6,516.4,2.8,1.2,0.0,1
28906,16,2.332186736874237,425.625,483.625,0.25,1.25,0.0,1
28907,5,3.85,542.0,547.6,4.0,4.0,0.2,0
28909,14,2.992114036756894,423.4285714285714,458.3571428571428,0.0,0.0,0.0714285714285714,0
28912,14,6.278988868274582,420.7857142857143,475.57142857142856,0.5,3.571428571428572,0.0,1
28926,5,3.1720634920634923,425.6,476.4,0.4,3.6,0.0,1
28928,6,3.058189033189033,436.3333333333333,481.8333333333333,2.5,1.6666666666666667,0.0,1
28930,10,5.984444444444444,634.0,626.3,0.8,5.4,0.0,1
28931,14,1.9437855794998653,378.8571428571428,409.2142857142857,6.071428571428571,3.2142857142857144,0.0,1
28936,6,3.352913752913753,553.8333333333334,563.3333333333334,1.0,3.5,0.1666666666666666,0
28955,14,3.0373376623376624,327.5,362.4285714285714,1.5714285714285714,2.142857142857143,0.0,1
28970,6,4.434259259259259,526.5,568.3333333333334,0.1666666666666666,0.8333333333333334,0.0,1
28971,5,2.718095238095238,269.4,300.6,0.2,1.4,0.2,0
28977,6,3.772019647019647,407.0,420.3333333333333,0.8333333333333334,5.0,0.1666666666666666,0
28979,7,1.424702188567735,351.1428571428572,349.85714285714283,1.0,3.0,0.0,1
28985,25,2.1106603951603957,341.64,375.0,0.32,5.2,0.0,1
28989,16,2.188698280885781,414.5625,448.5,0.625,4.125,0.0,1
28990,6,3.318686868686869,358.5,457.3333333333333,0.0,0.0,0.0,1
28991,13,3.784071484071484,435.46153846153845,492.38461538461536,0.0769230769230769,0.4615384615384615,0.0,1
29017,5,8.693333333333333,515.4,492.4,3.0,8.4,0.0,1
29019,7,4.164285714285715,459.0,513.4285714285714,6.0,5.714285714285714,0.0,1
29041,9,3.635185185185185,451.8888888888889,440.1111111111111,0.7777777777777778,2.333333333333333,0.0,1
29042,7,2.6019789734075447,403.2857142857143,354.85714285714283,1.8571428571428568,0.8571428571428571,0.0,1
29044,5,3.5,512.8,537.8,0.0,0.0,0.0,1
29045,10,3.7710264735264736,476.5,511.0,0.2,1.1,0.0,1
29050,5,5.161904761904762,419.6,460.4,1.6,7.2,0.0,1
29057,9,2.1104474229474226,350.22222222222223,376.77777777777777,1.1111111111111112,5.666666666666667,0.1111111111111111,0
29064,6,3.4440476190476192,408.1666666666667,464.8333333333333,0.6666666666666666,3.6666666666666665,0.0,1
29066,5,2.321428571428572,400.2,455.4,1.6,1.6,0.2,0
29068,9,4.34647266313933,563.5555555555555,601.5555555555555,6.888888888888889,7.555555555555555,0.0,1
29070,7,3.7735930735930734,386.4285714285714,416.4285714285714,1.0,2.857142857142857,0.0,1
29076,22,2.288571444152995,439.3636363636364,514.1363636363636,0.4545454545454545,2.4545454545454546,0.0,1
29083,18,4.097376543209877,304.5,371.1666666666667,0.7222222222222222,5.0,0.0,1
29104,14,2.9640022675736963,473.9285714285714,497.9285714285714,3.4285714285714284,20.0,0.0,1
29118,25,3.53295670995671,428.24,476.24,0.44,0.96,0.04,0
29119,30,4.100684408184408,470.8,488.8666666666667,1.9333333333333331,5.6,0.0,1
29120,6,2.6701388888888893,292.8333333333333,293.6666666666667,0.3333333333333333,1.1666666666666667,0.0,1
29125,5,2.4872261072261077,346.4,377.8,2.8,11.2,0.2,0
29131,9,5.386255411255411,444.0,462.55555555555554,0.1111111111111111,0.6666666666666666,0.0,1
29134,15,2.5848124098124097,337.3333333333333,329.46666666666664,0.4,1.6,0.0,1
29135,7,2.208905380333952,412.57142857142856,438.0,0.7142857142857143,4.714285714285714,0.0,1
29142,5,5.790000000000001,575.2,634.0,1.2,3.2,0.0,1
29152,5,4.3551515151515146,380.2,408.2,0.4,6.0,0.0,1
29154,7,2.694993894993895,505.4285714285714,519.8571428571429,0.7142857142857143,1.7142857142857142,0.0,1
29155,5,4.2,398.0,396.0,1.0,4.4,0.2,0
29157,22,3.4344745756791912,467.6818181818182,516.4090909090909,0.7727272727272727,1.5909090909090908,0.0,1
29160,19,3.659577164909575,431.7368421052632,468.42105263157896,1.4210526315789471,2.9473684210526314,0.0,1
29166,5,2.2715384615384613,507.8,559.2,0.6,2.0,0.0,1
29170,5,4.290555555555556,488.6,506.2,0.2,1.4,0.0,1
29171,15,4.198333333333333,331.8666666666667,375.53333333333336,0.3333333333333333,1.3333333333333333,0.0,1
29172,12,3.2607448107448107,388.9166666666667,446.6666666666667,0.3333333333333333,1.0,0.0,1
29181,8,3.299242424242424,425.875,497.875,0.75,14.0,0.0,1
29216,5,3.1204545454545456,485.8,501.0,4.6,4.0,0.0,1
29222,9,3.753439153439153,537.2222222222222,522.0,0.3333333333333333,0.6666666666666666,0.0,1
29229,6,3.331547619047619,540.1666666666666,559.3333333333334,0.0,0.0,0.0,1
29234,5,2.526958041958042,380.8,450.2,0.2,5.0,0.0,1
29248,17,1.887757523555628,408.6470588235294,438.9411764705882,0.5882352941176471,1.2941176470588236,0.0588235294117647,0
29256,8,2.041625041625041,466.75,532.75,0.875,1.0,0.0,1
29264,23,4.653715849368024,443.60869565217394,506.9565217391304,3.695652173913044,8.478260869565217,0.0,1
29265,21,3.2682546289689145,442.4761904761905,487.95238095238096,0.1904761904761904,1.7142857142857142,0.0,1
29270,5,1.795128205128205,502.2,447.6,0.2,1.4,0.0,1
29272,7,2.464965986394557,381.1428571428572,403.0,5.0,6.428571428571429,0.0,1
29273,6,2.551510989010989,326.8333333333333,356.1666666666667,1.0,1.3333333333333333,0.0,1
29274,5,2.1269841269841274,516.0,489.2,3.6,2.0,0.0,1
29275,11,4.974314574314575,532.7272727272727,555.4545454545455,1.4545454545454546,1.4545454545454546,0.0,1
29276,9,6.577645502645503,364.6666666666667,448.77777777777777,0.1111111111111111,0.6666666666666666,0.0,1
29277,9,5.674330607663941,421.1111111111111,423.77777777777777,0.4444444444444444,1.5555555555555556,0.0,1
29280,5,2.4660317460317462,477.8,497.6,1.0,1.6,0.0,1
29296,14,2.831695708586465,372.5,436.7142857142857,0.0714285714285714,0.4285714285714285,0.0,1
29297,6,2.976851851851852,394.6666666666667,379.0,2.6666666666666665,10.0,0.0,1
29298,5,2.615909090909091,341.6,257.0,0.0,0.0,0.0,1
29299,7,3.603458049886621,527.0,529.7142857142857,1.0,2.0,0.0,1
29301,17,5.0912706574471285,376.0,402.7058823529412,0.6470588235294118,1.0588235294117647,0.0,1
29308,5,3.5,472.0,555.2,0.0,0.0,0.0,1
29310,9,3.6567358567358568,343.77777777777777,369.8888888888889,0.6666666666666666,2.6666666666666665,0.0,1
29311,13,2.7898173576311227,407.3076923076923,475.46153846153845,0.3076923076923077,1.3846153846153846,0.0,1
29314,5,3.3083333333333327,530.8,581.8,1.4,5.0,0.0,1
29316,6,3.7754273504273503,693.0,642.8333333333334,2.1666666666666665,5.5,0.0,1
29318,5,1.780952380952381,346.2,369.8,0.2,1.6,0.0,1
29320,27,5.324853027630805,497.3333333333333,490.8888888888889,1.2962962962962965,3.0,0.0,1
29321,8,3.644791666666667,338.875,329.0,0.0,0.0,0.0,1
29324,5,1.1574603174603175,301.8,339.0,0.4,1.2,0.0,1
29330,6,2.964814814814815,450.6666666666667,481.6666666666667,0.1666666666666666,5.166666666666667,0.0,1
29333,5,2.2705050505050504,527.0,602.4,0.0,0.0,0.0,1
29360,14,2.274196042053185,362.2857142857143,391.7142857142857,0.7142857142857143,0.8571428571428571,0.0,1
29363,12,3.354599567099567,495.3333333333333,514.9166666666666,0.9166666666666666,2.6666666666666665,0.0833333333333333,0
29366,5,2.0846153846153848,421.2,452.4,0.0,0.0,0.2,0
29370,24,3.0279917998668,463.75,492.875,2.0416666666666665,1.0,0.1666666666666666,0
29382,6,1.6333333333333335,328.3333333333333,354.0,4.166666666666667,2.0,0.3333333333333333,0
29390,6,3.4421296296296298,419.0,459.1666666666667,0.5,2.6666666666666665,0.0,1
29399,7,2.7462894248608536,518.8571428571429,530.0,1.0,5.142857142857143,0.0,1
29400,13,3.275231606000837,495.5384615384616,521.4615384615385,2.8461538461538463,1.6153846153846154,0.0,1
29401,8,4.824652777777778,460.875,510.625,0.75,4.125,0.0,1
29402,5,2.5559940059940063,401.8,416.4,0.4,1.0,0.0,1
29409,5,3.2088888888888887,421.2,458.0,5.6,4.0,0.0,1
29410,9,2.0766677041186847,303.55555555555554,374.6666666666667,2.0,5.0,0.0,1
29429,5,3.738888888888889,445.2,448.6,3.8,5.6,0.0,1
29430,5,5.015476190476191,587.4,587.4,9.8,9.6,0.0,1
29431,5,2.302777777777778,515.4,492.0,4.4,2.0,0.0,1
29432,7,2.1496947496947496,445.1428571428572,500.4285714285714,0.2857142857142857,1.0,0.0,1
29444,6,3.732142857142857,474.3333333333333,550.3333333333334,0.0,0.0,0.1666666666666666,0
29448,19,4.684972921815027,505.1578947368421,501.10526315789474,0.631578947368421,5.2631578947368425,0.0,1
29449,7,2.2786891679748824,372.0,394.57142857142856,0.5714285714285714,9.142857142857142,0.0,1
29455,5,1.7011111111111112,276.4,309.4,0.0,0.0,0.0,1
29465,16,4.374658327783328,434.6875,492.3125,0.25,1.3125,0.125,0
29473,5,4.319230769230769,582.2,581.2,1.8,4.6,0.0,1
29479,16,6.802053675491175,481.0625,517.375,0.625,0.5,0.0,1
29481,5,3.5166666666666666,614.8,648.6,0.2,5.8,0.0,1
29483,21,3.4532570603999178,429.2857142857143,461.1428571428572,2.0476190476190474,3.7142857142857135,0.0,1
29484,16,2.145519931457432,295.625,294.375,0.875,10.125,0.0,1
29496,9,4.027296777296778,414.22222222222223,473.1111111111111,4.111111111111111,7.777777777777778,0.0,1
29506,9,5.923765432098765,518.4444444444445,528.5555555555555,0.1111111111111111,0.8888888888888888,0.0,1
29507,8,4.28091577540107,303.875,314.0,0.25,0.875,0.0,1
29508,8,6.170833333333333,459.875,461.25,0.375,0.375,0.0,1
29509,7,4.1309523809523805,315.0,352.2857142857143,0.7142857142857143,0.8571428571428571,0.0,1
29510,23,3.275420029671948,442.3043478260869,479.0434782608696,0.5652173913043478,5.217391304347826,0.0434782608695652,0
29525,5,2.7402930402930403,387.4,397.8,0.4,1.2,0.0,1
29526,5,2.101404151404151,572.0,589.2,0.2,1.2,0.0,1
29527,7,2.5342742225095165,382.8571428571428,458.57142857142856,0.2857142857142857,2.0,0.0,1
29531,7,5.36904761904762,477.4285714285714,461.1428571428572,0.2857142857142857,4.285714285714286,0.0,1
29541,7,4.109126984126984,513.0,544.4285714285714,0.1428571428571428,2.2857142857142856,0.0,1
29553,21,1.981589640518212,360.8571428571428,378.7619047619048,0.8571428571428571,3.333333333333333,0.0,1
29557,5,2.4764102564102566,502.6,602.8,5.4,5.4,0.0,1
29567,39,3.0182161143699604,476.0512820512821,498.0769230769231,1.1538461538461535,4.512820512820513,0.0512820512820512,0
29576,6,2.091666666666667,428.8333333333333,467.3333333333333,1.3333333333333333,5.5,0.0,1
29578,6,1.948196248196248,584.0,522.6666666666666,5.0,3.5,0.5,0
29579,6,2.5086996336996337,407.6666666666667,460.1666666666667,0.0,0.0,0.0,1
29581,6,7.332575757575758,619.6666666666666,615.3333333333334,1.8333333333333333,3.1666666666666665,0.0,1
29584,6,3.1424242424242426,496.0,485.0,1.1666666666666667,4.166666666666667,0.1666666666666666,0
29602,5,2.617948717948718,375.0,387.4,1.6,4.8,0.0,1
29609,5,3.9083333333333337,405.2,447.0,2.4,7.6,0.2,0
29612,6,1.8769841269841268,299.8333333333333,312.3333333333333,0.0,0.0,0.1666666666666666,0
29613,7,3.314285714285714,361.7142857142857,387.2857142857143,1.5714285714285714,0.5714285714285714,0.0,1
29616,16,3.193098568098568,409.625,451.0625,2.0,5.0,0.0,1
29617,12,2.2858796296296298,433.75,449.9166666666667,0.5833333333333334,1.75,0.0,1
29630,12,2.08720874033374,409.1666666666667,442.9166666666667,0.5833333333333334,3.333333333333333,0.0,1
29641,24,3.390402537277537,434.3333333333333,460.3333333333333,5.166666666666667,8.166666666666666,0.0,1
29654,8,1.442559523809524,399.5,455.75,0.875,3.75,0.0,1
29669,13,2.516450053214759,376.1538461538461,399.46153846153845,0.8461538461538461,4.153846153846154,0.0,1
29678,14,2.8110108145822434,372.0,398.7857142857143,0.6428571428571429,1.7142857142857142,0.0,1
29679,7,4.735714285714286,508.7142857142857,398.57142857142856,3.142857142857143,8.142857142857142,0.1428571428571428,0
29681,6,1.6736111111111114,286.1666666666667,273.0,0.0,0.0,0.0,1
29682,10,2.1523809523809527,345.4,357.3,0.0,0.0,0.0,1
29684,10,2.5877489177489177,431.6,448.2,0.7,5.2,0.0,1
29686,5,1.4391697191697193,462.8,507.4,8.6,3.6,0.0,1
29687,8,2.2270833333333333,436.25,452.625,1.75,8.25,0.0,1
29688,7,4.686507936507937,411.2857142857143,440.57142857142856,0.1428571428571428,0.5714285714285714,0.0,1
29690,7,7.464965986394558,590.0,558.7142857142857,5.714285714285714,1.7142857142857142,0.0,1
29712,8,2.681994047619048,356.125,405.25,0.375,3.0,0.0,1
29719,9,1.650491483824817,342.55555555555554,395.1111111111111,1.3333333333333333,8.0,0.0,1
29726,12,2.396663801598012,467.75,501.3333333333333,4.0,4.5,0.0,1
29727,5,2.2541414141414142,556.0,561.8,4.6,4.2,0.0,1
29731,8,2.924305555555556,335.75,361.25,0.5,5.25,0.0,1
29733,11,2.0902597402597403,316.3636363636364,356.8181818181818,0.5454545454545454,0.7272727272727273,0.0909090909090909,0
29734,8,1.7628968253968254,388.0,391.5,1.25,1.5,0.25,0
29735,5,1.8595238095238096,443.6,494.2,0.0,0.0,0.2,0
29736,9,5.411318311318311,545.5555555555555,542.5555555555555,1.5555555555555556,1.5555555555555556,0.2222222222222222,0
29737,11,2.836163836163836,512.8181818181819,561.9090909090909,2.4545454545454546,2.5454545454545454,0.0,1
29739,7,2.1095135023706453,399.1428571428572,495.1428571428572,2.142857142857143,2.2857142857142856,0.0,1
29746,8,4.228174603174603,422.5,432.5,0.25,1.125,0.0,1
29750,5,3.651328671328672,401.4,425.6,6.0,3.0,0.0,1
29751,5,3.211515151515151,357.8,367.0,3.2,1.2,0.0,1
29752,5,4.482539682539683,524.6,566.4,2.8,6.0,0.0,1
29754,5,2.391849816849817,427.4,446.0,0.2,1.8,0.2,0
29756,6,2.285897435897436,475.6666666666667,540.5,1.0,2.5,0.0,1
29762,8,5.227926587301587,484.25,538.875,2.75,11.5,0.0,1
29771,7,3.121320346320346,413.0,463.2857142857143,2.7142857142857144,1.7142857142857142,0.0,1
29772,7,2.5515175300889585,353.42857142857144,394.57142857142856,0.2857142857142857,1.5714285714285714,0.0,1
29774,14,3.698873943516801,466.2142857142857,494.4285714285714,2.2142857142857144,7.428571428571429,0.0,1
29775,5,1.56984126984127,301.0,276.8,1.0,3.2,0.0,1
29781,11,3.290455756364847,407.9090909090909,478.8181818181818,1.2727272727272727,2.727272727272727,0.0909090909090909,0
29782,7,3.664399092970522,392.7142857142857,475.2857142857143,2.0,5.714285714285714,0.0,1
29783,6,1.9112179487179488,385.8333333333333,433.8333333333333,6.333333333333333,8.666666666666666,0.0,1
29788,28,3.539132395382395,319.5,331.17857142857144,1.3928571428571428,1.2857142857142858,0.0,1
29799,6,1.2330155955155957,371.1666666666667,414.6666666666667,0.0,0.0,0.0,1
29800,5,4.10042735042735,469.4,576.8,0.0,0.0,0.0,1
29815,5,1.9816993464052288,365.6,428.4,0.8,3.0,0.0,1
29816,13,1.497653201499355,460.3076923076923,495.0,0.7692307692307693,3.5384615384615383,0.0,1
29817,6,2.727660765160765,401.5,411.0,0.1666666666666666,2.333333333333333,0.0,1
29822,6,4.987700534759358,436.5,463.1666666666667,0.6666666666666666,0.3333333333333333,0.0,1
29846,10,4.030650183150184,547.4,625.1,14.7,6.4,0.0,1
29853,6,4.636904761904762,588.5,557.0,0.8333333333333334,1.6666666666666667,0.0,1
29858,5,1.627233877233877,397.2,395.0,4.8,5.4,0.0,1
29862,7,2.958503401360544,402.2857142857143,429.57142857142856,2.571428571428572,7.285714285714286,0.0,1
29863,10,4.266287878787879,543.6,543.6,1.0,4.0,0.1,0
29864,20,5.308371212121212,615.3,625.45,0.0,0.0,0.0,1
29865,18,2.703747795414462,475.8333333333333,501.6111111111111,1.0555555555555556,4.277777777777778,0.0,1
29866,17,3.2630931160342924,552.2941176470588,557.7647058823529,0.1176470588235294,1.411764705882353,0.0588235294117647,0
29867,16,1.649317700488366,403.6875,439.0625,0.5,4.875,0.0,1
29876,22,3.398254018708564,445.3636363636364,476.3181818181818,2.227272727272727,7.772727272727272,0.0,1
29877,5,1.4505555555555554,238.0,265.8,13.4,20.8,0.0,1
29878,13,2.720299145299145,373.9230769230769,383.0769230769231,0.6923076923076923,1.3846153846153846,0.0769230769230769,0
29880,6,2.049170274170274,336.1666666666667,355.1666666666667,6.0,5.0,0.0,1
29883,9,3.19510582010582,354.77777777777777,442.8888888888889,2.4444444444444446,4.0,0.0,1
29891,6,4.072685185185185,466.6666666666667,526.6666666666666,0.3333333333333333,1.1666666666666667,0.0,1
29920,6,2.953030303030303,288.8333333333333,315.0,7.0,4.0,0.3333333333333333,0
29925,9,8.054144620811288,634.0,632.5555555555555,0.6666666666666666,1.6666666666666667,0.0,1
29926,8,4.174952651515151,510.125,518.375,0.5,4.5,0.0,1
29932,5,8.362820512820512,536.2,590.4,0.6,2.4,0.0,1
29933,7,2.017300556586271,357.85714285714283,337.1428571428572,0.1428571428571428,1.0,0.0,1
29941,5,2.655238095238095,471.4,475.0,0.0,0.0,0.0,1
29946,9,2.6629569504569504,368.1111111111111,434.0,3.111111111111111,3.555555555555556,0.0,1
29949,5,2.3146103896103893,533.4,600.4,0.0,0.0,0.0,1
29953,7,2.6391156462585035,487.2857142857143,505.0,4.0,13.714285714285714,0.0,1
29958,5,2.495824175824176,565.0,489.8,0.8,0.8,0.0,1
29960,10,3.6291666666666655,495.1,482.7,0.4,2.4,0.0,1
29967,13,3.018651936298995,466.6923076923077,507.5384615384616,8.076923076923077,2.1538461538461537,0.0,1
29969,6,2.162968975468976,367.1666666666667,407.0,1.1666666666666667,1.5,0.0,1
29972,7,2.024879882022739,383.1428571428572,363.57142857142856,2.2857142857142856,5.142857142857143,0.0,1
29974,5,3.903333333333333,519.4,550.4,0.0,0.0,0.0,1
29986,11,4.1567821067821065,370.1818181818182,430.7272727272728,1.0,3.5454545454545454,0.0,1
29987,12,4.026334776334776,452.6666666666667,486.3333333333333,2.6666666666666665,10.5,0.0,1
29994,5,3.4,309.8,385.0,8.0,3.2,0.0,1
29995,5,2.736060606060606,412.0,421.6,0.2,1.2,0.0,1
29996,8,6.033035714285715,700.875,624.0,2.0,3.125,0.0,1
29997,7,7.025850340136055,439.57142857142856,454.0,0.2857142857142857,0.7142857142857143,0.0,1
29998,5,2.763333333333333,509.2,508.4,4.6,5.4,0.0,1
30006,11,3.3331726354453632,462.9090909090909,517.2727272727273,1.5454545454545454,2.272727272727273,0.0,1
30009,10,2.244811037775434,321.0,345.0,1.4,2.4,0.1,0
30010,7,3.857788243502529,466.2857142857143,537.4285714285714,2.0,2.2857142857142856,0.0,1
30022,11,3.701584022038568,399.9090909090909,460.7272727272728,0.5454545454545454,1.6363636363636365,0.0,1
30023,11,4.073466810966811,471.6363636363636,555.2727272727273,3.636363636363636,5.454545454545454,0.0,1
30033,8,3.52849025974026,386.75,398.125,2.75,6.25,0.0,1
30035,6,2.130850630850631,436.0,504.8333333333333,3.6666666666666665,2.0,0.0,1
30063,5,2.631746031746032,437.8,449.0,12.6,4.2,0.0,1
30065,5,2.4845238095238096,365.6,401.2,0.0,0.0,0.0,1
30066,5,2.346213786213786,332.4,421.2,0.2,0.4,0.0,1
30074,5,3.5690293040293044,492.8,568.6,0.6,3.0,0.0,1
30075,10,5.073809523809524,467.2,562.8,2.3,9.1,0.0,1
30088,6,3.532984254307784,517.5,538.5,13.166666666666666,7.5,0.0,1
30090,8,3.533702755577756,532.75,567.75,1.0,0.25,0.0,1
30093,21,3.7025956847385424,350.6666666666667,389.0952380952381,1.0476190476190477,9.904761904761903,0.0476190476190476,0
30097,5,4.981269841269841,385.4,347.4,0.6,5.2,0.0,1
30100,5,2.3911904761904763,466.0,452.2,0.2,1.0,0.0,1
30102,11,3.366287878787879,508.1818181818182,523.7272727272727,0.6363636363636364,1.3636363636363635,0.0,1
30104,7,8.275510204081632,620.2857142857143,589.8571428571429,0.4285714285714285,5.142857142857143,0.0,1
30105,8,10.00595238095238,590.5,611.0,1.125,3.5,0.0,1
30106,7,3.1036075036075035,279.7142857142857,319.42857142857144,0.4285714285714285,1.4285714285714286,0.0,1
30107,5,3.551190476190476,444.6,532.8,0.4,1.6,0.0,1
30121,16,3.598509303196803,464.0625,506.75,3.3125,7.9375,0.0,1
30122,18,3.123481757034389,421.72222222222223,451.44444444444446,4.166666666666667,3.111111111111111,0.0555555555555555,0
30127,10,2.7714518814518816,372.5,389.6,7.6,4.8,0.0,1
30136,6,3.377037545787546,371.5,414.8333333333333,2.1666666666666665,3.333333333333333,0.0,1
30137,6,2.078367003367003,281.0,338.0,0.5,5.0,0.0,1
30140,11,3.94336426465613,478.3636363636364,498.8181818181818,1.181818181818182,6.2727272727272725,0.0,1
30144,9,4.6353294853294855,395.55555555555554,390.6666666666667,2.7777777777777777,1.5555555555555556,0.0,1
30145,9,4.867419617419618,446.22222222222223,499.1111111111111,0.2222222222222222,2.0,0.0,1
30146,11,2.6326728826728827,365.3636363636364,346.1818181818182,1.9090909090909087,4.545454545454546,0.0,1
30147,6,3.196688034188034,436.0,505.3333333333333,2.1666666666666665,3.333333333333333,0.1666666666666666,0
30160,5,2.630952380952381,441.6,524.0,3.0,4.0,0.0,1
30161,6,3.4547558922558923,500.6666666666667,491.3333333333333,9.833333333333334,10.666666666666666,0.0,1
30165,8,2.7423611111111112,447.5,427.625,1.625,3.5,0.0,1
30167,6,4.39520202020202,496.5,546.1666666666666,0.3333333333333333,2.0,0.0,1
30168,5,3.2153968253968253,477.4,521.0,0.4,2.4,0.0,1
30187,8,4.114636752136752,510.375,549.375,0.0,0.0,0.0,1
30188,6,3.919047619047619,311.1666666666667,315.0,0.0,0.0,0.0,1
30189,6,2.473148148148148,436.6666666666667,522.3333333333334,4.333333333333333,5.333333333333333,0.0,1
30190,6,2.7814814814814817,418.5,445.6666666666667,0.5,1.3333333333333333,0.0,1
30198,6,2.385443722943723,370.6666666666667,432.5,0.1666666666666666,1.1666666666666667,0.0,1
30210,8,2.645238095238095,412.75,442.375,0.125,2.375,0.0,1
30225,7,2.61273964131107,402.7142857142857,457.0,1.7142857142857142,4.0,0.0,1
30234,14,4.636649659863946,355.92857142857144,418.07142857142856,0.1428571428571428,0.3571428571428571,0.0,1
30235,10,2.220995670995671,303.1,316.4,0.5,2.7,0.0,1
30236,9,3.5971981721981723,339.8888888888889,336.55555555555554,1.7777777777777777,16.0,0.0,1
30268,5,2.5845687645687643,391.0,442.2,0.0,0.0,0.0,1
30271,6,6.3375,591.6666666666666,580.6666666666666,0.0,0.0,0.0,1
30274,17,2.1713641191969364,324.2352941176471,351.2352941176471,0.7647058823529411,3.882352941176471,0.0,1
30284,9,5.439814814814814,523.7777777777778,538.6666666666666,0.8888888888888888,4.0,0.0,1
30290,5,1.935,244.6,245.4,0.0,0.0,0.0,1
30291,5,2.4666666666666663,362.8,381.0,1.8,5.6,0.0,1
30292,5,5.293333333333334,456.4,475.0,1.2,1.6,0.0,1
30295,6,2.8194444444444446,572.8333333333334,520.1666666666666,0.3333333333333333,9.0,0.0,1
30297,5,1.711111111111111,429.0,463.2,0.2,1.0,0.0,1
30305,5,1.815584415584416,310.6,322.4,0.4,2.4,0.0,1
30307,11,2.198018648018648,421.09090909090907,440.09090909090907,2.4545454545454546,2.636363636363636,0.0,1
30308,5,3.605,403.0,410.8,0.2,1.2,0.0,1
30309,7,4.468367346938775,356.0,408.4285714285714,0.4285714285714285,4.571428571428571,0.0,1
30326,10,2.764592352092352,353.8,399.5,0.1,1.6,0.0,1
30327,5,3.4442857142857144,408.6,413.0,3.2,4.6,0.0,1
30331,5,1.6950366300366302,302.6,359.2,0.8,2.2,0.0,1
30337,6,2.673534798534799,379.6666666666667,454.5,0.0,0.0,0.0,1
30339,10,1.882125097125097,363.1,426.8,0.2,3.0,0.0,1
30344,6,1.7517806267806268,298.3333333333333,296.5,1.0,2.333333333333333,0.1666666666666666,0
30348,13,2.9777306027306025,413.84615384615387,437.9230769230769,0.4615384615384615,0.6153846153846154,0.0,1
30351,14,3.729903628117914,426.5,445.57142857142856,0.0714285714285714,0.4285714285714285,0.0,1
30367,5,1.86,350.2,347.8,1.8,1.6,0.4,0
30370,18,2.224977954144621,418.1111111111111,468.27777777777777,1.1111111111111112,2.7222222222222223,0.0555555555555555,0
30376,6,1.634569597069597,439.1666666666667,482.3333333333333,1.5,6.0,0.1666666666666666,0
30377,5,3.8766666666666665,522.8,502.0,0.2,0.8,0.0,1
30380,6,3.157954545454545,403.0,510.3333333333333,0.0,0.0,0.0,1
30384,8,2.232291666666667,290.25,301.5,0.0,0.0,0.0,1
30385,7,2.282142857142857,504.8571428571428,525.4285714285714,0.0,0.0,0.0,1
30388,5,5.956666666666666,474.4,504.4,2.0,6.6,0.0,1
30393,5,2.661240981240981,419.8,457.6,0.0,0.0,0.0,1
30399,10,2.7894688644688648,488.9,501.2,0.9,2.1,0.0,1
30400,19,2.6540309106098583,391.05263157894734,415.42105263157896,0.1052631578947368,0.5789473684210527,0.0,1
30401,20,2.297746003996004,396.55,428.2,0.05,0.3,0.0,1
30406,14,9.367857142857144,562.4285714285714,612.4285714285714,2.0,2.4285714285714284,0.0,1
30409,6,1.7650462962962965,350.6666666666667,402.3333333333333,1.8333333333333333,1.8333333333333333,0.1666666666666666,0
30410,5,3.071428571428572,448.4,579.0,4.6,4.4,0.0,1
30420,5,1.7261538461538464,367.8,376.8,0.4,0.6,0.2,0
30427,12,2.324621212121212,450.75,440.5833333333333,4.666666666666667,5.333333333333333,0.0833333333333333,0
30434,20,3.1597914585414584,368.4,442.7,0.7,3.4,0.0,1
30439,20,2.5307457527852266,407.75,466.8,0.95,2.4,0.0,1
30440,5,2.841111111111111,380.2,387.6,0.0,0.0,0.0,1
30446,5,4.541428571428571,575.6,658.6,2.4,1.2,0.0,1
30452,9,3.1725589225589226,485.3333333333333,528.8888888888889,3.111111111111111,5.555555555555555,0.0,1
30453,8,3.296694971694972,477.0,517.0,0.375,1.25,0.0,1
30456,5,1.712987012987013,313.2,331.2,1.2,5.4,0.0,1
30468,10,4.246309523809524,463.2,520.8,0.7,2.0,0.1,0
30480,5,4.370952380952381,803.6,646.6,0.0,0.0,0.2,0
30487,10,2.5962878787878787,450.4,468.0,0.6,2.6,0.0,1
30488,11,3.642857142857143,638.9090909090909,739.9090909090909,2.090909090909091,3.8181818181818175,0.0,1
30493,8,4.970286657786658,387.25,432.875,0.625,3.75,0.0,1
30494,10,4.493484848484849,356.4,393.6,0.7,2.8,0.0,1
30500,5,2.236904761904762,492.2,520.0,5.0,5.6,0.0,1
30524,5,4.7365079365079366,471.6,579.4,0.2,1.2,0.0,1
30527,5,0.7964646464646464,418.0,368.6,0.2,1.8,0.2,0
30528,10,2.461984126984127,448.0,473.0,0.4,0.8,0.0,1
30530,5,3.239523809523809,503.8,470.0,0.6,1.4,0.0,1
30546,13,1.9983706523954203,417.38461538461536,408.61538461538464,10.0,17.23076923076923,0.0,1
30548,5,4.016666666666667,714.6,624.2,3.6,8.0,0.0,1
30549,5,3.2061904761904763,362.0,416.2,0.2,1.6,0.0,1
30551,5,2.12956043956044,404.4,412.6,1.0,1.6,0.0,1
30570,9,2.3130050505050503,349.77777777777777,388.6666666666667,0.4444444444444444,3.6666666666666665,0.0,1
30579,10,5.685515873015873,656.6,638.7,0.2,1.7,0.0,1
30580,6,2.859126984126984,324.0,301.5,0.1666666666666666,2.833333333333333,0.0,1
30581,8,1.6752356711915537,407.125,453.75,1.25,1.875,0.0,1
30591,8,3.843337789661319,535.375,550.75,4.125,4.0,0.0,1
30592,6,2.5517857142857143,371.1666666666667,372.6666666666667,0.5,1.1666666666666667,0.0,1
30603,11,2.518298368298368,310.8181818181818,402.3636363636364,1.4545454545454546,5.909090909090909,0.0,1
30605,6,2.3931878306878307,429.1666666666667,403.3333333333333,0.3333333333333333,1.3333333333333333,0.0,1
30613,5,2.0103230103230105,360.2,399.8,0.4,3.2,0.0,1
30621,5,6.475,435.2,471.2,7.8,14.4,0.0,1
30624,5,1.5799999999999998,381.0,393.2,2.8,6.6,0.0,1
30634,16,4.4011694902319904,433.875,458.9375,4.3125,6.625,0.0,1
30638,6,1.7311188811188811,316.5,356.3333333333333,0.3333333333333333,4.666666666666667,0.0,1
30640,6,3.754451566951568,406.8333333333333,442.5,1.8333333333333333,2.333333333333333,0.0,1
30645,5,3.2887445887445885,468.0,571.8,12.4,1.8,0.0,1
30657,9,6.17962962962963,479.77777777777777,497.8888888888889,2.6666666666666665,1.3333333333333333,0.1111111111111111,0
30669,5,2.334920634920635,495.0,530.6,3.2,2.0,0.2,0
30673,5,3.722857142857143,545.8,600.0,1.6,8.4,0.0,1
30675,6,1.6228535353535356,315.1666666666667,362.5,2.333333333333333,7.5,0.0,1
30677,7,2.957482993197279,470.1428571428572,477.8571428571428,0.5714285714285714,5.714285714285714,0.0,1
30686,7,2.7875457875457874,374.0,380.0,1.0,5.142857142857143,0.0,1
30698,5,1.3311111111111111,307.8,311.8,0.0,0.0,0.0,1
30701,5,2.1288888888888886,371.6,372.2,0.0,0.0,0.0,1
30702,15,2.4354136604136603,636.6,502.2,2.333333333333333,2.8,0.0,1
30703,14,3.28299062049062,481.3571428571428,559.3571428571429,0.2142857142857142,1.0,0.0,1
30704,15,2.3444853294853294,364.06666666666666,386.8,0.2,2.1333333333333333,0.0,1
30715,5,2.2033333333333336,375.2,404.2,4.4,6.0,0.0,1
30716,13,2.3303137033906265,540.3076923076923,554.2307692307693,0.0769230769230769,0.4615384615384615,0.0,1
30717,5,2.3833333333333333,386.8,391.0,0.4,0.8,0.0,1
30726,5,1.873030303030303,427.4,430.2,8.2,5.6,0.0,1
30728,9,2.7543610710277378,411.3333333333333,422.3333333333333,1.5555555555555556,3.111111111111111,0.0,1
30732,5,5.652380952380953,582.8,602.6,0.4,2.4,0.0,1
30735,10,3.5827777777777774,585.6,601.8,2.9,2.5,0.1,0
30748,15,4.189452861952862,392.73333333333335,429.8666666666667,1.5333333333333334,6.0,0.0,1
30749,8,5.69077380952381,362.125,394.5,0.5,7.5,0.0,1
30761,5,1.2838888888888889,263.2,273.6,0.0,0.0,0.0,1
30789,5,7.08952380952381,693.4,747.4,1.4,0.8,0.0,1
30790,13,3.1690565844412,439.3076923076923,477.46153846153845,11.692307692307692,3.076923076923077,0.0769230769230769,0
30797,10,3.692218614718615,471.7,511.6,0.0,0.0,0.0,1
30798,12,7.960381054131054,593.6666666666666,628.75,0.0833333333333333,2.583333333333333,0.0,1
30799,18,3.1725108225108225,335.55555555555554,374.8888888888889,0.0,0.0,0.0,1
30804,6,2.392550505050505,603.5,691.1666666666666,1.8333333333333333,11.0,0.0,1
30806,6,4.281944444444444,481.1666666666667,474.5,2.5,5.5,0.0,1
30807,9,5.357407407407408,627.4444444444445,643.4444444444445,0.1111111111111111,0.3333333333333333,0.0,1
30820,9,3.2679573512906845,401.3333333333333,416.55555555555554,0.8888888888888888,2.2222222222222223,0.0,1
30821,7,3.2930529787672644,439.4285714285714,464.4285714285714,0.7142857142857143,2.857142857142857,0.0,1
30828,8,3.322023809523809,358.5,410.375,1.375,4.5,0.0,1
30830,8,4.285119047619047,527.875,555.5,2.625,6.75,0.0,1
30834,5,1.0494200244200242,307.0,337.8,1.0,1.2,0.2,0
30837,11,4.131818181818182,443.0,477.45454545454544,0.3636363636363636,1.3636363636363635,0.0,1
30841,7,1.840873015873016,414.7142857142857,418.0,0.0,0.0,0.0,1
30846,23,1.8026888553931224,399.0434782608696,426.39130434782606,10.347826086956522,4.173913043478261,0.0,1
30848,5,6.003333333333333,541.6,548.8,2.2,4.8,0.0,1
30852,8,4.711507936507936,548.5,559.0,0.75,7.0,0.0,1
30862,18,3.996614959114959,466.55555555555554,493.6666666666667,0.8333333333333334,5.555555555555555,0.0,1
30863,19,4.394611528822056,343.0,380.3684210526316,1.0,4.421052631578948,0.0,1
30871,11,2.6188811188811187,423.9090909090909,469.09090909090907,0.0,0.0,0.0909090909090909,0
30873,9,2.3745932716520954,285.22222222222223,301.6666666666667,0.0,0.0,0.0,1
30880,5,2.0546031746031743,353.0,423.2,3.6,3.6,0.0,1
30884,9,3.8184235517568847,494.8888888888889,507.55555555555554,3.333333333333333,1.7777777777777777,0.2222222222222222,0
30888,7,3.0,467.7142857142857,434.7142857142857,2.4285714285714284,2.571428571428572,0.0,1
30892,5,2.4416666666666664,414.2,419.6,6.8,5.0,0.0,1
30894,11,3.908369408369409,448.6363636363636,490.0,1.181818181818182,2.5454545454545454,0.0,1
30895,6,3.169373219373219,412.3333333333333,418.8333333333333,0.0,0.0,0.0,1
30897,6,3.0735780423280423,417.6666666666667,482.1666666666667,0.3333333333333333,2.0,0.0,1
30900,5,1.2454545454545454,307.4,354.6,0.0,0.0,0.0,1
30902,14,1.5849658045036197,311.07142857142856,360.7857142857143,2.0,3.2142857142857144,0.0714285714285714,0
30903,7,1.8538548752834465,403.1428571428572,435.57142857142856,1.1428571428571428,5.142857142857143,0.0,1
30915,6,3.849573112073113,454.6666666666667,431.0,0.0,0.0,0.0,1
30918,14,5.640903937332509,458.57142857142856,509.2142857142857,5.571428571428571,15.428571428571429,0.0,1
30919,12,3.577699615199615,486.8333333333333,540.5833333333334,6.083333333333333,9.75,0.0,1
30925,6,1.8462962962962963,389.3333333333333,444.6666666666667,0.5,2.333333333333333,0.0,1
30930,11,3.093067033976125,443.7272727272728,470.09090909090907,1.4545454545454546,9.818181818181818,0.0,1
30933,5,4.261904761904762,436.6,497.0,1.4,4.2,0.0,1
30940,9,5.88425925925926,698.5555555555555,739.6666666666666,0.4444444444444444,2.7777777777777777,0.0,1
30943,8,2.4551282051282053,419.0,428.5,0.0,0.0,0.0,1
30956,5,1.7303030303030305,475.0,504.0,0.0,0.0,0.0,1
30959,8,4.287202380952381,506.375,486.0,1.875,4.75,0.125,0
30961,8,2.4402777777777778,377.25,392.875,1.625,12.25,0.125,0
30962,9,1.9410133076799745,458.55555555555554,477.22222222222223,0.8888888888888888,2.4444444444444446,0.1111111111111111,0
30969,5,2.131282051282051,361.0,402.0,0.2,3.2,0.0,1
30972,7,3.1484126984126983,323.7142857142857,374.57142857142856,0.1428571428571428,1.2857142857142858,0.0,1
30989,21,1.8281881672637976,400.5238095238095,440.4761904761905,2.380952380952381,3.0476190476190474,0.0,1
30990,6,1.776384998443822,310.5,343.8333333333333,1.8333333333333333,2.333333333333333,0.0,1
30998,9,4.131048581048581,438.8888888888889,453.6666666666667,7.333333333333333,3.333333333333333,0.0,1
31022,7,2.298556998556999,361.4285714285714,387.7142857142857,2.142857142857143,9.857142857142858,0.0,1
31025,10,1.9787168713639305,328.8,349.9,0.2,2.0,0.0,1
31036,15,2.32734792984793,345.0,385.9333333333333,0.8,2.6666666666666665,0.0,1
31037,15,5.8414075140545725,399.8666666666667,455.6,1.2666666666666666,2.6666666666666665,0.0,1
31061,7,2.7675736961451247,500.2857142857143,564.7142857142857,4.714285714285714,12.571428571428571,0.1428571428571428,0
31063,5,3.6351515151515152,466.0,462.4,3.2,4.8,0.0,1
31070,11,1.8395811259447623,340.54545454545456,374.27272727272725,1.7272727272727273,2.1818181818181817,0.0,1
31077,5,1.528308080808081,400.0,412.8,0.0,0.0,0.2,0
31079,27,2.9115830671386225,366.77777777777777,429.1851851851852,0.2962962962962963,0.8888888888888888,0.0,1
31085,7,3.750613275613276,504.4285714285714,509.0,4.857142857142857,13.142857142857142,0.0,1
31087,9,5.62416225749559,426.44444444444446,470.55555555555554,1.8888888888888888,1.7777777777777777,0.0,1
31088,5,1.8297619047619047,422.2,441.2,1.6,3.6,0.0,1
31090,6,2.899206349206349,323.0,345.5,0.3333333333333333,1.3333333333333333,0.0,1
31091,15,1.937015392015392,353.1333333333333,386.4,0.0,0.0,0.0666666666666666,0
31103,6,3.440873015873016,539.8333333333334,611.8333333333334,11.5,8.333333333333334,0.0,1
31104,20,2.885467171717172,566.0,669.3,0.65,1.5,0.0,1
31106,8,1.5124503968253968,445.375,467.75,0.0,0.0,0.0,1
31116,5,2.5882539682539685,378.4,412.4,0.6,2.4,0.0,1
31118,6,2.412962962962963,311.6666666666667,360.6666666666667,0.0,0.0,0.0,1
31119,11,3.216801128164765,457.09090909090907,495.45454545454544,0.8181818181818182,1.6363636363636365,0.0,1
31120,8,3.4465909090909093,415.625,451.125,0.0,0.0,0.0,1
31124,7,2.7051718123146697,323.57142857142856,336.0,0.0,0.0,0.0,1
31133,16,2.309954455266955,378.8125,426.3125,2.8125,5.25,0.0,1
31142,7,1.925,334.85714285714283,362.1428571428572,0.8571428571428571,3.142857142857143,0.0,1
31143,15,2.6404040404040403,457.53333333333336,471.1333333333333,1.6,2.4,0.0666666666666666,0
31147,12,3.641898148148148,455.3333333333333,484.9166666666667,0.5833333333333334,1.3333333333333333,0.0,1
31148,9,3.2103535353535357,355.3333333333333,391.55555555555554,0.2222222222222222,2.888888888888889,0.0,1
31156,13,3.9866374010604777,455.0769230769231,490.9230769230769,2.6923076923076925,1.1538461538461535,0.0,1
31157,8,2.665449134199134,393.375,430.625,0.5,1.375,0.0,1
31158,5,1.8123809523809524,320.8,345.8,0.4,0.6,0.0,1
31171,15,2.5675363525363526,301.8,316.6,0.3333333333333333,1.8666666666666667,0.0,1
31184,8,2.1231359649122807,345.625,408.75,1.0,3.0,0.125,0
31189,10,2.4618253968253967,394.6,394.3,0.6,2.4,0.0,1
31193,15,2.4053225234804185,427.4,464.53333333333336,1.4,6.0,0.0,1
31198,5,0.9477777777777778,270.6,236.8,2.4,3.6,0.0,1
31206,7,1.9325396825396823,447.57142857142856,520.0,0.8571428571428571,1.7142857142857142,0.0,1
31213,10,3.713134920634921,496.8,546.6,3.3,9.6,0.1,0
31230,5,9.625,471.8,522.4,1.2,8.0,0.0,1
31236,6,1.7232711732711732,487.3333333333333,471.1666666666667,14.5,3.0,0.0,1
31248,5,2.1100000000000003,401.8,420.6,3.4,2.8,0.2,0
31249,5,3.579047619047619,395.0,419.4,0.0,0.0,0.0,1
31250,6,3.5071428571428576,368.3333333333333,422.3333333333333,1.1666666666666667,6.0,0.0,1
31251,8,3.593392024642025,329.5,381.75,0.25,2.125,0.125,0
31255,10,4.598611111111111,433.0,437.4,0.5,4.6,0.1,0
31256,5,2.530952380952381,464.4,460.4,1.8,3.6,0.0,1
31258,10,2.1220454545454546,329.1,326.7,0.3,2.4,0.0,1
31259,18,3.065491298824632,468.1666666666667,462.0,0.6111111111111112,0.6666666666666666,0.0,1
31263,8,2.4601055194805195,411.0,468.0,0.125,3.5,0.0,1
31289,5,1.7866666666666666,402.0,454.2,1.2,10.0,0.0,1
31291,7,5.023260073260074,508.8571428571428,560.2857142857143,4.571428571428571,12.142857142857142,0.0,1
31292,9,4.102441077441077,546.6666666666666,505.6666666666667,1.6666666666666667,1.6666666666666667,0.0,1
31309,24,2.4861363173863174,313.25,340.1666666666667,0.9166666666666666,1.375,0.0416666666666666,0
31311,6,2.722222222222222,321.0,316.6666666666667,3.5,5.833333333333333,0.0,1
31318,8,2.145833333333333,302.5,292.625,0.0,0.0,0.0,1
31351,10,3.641017316017316,464.0,491.4,0.1,0.3,0.0,1
31361,6,4.0576599326599325,484.1666666666667,481.3333333333333,8.5,5.0,0.0,1
31384,5,1.247940947940948,399.4,410.4,0.4,1.6,0.0,1
31392,7,2.991836734693877,381.1428571428572,411.2857142857143,0.1428571428571428,1.1428571428571428,0.0,1
31393,7,3.022655122655123,449.57142857142856,485.7142857142857,1.4285714285714286,3.4285714285714284,0.0,1
31395,17,3.7463570742982495,450.5882352941176,508.6470588235294,0.9411764705882352,3.294117647058824,0.0,1
31404,6,4.431439393939394,456.8333333333333,484.8333333333333,4.166666666666667,7.0,0.0,1
31431,10,2.240418192918193,365.0,439.9,1.3,4.0,0.0,1
31438,17,3.109454842543078,399.05882352941177,464.88235294117646,2.0588235294117645,4.117647058823529,0.0,1
31445,8,3.985515873015873,534.375,549.75,4.25,2.25,0.0,1
31448,5,2.020280112044818,389.0,422.0,0.2,1.2,0.0,1
31449,12,5.393650793650793,531.5833333333334,597.4166666666666,2.1666666666666665,3.333333333333333,0.0,1
31461,23,2.455114933375803,368.3478260869565,402.0869565217391,1.6956521739130437,0.6956521739130435,0.0,1
31471,7,2.5303030303030303,362.4285714285714,333.85714285714283,2.142857142857143,3.4285714285714284,0.0,1
31472,8,1.8138888888888889,353.5,383.5,2.25,2.75,0.0,1
31480,5,3.061111111111111,429.4,466.8,0.0,0.0,0.0,1
31489,14,4.889502164502164,442.6428571428572,457.5,0.2142857142857142,1.0,0.0,1
31497,11,5.2035353535353535,442.9090909090909,498.9090909090909,0.5454545454545454,1.2727272727272727,0.0,1
31502,18,2.2661751737732128,401.1666666666667,425.8333333333333,1.5,4.888888888888889,0.0555555555555555,0
31515,5,2.5023809523809524,439.8,430.2,0.4,3.2,0.0,1
31516,11,4.695454545454545,450.8181818181818,489.27272727272725,0.8181818181818182,3.272727272727273,0.0,1
31517,11,2.15443167943168,461.3636363636364,446.09090909090907,1.5454545454545454,4.545454545454546,0.0909090909090909,0
31531,7,4.433150183150183,409.0,444.0,0.8571428571428571,2.142857142857143,0.0,1
31532,6,3.3611111111111107,381.1666666666667,411.8333333333333,0.0,0.0,0.0,1
31539,9,2.570763187429854,442.77777777777777,489.3333333333333,3.0,2.888888888888889,0.0,1
31540,10,2.016510989010989,306.2,336.8,1.3,9.6,0.0,1
31542,22,2.2395314578469656,313.3636363636364,347.54545454545456,0.5909090909090909,1.5909090909090908,0.0,1
31544,9,2.0840727174060505,487.77777777777777,533.7777777777778,0.6666666666666666,0.2222222222222222,0.1111111111111111,0
31551,6,2.802579365079365,410.3333333333333,437.6666666666667,0.3333333333333333,4.666666666666667,0.0,1
31566,5,2.5992207792207798,422.8,464.8,1.2,0.6,0.0,1
31567,6,3.179985754985754,460.5,473.6666666666667,2.1666666666666665,1.6666666666666667,0.0,1
31568,11,3.772668997668998,493.1818181818182,549.3636363636364,1.818181818181818,1.3636363636363635,0.0909090909090909,0
31570,22,3.229033466533467,457.8181818181818,526.2272727272727,0.5454545454545454,2.4545454545454546,0.0454545454545454,0
31571,17,4.558153937565702,466.88235294117646,516.7647058823529,0.7058823529411765,1.411764705882353,0.0588235294117647,0
31600,12,3.7702741702741696,402.0833333333333,460.25,2.25,3.333333333333333,0.0,1
31601,10,2.5931433843933847,402.2,465.9,2.2,3.0,0.0,1
31608,5,1.5821212121212125,317.8,333.8,1.0,2.4,0.0,1
31609,5,1.754949494949495,293.2,333.8,0.2,1.2,0.0,1
31614,6,1.837962962962963,268.3333333333333,278.6666666666667,0.1666666666666666,1.6666666666666667,0.0,1
31615,5,5.690833333333333,479.8,461.8,5.2,13.8,0.0,1
31616,23,4.007765543635109,411.0434782608696,400.4782608695652,0.1304347826086956,0.5217391304347826,0.0,1
31618,10,3.375588235294118,582.0,631.8,5.5,3.0,0.0,1
31630,5,2.6385281385281383,368.8,336.2,0.2,2.6,0.0,1
31632,5,1.544250194250194,295.4,304.4,4.6,3.0,0.2,0
31635,5,2.2553968253968253,392.8,436.0,5.0,4.8,0.0,1
31642,5,2.1993464052287583,499.8,553.6,1.4,2.4,0.0,1
31645,19,2.6029467608414976,328.42105263157896,337.6842105263158,0.3684210526315789,1.0526315789473684,0.0,1
31661,5,4.2283333333333335,331.2,363.8,0.2,1.4,0.0,1
31666,7,2.780952380952381,491.57142857142856,517.5714285714286,3.2857142857142856,4.714285714285714,0.1428571428571428,0
31671,5,3.0174603174603174,433.8,484.0,0.4,5.2,0.0,1
31672,12,3.475910894660895,507.4166666666667,504.5,3.4166666666666665,1.6666666666666667,0.0,1
31673,17,2.1751931075460487,359.3529411764706,406.4705882352941,1.3529411764705883,7.352941176470588,0.0,1
31677,11,2.1717007739735013,384.09090909090907,446.7272727272728,0.9090909090909092,2.4545454545454546,0.0909090909090909,0
31678,6,4.1405483405483405,365.3333333333333,421.0,0.0,0.0,0.0,1
31686,6,1.67991452991453,322.5,371.1666666666667,2.0,6.0,0.1666666666666666,0
31691,21,2.6771919879062738,565.4761904761905,615.7619047619048,0.5238095238095238,0.9523809523809524,0.0,1
31692,9,2.4675485008818345,451.77777777777777,483.0,2.4444444444444446,20.666666666666668,0.0,1
31694,5,2.4785714285714286,479.6,470.0,5.4,10.8,0.0,1
31696,8,5.180593711843712,531.375,603.875,0.125,1.0,0.0,1
31697,10,3.4878571428571425,437.8,499.9,1.1,4.4,0.0,1
31707,9,2.9655844155844155,390.22222222222223,393.1111111111111,1.5555555555555556,4.0,0.0,1
31717,6,1.7250270562770564,400.3333333333333,410.0,0.5,0.5,0.0,1
31718,5,1.8144444444444443,417.2,469.4,0.0,0.0,0.0,1
31722,6,3.875925925925926,530.6666666666666,622.1666666666666,1.3333333333333333,2.333333333333333,0.0,1
31728,7,3.644753659039373,495.2857142857143,527.7142857142857,0.7142857142857143,6.857142857142857,0.0,1
31729,8,2.520337475024975,430.875,464.125,0.375,5.25,0.0,1
31731,17,4.221902607196725,427.3529411764706,485.9411764705882,1.0588235294117647,1.7647058823529411,0.0,1
31732,10,2.512150072150072,360.0,414.7,0.0,0.0,0.0,1
31740,6,6.645622895622895,459.0,540.6666666666666,0.1666666666666666,1.5,0.0,1
31748,5,4.032142857142857,590.4,616.6,0.0,0.0,0.0,1
31750,5,3.2,598.8,501.2,0.4,1.2,0.0,1
31758,6,2.8623677248677253,502.1666666666667,450.5,0.3333333333333333,0.6666666666666666,0.0,1
31762,5,2.526349206349207,488.8,572.8,2.4,3.0,0.0,1
31772,6,1.717910847322612,257.5,291.6666666666667,0.1666666666666666,2.833333333333333,0.0,1
31775,5,2.170769230769231,471.2,501.2,1.2,4.0,0.0,1
31776,5,3.423636363636364,421.2,465.6,0.6,3.2,0.0,1
31786,5,4.513690476190476,428.0,431.2,1.4,4.8,0.0,1
31788,7,3.0064780457637603,482.1428571428572,529.5714285714286,4.0,7.285714285714286,0.0,1
31798,5,2.4739926739926736,306.6,357.6,0.6,3.6,0.0,1
31806,8,2.757028388278388,325.25,347.75,0.125,0.625,0.0,1
31814,13,2.487044792814024,433.2307692307692,469.2307692307692,0.0769230769230769,0.5384615384615384,0.0769230769230769,0
31821,6,2.816558441558442,329.8333333333333,372.3333333333333,4.166666666666667,1.8333333333333333,0.0,1
31823,5,3.0166666666666666,396.6,461.6,2.8,6.4,0.0,1
31824,5,2.7365584415584414,356.8,385.0,0.0,0.0,0.0,1
31831,21,2.774908953480382,465.0952380952381,476.2380952380952,0.3333333333333333,2.0,0.0,1
31847,5,7.05,510.0,592.2,2.0,2.8,0.0,1
31848,5,3.851269841269841,538.6,573.0,0.0,0.0,0.0,1
31860,5,3.7225974025974025,487.0,461.0,0.2,1.0,0.0,1
31861,5,2.055286935286936,413.4,519.2,1.6,4.4,0.0,1
31864,5,4.505982905982906,402.2,399.2,3.8,2.8,0.2,0
31866,5,5.27051282051282,468.0,435.4,1.8,1.6,0.0,1
31867,7,3.3321995464852607,360.0,357.1428571428572,3.0,10.857142857142858,0.1428571428571428,0
31869,7,5.363095238095238,431.8571428571428,489.1428571428572,0.1428571428571428,0.8571428571428571,0.1428571428571428,0
31878,6,1.694025473437238,421.1666666666667,459.0,9.0,6.0,0.0,1
31880,5,3.2591991341991347,450.4,524.8,0.2,2.8,0.0,1
31882,5,4.45030303030303,421.0,414.0,4.6,3.8,0.2,0
31889,5,5.3127272727272725,513.8,458.0,0.2,1.0,0.0,1
31896,31,2.3956457099720856,362.0967741935484,423.1290322580645,0.6129032258064516,4.354838709677419,0.0,1
31897,7,4.8132783882783885,435.57142857142856,498.4285714285714,0.4285714285714285,4.285714285714286,0.0,1
31898,5,5.48,518.2,507.6,0.0,0.0,0.0,1
31899,6,2.42232905982906,491.1666666666667,562.1666666666666,4.0,3.5,0.0,1
31910,7,1.4858058608058609,309.2857142857143,327.0,1.7142857142857142,4.285714285714286,0.0,1
31914,6,2.47979797979798,381.5,375.3333333333333,12.666666666666666,16.0,0.0,1
31916,23,1.7709536522465583,302.7826086956522,331.6521739130435,0.6956521739130435,1.3043478260869563,0.0,1
31917,7,2.3722789115646257,500.1428571428572,472.8571428571428,0.8571428571428571,2.142857142857143,0.0,1
31918,9,6.90432098765432,680.3333333333334,669.8888888888889,1.5555555555555556,10.0,0.0,1
31936,5,2.675,458.8,486.6,0.0,0.0,0.0,1
31943,5,8.753333333333334,572.0,585.4,0.6,2.2,0.0,1
31944,6,2.381926406926407,489.6666666666667,557.0,0.0,0.0,0.1666666666666666,0
31945,6,1.4935185185185187,383.8333333333333,361.1666666666667,0.5,2.0,0.1666666666666666,0
31955,7,3.5276556776556776,369.8571428571428,452.0,0.8571428571428571,2.2857142857142856,0.0,1
31956,11,2.669260789715335,335.54545454545456,339.45454545454544,0.0909090909090909,0.6363636363636364,0.0,1
31967,5,1.3894094794094791,317.0,341.4,3.8,2.2,0.0,1
31980,6,1.6766899766899768,411.0,460.8333333333333,0.3333333333333333,2.0,0.0,1
31992,6,3.411279461279461,358.0,420.3333333333333,0.0,0.0,0.0,1
32002,7,8.607142857142856,490.2857142857143,516.4285714285714,3.4285714285714284,2.142857142857143,0.0,1
32003,5,1.343956043956044,278.4,289.0,0.2,2.0,0.0,1
32004,7,3.367037724180581,386.0,435.7142857142857,0.0,0.0,0.0,1
32005,5,3.595,500.0,573.4,1.2,2.0,0.0,1
32006,28,4.438634877027734,562.1785714285714,555.9285714285714,3.678571428571429,5.0,0.1071428571428571,0
32014,6,2.270833333333333,495.6666666666667,486.8333333333333,0.0,0.0,0.0,1
32016,5,9.0,467.0,556.6,4.6,8.4,0.0,1
32018,10,1.8953035853035851,424.0,465.5,0.4,1.0,0.0,1
32019,5,4.0633333333333335,477.2,515.8,2.2,4.4,0.0,1
32020,7,2.6584992388563817,539.7142857142857,518.1428571428571,1.0,4.285714285714286,0.0,1
32022,7,2.422571079713937,472.2857142857143,500.4285714285714,0.5714285714285714,2.0,0.0,1
32033,6,2.8511904761904763,314.5,390.5,2.333333333333333,3.5,0.1666666666666666,0
32034,5,1.9355555555555557,393.4,429.8,1.8,2.4,0.2,0
32037,11,2.2902728584546765,353.1818181818182,436.27272727272725,5.0,11.181818181818182,0.0,1
32041,7,2.1369985173556603,386.8571428571428,446.8571428571428,4.857142857142857,6.285714285714286,0.0,1
32044,10,1.734090909090909,344.3,393.1,5.1,1.5,0.0,1
32045,9,3.160760844094177,372.77777777777777,396.22222222222223,1.4444444444444444,5.0,0.0,1
32046,10,3.5258333333333334,425.7,512.3,4.9,8.5,0.0,1
32048,24,3.5670244107744105,455.9166666666667,468.2916666666667,1.25,5.0,0.0,1
32049,6,1.535064935064935,335.3333333333333,368.0,0.0,0.0,0.0,1
32088,41,2.5920205810449715,403.9024390243902,464.1707317073171,1.3414634146341464,3.707317073170732,0.024390243902439,0
32089,16,1.957921918767507,566.0,600.625,1.125,4.125,0.0,1
32093,6,3.236706349206349,445.6666666666667,537.1666666666666,0.5,1.1666666666666667,0.1666666666666666,0
32094,6,4.740811965811965,632.6666666666666,605.0,0.6666666666666666,2.0,0.0,1
32124,6,1.1286084529505582,297.3333333333333,317.1666666666667,0.8333333333333334,2.6666666666666665,0.1666666666666666,0
32125,7,5.074319727891156,421.2857142857143,466.57142857142856,5.571428571428571,1.7142857142857142,0.0,1
32130,5,3.5875757575757574,609.6,654.8,5.0,3.0,0.0,1
32154,28,2.172800189803296,345.8928571428572,395.5357142857143,2.0,3.0357142857142856,0.0,1
32159,9,2.402250835584169,475.77777777777777,500.8888888888889,0.0,0.0,0.1111111111111111,0
32160,10,3.5279761904761906,400.9,419.1,0.0,0.0,0.1,0
32163,7,2.280880230880231,489.2857142857143,488.7142857142857,3.571428571428572,1.1428571428571428,0.0,1
32166,8,1.0987847222222222,375.25,428.125,3.625,2.25,0.0,1
32171,9,3.894444444444444,574.2222222222222,572.0,0.8888888888888888,4.0,0.0,1
32176,7,2.2770408163265303,437.57142857142856,457.2857142857143,0.5714285714285714,2.857142857142857,0.1428571428571428,0
32183,8,3.790178571428571,331.25,395.25,0.0,0.0,0.0,1
32184,5,2.2022222222222223,466.4,437.8,0.2,2.0,0.0,1
32198,13,7.484734496272958,519.5384615384615,524.3846153846154,0.9230769230769232,1.3846153846153846,0.0769230769230769,0
32200,11,2.482172373081464,299.6363636363636,329.90909090909093,0.0,0.0,0.0,1
32202,6,5.92991452991453,490.0,521.5,0.0,0.0,0.0,1
32218,8,5.609722222222223,576.5,583.875,5.5,3.125,0.0,1
32222,9,4.422330755664089,373.3333333333333,422.0,0.1111111111111111,1.8888888888888888,0.0,1
32228,8,5.8324404761904765,564.5,590.0,0.25,2.5,0.0,1
32239,6,1.898926767676768,371.8333333333333,379.3333333333333,1.3333333333333333,1.6666666666666667,0.1666666666666666,0
32240,7,3.820021645021645,284.42857142857144,287.85714285714283,2.4285714285714284,8.571428571428571,0.0,1
32243,6,3.3209175084175087,379.0,389.3333333333333,0.1666666666666666,2.333333333333333,0.0,1
32278,8,2.580357142857143,530.0,517.5,3.375,4.5,0.0,1
32279,5,2.8848039215686274,325.2,340.2,0.2,2.4,0.0,1
32280,8,5.2253968253968255,460.125,475.0,0.375,0.75,0.0,1
32281,7,2.938690476190476,442.7142857142857,456.4285714285714,1.2857142857142858,3.142857142857143,0.0,1
32295,12,2.7739087301587304,420.5,485.5833333333333,6.333333333333333,8.666666666666666,0.0,1
32303,5,2.159011164274322,347.4,416.6,0.2,1.8,0.0,1
32316,7,2.756802721088435,433.2857142857143,458.0,0.4285714285714285,0.7142857142857143,0.0,1
32317,6,1.7393162393162394,638.3333333333334,482.6666666666667,1.8333333333333333,3.0,0.0,1
32320,5,3.4266666666666667,481.8,563.8,2.2,4.8,0.0,1
32326,5,7.06547619047619,708.4,694.4,0.0,0.0,0.0,1
32328,6,4.239351851851851,575.8333333333334,606.1666666666666,2.1666666666666665,1.5,0.0,1
32329,11,2.422409156500066,346.8181818181818,323.90909090909093,0.8181818181818182,1.3636363636363635,0.0,1
32330,5,1.0772077922077925,307.4,327.4,0.0,0.0,0.0,1
32338,10,2.5708333333333333,387.7,395.0,1.1,4.2,0.1,0
32346,5,4.55,509.2,564.8,1.2,7.6,0.0,1
32348,5,1.8501010101010105,407.2,495.4,2.8,6.4,0.2,0
32354,34,1.895970891874119,354.94117647058823,423.88235294117646,0.2352941176470588,1.6470588235294117,0.0,1
32356,12,4.682638888888889,463.6666666666667,524.6666666666666,0.6666666666666666,2.25,0.0,1
32357,5,6.134761904761905,385.0,438.2,1.2,3.6,0.0,1
32358,5,4.4819047619047625,439.4,551.4,1.0,4.2,0.0,1
32375,8,2.475297619047619,426.875,459.375,0.5,1.75,0.0,1
32387,5,3.2321428571428568,423.4,415.0,0.2,1.0,0.0,1
32388,15,2.797097162097162,450.53333333333336,483.4666666666666,0.6666666666666666,4.8,0.0,1
32393,5,3.4484126984126986,383.6,413.4,1.0,6.0,0.0,1
32404,5,1.7422577422577423,307.2,293.2,3.4,2.4,0.0,1
32412,28,3.173562300794444,593.9285714285714,679.3571428571429,2.071428571428572,4.571428571428571,0.1071428571428571,0
32418,5,2.2503174603174605,371.0,375.0,11.6,6.6,0.0,1
32431,17,5.742460317460318,638.8235294117648,647.0,0.2941176470588235,2.3529411764705883,0.0,1
32432,9,2.844372294372294,362.8888888888889,409.77777777777777,0.6666666666666666,2.4444444444444446,0.0,1
32444,5,1.4724242424242424,325.2,408.6,0.0,0.0,0.0,1
32465,5,9.34904761904762,552.2,568.0,0.0,0.0,0.0,1
32470,10,2.0095265845265846,474.5,472.4,2.0,4.2,0.0,1
32471,5,4.079285714285715,368.4,309.6,1.4,4.8,0.0,1
32473,8,2.154277146464646,480.125,499.25,1.25,7.125,0.0,1
32474,5,1.7616883116883115,414.2,426.6,0.2,0.8,0.0,1
32475,8,2.6083333333333334,350.75,366.5,0.0,0.0,0.0,1
32482,8,5.353044871794872,508.25,533.0,0.5,3.0,0.0,1
32491,21,3.35496632996633,420.8095238095238,462.4285714285714,0.7619047619047619,6.619047619047619,0.0,1
32499,5,1.314325396825397,370.8,446.8,1.4,4.0,0.0,1
32513,6,4.093650793650793,493.3333333333333,557.8333333333334,2.6666666666666665,6.5,0.0,1
32514,8,1.7437996031746033,372.75,423.125,0.875,12.0,0.0,1
32522,5,3.975873015873016,464.0,520.8,1.0,3.6,0.0,1
32534,20,4.808369963369963,462.4,366.15,2.55,7.5,0.05,0
32536,6,2.452319902319902,426.0,434.1666666666667,0.5,1.8333333333333333,0.0,1
32537,5,2.7548717948717947,407.4,403.6,5.2,5.6,0.0,1
32550,8,2.660380591630592,291.75,319.875,0.5,3.75,0.0,1
32551,9,5.577312810646144,492.1111111111111,542.8888888888889,0.7777777777777778,0.6666666666666666,0.0,1
32552,9,2.6016514349847686,280.77777777777777,299.6666666666667,0.4444444444444444,4.888888888888889,0.0,1
32557,11,1.8493801652892563,350.90909090909093,357.45454545454544,0.6363636363636364,4.545454545454546,0.0909090909090909,0
32559,9,1.7925925925925923,395.3333333333333,424.55555555555554,1.4444444444444444,9.444444444444445,0.2222222222222222,0
32574,14,2.355428004535148,408.9285714285714,417.4285714285714,0.2857142857142857,0.5714285714285714,0.1428571428571428,0
32576,7,2.7084985190248347,360.2857142857143,408.57142857142856,0.0,0.0,0.0,1
32577,7,1.9490432812801235,299.1428571428572,294.42857142857144,0.4285714285714285,3.7142857142857135,0.0,1
32578,5,1.5023199023199023,391.2,380.8,0.6,1.0,0.0,1
32580,9,2.1528779862113194,472.22222222222223,489.77777777777777,0.4444444444444444,2.6666666666666665,0.1111111111111111,0
32587,5,5.458333333333334,641.4,631.4,0.0,0.0,0.0,1
32591,8,3.53125,297.625,302.375,1.25,2.75,0.0,1
32599,16,2.413412220948985,386.0625,413.6875,1.625,4.6875,0.0625,0
32605,5,3.651349206349207,488.4,548.0,3.2,2.0,0.2,0
32606,9,1.5437975604642271,341.1111111111111,371.8888888888889,5.666666666666667,1.3333333333333333,0.0,1
32611,5,3.851428571428571,641.2,658.6,0.2,1.0,0.0,1
32613,10,3.4974236874236877,530.2,562.0,0.5,1.2,0.0,1
32618,5,4.191666666666667,588.4,661.6,1.8,6.0,0.0,1
32619,12,2.985401404151404,360.75,422.5833333333333,0.25,1.0,0.0,1
32623,9,2.901353276353276,402.22222222222223,435.8888888888889,1.4444444444444444,5.777777777777778,0.0,1
32627,5,3.3595238095238096,490.0,501.4,4.2,1.6,0.0,1
32633,7,4.956060606060606,436.4285714285714,454.7142857142857,6.714285714285714,4.428571428571429,0.0,1
32635,8,2.4807900432900434,527.875,494.0,5.0,3.0,0.0,1
32637,6,1.661026936026936,345.3333333333333,366.3333333333333,0.5,1.3333333333333333,0.1666666666666666,0
32638,7,2.095043845043845,400.1428571428572,411.57142857142856,0.1428571428571428,1.5714285714285714,0.0,1
32657,7,2.752650857914016,382.57142857142856,375.4285714285714,0.1428571428571428,3.0,0.0,1
32658,7,2.209929356357928,362.1428571428572,374.1428571428572,0.0,0.0,0.0,1
32672,18,2.8480498804028214,367.8333333333333,435.44444444444446,0.5555555555555556,2.6666666666666665,0.0,1
32681,6,3.6299603174603177,522.1666666666666,462.6666666666667,0.0,0.0,0.0,1
32682,5,2.1510622710622718,393.8,383.6,0.4,0.8,0.0,1
32718,5,1.5614718614718617,471.4,476.8,0.0,0.0,0.0,1
32736,5,3.5476190476190474,317.8,404.0,0.0,0.0,0.0,1
32738,13,3.652772227772228,428.1538461538461,482.61538461538464,0.5384615384615384,2.769230769230769,0.0,1
32739,24,1.895120735745736,358.5,371.7083333333333,2.708333333333333,4.083333333333333,0.0416666666666666,0
32746,8,3.735565476190476,488.25,527.375,0.75,2.5,0.0,1
32748,6,3.1065323565323566,416.8333333333333,466.8333333333333,3.0,3.6666666666666665,0.0,1
32750,5,3.8,422.8,421.2,1.8,5.6,0.2,0
32751,13,2.361570053877746,332.9230769230769,363.3076923076923,0.0769230769230769,0.5384615384615384,0.0,1
32752,13,2.3165834165834167,361.84615384615387,387.84615384615387,0.1538461538461538,1.2307692307692308,0.0,1
32760,5,3.295238095238095,415.2,408.2,0.0,0.0,0.0,1
32764,8,4.013095238095238,571.0,594.75,1.5,1.625,0.0,1
32778,8,2.944444444444444,387.375,380.25,0.0,0.0,0.0,1
32781,6,2.071391571391571,439.3333333333333,493.1666666666667,0.0,0.0,0.0,1
32788,9,1.9286293952960616,412.3333333333333,470.3333333333333,0.0,0.0,0.0,1
32790,14,3.401569264069264,501.2857142857143,531.9285714285714,2.0,7.5,0.0,1
32792,10,3.965952380952381,503.8,495.7,2.5,12.5,0.0,1
32793,9,2.468973002306336,352.0,398.44444444444446,0.6666666666666666,2.0,0.0,1
32794,6,1.6527777777777777,290.0,340.6666666666667,0.5,9.0,0.0,1
32803,11,1.6468910842573945,327.27272727272725,361.3636363636364,0.1818181818181818,1.6363636363636365,0.0,1
32815,14,4.419019274376417,439.2857142857143,500.2142857142857,0.7142857142857143,3.5,0.0,1
32825,12,3.57148569023569,467.0833333333333,502.0833333333333,1.9166666666666667,5.833333333333333,0.0,1
32826,6,3.4172619047619044,400.1666666666667,457.1666666666667,1.8333333333333333,2.6666666666666665,0.0,1
32831,5,1.8631868131868128,330.6,308.0,0.4,2.0,0.0,1
32841,5,3.329365079365079,373.2,441.8,2.6,2.0,0.0,1
32843,6,1.8212759462759465,370.5,369.8333333333333,0.3333333333333333,2.1666666666666665,0.0,1
32845,5,3.3654545454545457,415.0,468.8,3.4,8.4,0.0,1
32847,5,2.221417748917749,391.4,348.8,4.4,1.8,0.0,1
32850,8,3.373200757575757,470.125,499.625,0.0,0.0,0.0,1
32851,8,2.0101644066717594,355.25,399.5,2.75,4.5,0.0,1
32856,6,3.3197496947496945,525.6666666666666,521.0,0.1666666666666666,1.5,0.1666666666666666,0
32860,6,4.944047619047619,501.6666666666667,509.0,6.666666666666667,1.3333333333333333,0.0,1
32868,7,2.1149725274725277,453.57142857142856,472.4285714285714,0.0,0.0,0.0,1
32870,6,1.9801978114478116,448.0,439.1666666666667,0.0,0.0,0.0,1
32888,16,2.046070075757576,444.125,455.6875,1.1875,3.4375,0.0625,0
32914,27,4.055952380952381,515.074074074074,545.1481481481482,5.37037037037037,7.777777777777778,0.0,1
32929,12,2.1444141506641508,356.0833333333333,423.75,1.0833333333333333,8.0,0.0,1
32932,9,2.133116883116883,376.8888888888889,425.3333333333333,2.0,1.7777777777777777,0.0,1
32935,6,2.280976430976431,340.1666666666667,392.1666666666667,23.83333333333333,4.5,0.0,1
32936,6,2.3247354497354498,538.5,548.6666666666666,3.5,10.0,0.1666666666666666,0
32938,5,1.8464285714285715,404.4,442.8,0.0,0.0,0.0,1
32939,8,2.722607947607948,516.875,493.625,0.125,1.75,0.0,1
32940,22,3.0516183311637857,326.1818181818182,336.5,0.2727272727272727,2.0454545454545454,0.0454545454545454,0
32944,6,2.85,395.5,406.5,0.6666666666666666,1.0,0.0,1
32945,6,2.4833333333333334,434.1666666666667,396.0,1.1666666666666667,3.0,0.0,1
32946,5,2.3944444444444444,298.2,309.2,0.2,1.0,0.0,1
32950,6,5.637962962962963,509.6666666666667,526.6666666666666,0.5,2.5,0.0,1
32953,7,1.8248505462791176,303.42857142857144,358.85714285714283,0.4285714285714285,5.571428571428571,0.0,1
32960,8,3.389772727272727,400.75,441.875,0.625,1.875,0.0,1
32964,9,2.413602773406695,312.6666666666667,312.3333333333333,2.2222222222222223,8.444444444444445,0.0,1
32965,9,2.5495245495245498,377.8888888888889,384.1111111111111,0.7777777777777778,1.2222222222222223,0.0,1
32966,7,2.2970521541950117,374.4285714285714,411.8571428571428,0.0,0.0,0.0,1
32975,6,3.947089947089947,491.6666666666667,505.1666666666667,0.6666666666666666,8.0,0.1666666666666666,0
32991,6,4.101851851851852,540.8333333333334,572.3333333333334,0.5,1.8333333333333333,0.0,1
32992,5,2.5522222222222224,306.2,316.4,0.4,2.8,0.0,1
32993,8,2.098958333333333,460.75,431.625,0.375,1.625,0.0,1
33007,7,12.31904761904762,473.2857142857143,521.8571428571429,0.1428571428571428,2.0,0.0,1
33012,5,4.017979797979797,492.6,521.2,0.8,4.4,0.0,1
33013,5,2.983492063492064,426.2,487.6,1.0,2.2,0.0,1
33015,5,3.814851814851815,432.2,399.2,1.2,0.8,0.0,1
33017,7,1.6180664573521717,330.42857142857144,338.0,0.1428571428571428,1.4285714285714286,0.0,1
33018,5,2.269871794871795,401.8,494.2,0.0,0.0,0.0,1
33046,9,2.790489757156424,425.1111111111111,481.44444444444446,0.0,0.0,0.0,1
33047,6,3.045192307692308,341.5,411.8333333333333,0.0,0.0,0.0,1
33048,9,1.9732563732563733,404.77777777777777,436.3333333333333,0.2222222222222222,1.2222222222222223,0.0,1
33051,29,3.3578912466843502,464.1034482758621,475.6206896551725,1.206896551724138,5.379310344827586,0.0,1
33063,8,2.4237824675324675,420.625,459.625,0.625,3.0,0.0,1
33066,5,2.841587301587302,429.4,463.2,1.4,9.6,0.0,1
33078,23,4.626251526251527,411.3043478260869,470.8695652173913,0.4347826086956521,2.130434782608696,0.0,1
33079,23,3.966676077545643,347.95652173913044,384.0,0.0869565217391304,0.1739130434782608,0.0,1
33081,11,1.218125813580359,363.9090909090909,421.9090909090909,1.0,1.181818181818182,0.0,1
33082,14,2.119415901558759,405.1428571428572,424.7857142857143,1.4285714285714286,3.4285714285714284,0.0,1
33111,6,1.4993506493506494,314.1666666666667,406.1666666666667,0.5,1.6666666666666667,0.0,1
33118,5,2.591666666666667,373.6,413.8,0.0,0.0,0.0,1
33119,6,3.6869047619047617,426.0,472.6666666666667,0.1666666666666666,5.0,0.0,1
33122,6,2.8063973063973062,361.5,376.1666666666667,0.3333333333333333,6.0,0.0,1
33137,7,3.634183673469388,515.0,591.8571428571429,0.5714285714285714,4.285714285714286,0.0,1
33145,6,2.0539021164021163,313.3333333333333,297.5,0.1666666666666666,1.5,0.0,1
33146,7,6.158843537414966,408.57142857142856,425.0,0.1428571428571428,1.2857142857142858,0.0,1
33156,6,4.076388888888888,535.6666666666666,557.3333333333334,0.1666666666666666,1.0,0.0,1
33157,11,3.5922865013774103,550.0,559.7272727272727,1.5454545454545454,1.818181818181818,0.0,1
33160,8,2.3406565656565657,369.875,430.125,1.75,2.5,0.0,1
33163,13,3.5873321123321125,378.2307692307692,416.6923076923077,0.3846153846153846,1.6153846153846154,0.0,1
33167,6,2.124074074074074,329.5,316.0,2.1666666666666665,3.6666666666666665,0.0,1
33178,8,2.577926322043969,419.125,484.875,2.375,3.375,0.0,1
33184,5,1.4026262626262629,259.6,317.6,3.0,4.4,0.0,1
33199,5,3.853030303030303,469.6,475.8,3.8,12.0,0.0,1
33200,21,3.3879095111237967,460.9047619047619,471.6190476190476,1.2857142857142858,5.142857142857143,0.0,1
33201,19,2.53765664160401,280.2105263157895,342.42105263157896,0.5263157894736842,6.157894736842105,0.0,1
33202,19,2.5695824643193066,451.8421052631579,476.578947368421,0.7894736842105263,3.789473684210526,0.0,1
33208,6,1.978505291005291,304.6666666666667,327.3333333333333,2.0,1.3333333333333333,0.0,1
33212,9,3.7486531986531983,408.3333333333333,425.6666666666667,0.1111111111111111,0.4444444444444444,0.1111111111111111,0
33213,6,3.034722222222222,427.5,483.8333333333333,7.5,12.5,0.0,1
33217,5,2.8707070707070708,391.8,406.8,1.0,4.8,0.0,1
33222,5,2.651021785232312,382.2,496.4,0.4,5.6,0.0,1
33223,7,5.667094017094017,517.2857142857143,541.1428571428571,0.7142857142857143,7.428571428571429,0.0,1
33231,5,4.436428571428571,450.2,456.2,0.4,1.4,0.0,1
33243,6,2.1922262922262923,310.3333333333333,336.5,1.1666666666666667,13.666666666666666,0.0,1
33251,5,1.7297619047619048,312.0,294.0,0.8,4.0,0.0,1
33252,11,4.405509641873278,540.1818181818181,507.27272727272725,0.4545454545454545,1.6363636363636365,0.0,1
33266,5,1.2460714285714285,349.6,373.6,1.2,3.6,0.0,1
33270,9,2.0871412538079204,473.22222222222223,500.55555555555554,0.2222222222222222,1.1111111111111112,0.0,1
33278,5,2.243535353535353,357.2,388.6,1.0,5.2,0.0,1
33284,6,5.569871794871795,492.0,526.8333333333334,2.333333333333333,2.6666666666666665,0.1666666666666666,0
33285,15,4.998654863654863,503.73333333333335,551.5333333333333,2.533333333333333,5.133333333333334,0.0666666666666666,0
33289,6,2.0722703222703225,316.6666666666667,384.6666666666667,0.1666666666666666,1.3333333333333333,0.0,1
33290,6,5.88425925925926,392.8333333333333,473.6666666666667,0.1666666666666666,1.0,0.0,1
33294,16,4.4299540737040735,434.625,445.125,11.8125,7.5,0.0,1
33296,6,1.5590909090909089,274.8333333333333,264.1666666666667,0.3333333333333333,2.333333333333333,0.0,1
33297,11,2.6766233766233767,411.3636363636364,468.6363636363636,0.0,0.0,0.0,1
33317,5,3.8922222222222222,491.8,538.0,0.0,0.0,0.0,1
33324,10,4.907619047619048,581.8,622.6,1.2,9.5,0.0,1
33352,12,3.542195767195768,392.8333333333333,414.8333333333333,1.3333333333333333,2.0,0.0833333333333333,0
33364,14,2.74421768707483,335.7857142857143,325.2857142857143,1.5714285714285714,3.571428571428572,0.0,1
33369,7,2.1423675530818387,409.7142857142857,472.0,2.857142857142857,2.571428571428572,0.0,1
33382,5,4.264285714285714,445.0,479.4,4.4,3.6,0.0,1
33383,5,6.268205128205128,551.8,558.8,3.0,12.0,0.0,1
33389,12,3.479861111111111,394.75,394.75,0.25,0.25,0.0,1
33395,6,4.221428571428572,432.0,454.3333333333333,4.166666666666667,1.3333333333333333,0.0,1
33406,12,3.144993201243201,459.25,539.4166666666666,2.75,3.0,0.0,1
33416,5,1.9441414141414144,386.8,381.4,1.8,4.8,0.0,1
33421,6,5.625,654.8333333333334,622.5,0.1666666666666666,1.8333333333333333,0.0,1
33434,6,1.31741452991453,364.1666666666667,415.6666666666667,1.8333333333333333,11.0,0.0,1
33441,7,3.003968253968254,627.1428571428571,584.0,2.2857142857142856,2.2857142857142856,0.0,1
33445,5,2.249090909090909,364.0,371.6,4.6,6.8,0.0,1
33451,15,4.00053724053724,380.8666666666667,426.4,2.6,6.4,0.0,1
33460,8,3.332638888888889,458.125,478.625,1.625,5.0,0.0,1
33462,8,3.477430555555556,433.375,484.375,0.0,0.0,0.0,1
33463,8,4.149702380952381,516.875,457.75,0.125,2.5,0.0,1
33464,8,3.93489010989011,418.0,445.75,1.0,7.875,0.0,1
33466,5,2.022222222222222,447.0,510.8,1.0,3.6,0.0,1
33469,7,2.336904761904762,398.1428571428572,425.2857142857143,2.142857142857143,1.4285714285714286,0.0,1
33470,5,3.333549783549784,504.0,584.6,0.4,2.0,0.0,1
33472,6,2.6489478114478118,344.5,392.5,1.3333333333333333,5.0,0.0,1
33475,5,3.96,375.0,385.2,1.2,5.4,0.0,1
33485,5,3.0964646464646464,406.0,389.4,2.6,4.0,0.0,1
33491,6,6.505555555555556,513.0,526.6666666666666,0.3333333333333333,1.0,0.0,1
33492,6,3.0722222222222224,390.3333333333333,388.3333333333333,0.5,0.6666666666666666,0.0,1
33495,5,1.7466541353383458,338.8,382.4,1.6,0.4,0.0,1
33507,9,2.211111111111111,415.6666666666667,452.77777777777777,0.5555555555555556,4.444444444444445,0.0,1
33508,9,3.6259259259259258,364.8888888888889,375.77777777777777,0.1111111111111111,1.0,0.0,1
33511,14,3.086760461760462,319.5,312.2857142857143,1.3571428571428572,2.571428571428572,0.0,1
33512,14,4.019047619047619,595.3571428571429,566.1428571428571,3.5,2.2857142857142856,0.0,1
33514,8,3.129387626262626,458.75,504.0,2.0,4.0,0.0,1
33515,9,4.785449735449735,419.8888888888889,477.1111111111111,1.2222222222222223,4.444444444444445,0.0,1
33523,13,2.208305583305584,427.6923076923077,430.38461538461536,0.9230769230769232,5.230769230769231,0.0,1
33534,6,2.437698412698413,493.1666666666667,529.1666666666666,0.3333333333333333,3.333333333333333,0.0,1
33538,7,1.9526901669758807,485.7142857142857,476.8571428571428,0.1428571428571428,2.0,0.0,1
33539,5,2.423321123321123,488.8,512.2,4.8,1.4,0.0,1
33540,6,3.1508597883597886,466.5,494.8333333333333,4.0,8.666666666666666,0.1666666666666666,0
33563,6,3.12979797979798,498.8333333333333,510.6666666666667,2.6666666666666665,4.333333333333333,0.0,1
33564,8,2.8737373737373737,384.25,386.0,3.5,6.0,0.0,1
33567,5,2.954285714285714,423.4,416.4,2.8,7.6,0.0,1
33569,5,2.534965034965035,453.0,439.0,0.6,4.0,0.0,1
33579,5,1.7804761904761903,290.4,339.8,0.8,5.4,0.2,0
33580,8,6.719058025308025,475.25,558.125,0.125,0.875,0.0,1
33581,6,3.0977332852332853,479.0,508.6666666666667,2.333333333333333,3.5,0.0,1
33594,10,2.7755244755244752,483.5,503.4,0.2,0.4,0.0,1
33603,11,3.9401515151515154,392.8181818181818,365.8181818181818,3.090909090909091,8.181818181818182,0.0909090909090909,0
33605,5,1.0853174603174602,355.8,315.0,0.6,1.6,0.0,1
33615,24,2.57559092041,466.1666666666667,516.2916666666666,0.7083333333333334,2.083333333333333,0.0833333333333333,0
33618,5,2.138888888888889,411.6,448.4,0.0,0.0,0.0,1
33620,10,2.9703535353535355,474.6,516.0,1.0,1.4,0.0,1
33621,5,2.273333333333333,458.0,518.4,0.6,4.0,0.0,1
33622,7,6.565476190476191,699.1428571428571,705.2857142857143,6.0,6.0,0.0,1
33623,7,2.9007326007326006,367.4285714285714,407.4285714285714,1.5714285714285714,2.571428571428572,0.0,1
33628,6,2.6743386243386245,542.8333333333334,597.1666666666666,2.5,4.0,0.0,1
33630,9,1.8694694194694197,380.55555555555554,422.6666666666667,0.7777777777777778,6.666666666666667,0.0,1
33636,6,2.6898989898989902,488.5,501.5,7.166666666666667,4.666666666666667,0.0,1
33644,8,2.346020299145299,409.875,424.5,4.0,2.0,0.125,0
33651,15,2.4785714285714286,327.6666666666667,368.1333333333333,0.4,2.6666666666666665,0.0,1
33652,15,3.153519813519813,406.06666666666666,404.1333333333333,0.4,0.8,0.0,1
33653,5,2.74,355.6,480.6,0.6,3.6,0.0,1
33654,5,2.210714285714286,687.2,490.4,0.2,0.8,0.0,1
33655,5,2.3167676767676766,387.8,436.2,0.2,0.4,0.0,1
33662,5,1.7085714285714286,314.2,329.6,0.0,0.0,0.0,1
33691,6,7.916269841269841,532.1666666666666,575.0,4.166666666666667,5.0,0.3333333333333333,0
33693,7,2.602380952380952,426.2857142857143,528.1428571428571,0.0,0.0,0.0,1
33694,8,2.679017857142857,441.375,470.125,0.0,0.0,0.0,1
33695,6,3.7870370370370368,431.0,519.5,0.0,0.0,0.1666666666666666,0
33701,5,4.107532467532468,478.6,484.8,3.4,2.4,0.0,1
33705,12,3.825048331298331,349.4166666666667,412.3333333333333,1.9166666666666667,2.083333333333333,0.0,1
33709,5,6.154285714285715,553.4,633.2,0.0,0.0,0.0,1
33710,8,5.776041666666666,477.0,530.125,0.625,3.375,0.0,1
33714,10,1.8401727357609712,427.6,462.2,11.2,6.6,0.0,1
33716,11,2.5053030303030304,401.09090909090907,421.09090909090907,1.0909090909090908,1.9090909090909087,0.0,1
33719,5,1.7204662004662006,484.4,479.4,1.4,1.2,0.0,1
33721,6,7.4884259259259265,445.1666666666667,416.8333333333333,6.333333333333333,2.833333333333333,0.0,1
33722,6,10.983333333333334,533.0,544.3333333333334,1.5,11.5,0.0,1
33724,8,5.554563492063492,526.0,528.125,0.125,0.875,0.0,1
33729,19,2.4343933843933847,422.2631578947368,476.42105263157896,4.315789473684211,8.105263157894736,0.0526315789473684,0
33733,13,3.401617826617827,433.9230769230769,412.1538461538461,0.6923076923076923,1.3846153846153846,0.0769230769230769,0
33734,6,1.9754985754985752,411.3333333333333,436.8333333333333,1.6666666666666667,3.6666666666666665,0.0,1
33753,5,3.006666666666667,463.4,438.4,0.0,0.0,0.0,1
33762,17,4.215588659706306,567.0,551.0,0.4705882352941176,1.6470588235294117,0.0,1
33764,11,3.994949494949495,340.27272727272725,340.27272727272725,0.7272727272727273,2.1818181818181817,0.0,1
33769,37,3.4351198351198358,579.7837837837837,579.1351351351351,4.72972972972973,10.0,0.027027027027027,0
33782,5,2.951766917293233,445.2,461.2,10.0,4.2,0.0,1
33783,5,4.958333333333333,480.2,579.4,1.8,9.0,0.0,1
33803,6,2.851902726902727,401.1666666666667,472.8333333333333,1.3333333333333333,3.0,0.0,1
33808,5,2.24,420.8,447.8,3.8,5.6,0.0,1
33813,5,1.98770202020202,404.2,441.8,4.4,12.8,0.0,1
33817,7,2.201839826839827,403.8571428571428,391.8571428571428,0.5714285714285714,0.7142857142857143,0.0,1
33821,9,3.1932030932030933,421.55555555555554,412.0,0.0,0.0,0.0,1
33822,13,5.0586904548443,562.1538461538462,569.7692307692307,1.7692307692307692,4.538461538461538,0.0,1
33823,18,2.1141558060675707,356.44444444444446,390.6666666666667,0.6111111111111112,1.1111111111111112,0.0,1
33825,5,3.83,336.4,401.2,1.0,4.0,0.0,1
33830,7,3.3323335394763967,349.7142857142857,359.0,14.428571428571429,4.0,0.0,1
33840,7,2.7005494505494503,380.57142857142856,460.2857142857143,0.7142857142857143,4.0,0.0,1
33844,9,2.1816051070437035,357.0,324.77777777777777,3.888888888888889,3.888888888888889,0.1111111111111111,0
33863,5,5.26,463.2,465.4,0.0,0.0,0.0,1
33868,14,2.4573586136086134,392.2857142857143,437.7142857142857,0.1428571428571428,0.6428571428571429,0.0,1
33885,5,1.935,434.6,468.8,0.2,3.0,0.0,1
33889,9,4.866666666666666,677.0,636.1111111111111,1.0,3.111111111111111,0.0,1
33890,5,1.3,274.0,301.2,0.2,1.6,0.0,1
33896,7,4.976814058956917,479.4285714285714,529.0,2.142857142857143,5.142857142857143,0.0,1
33897,7,3.0606357927786503,345.0,370.0,3.0,6.857142857142857,0.0,1
33899,9,3.871428571428571,357.3333333333333,407.8888888888889,0.4444444444444444,3.0,0.0,1
33900,7,2.534750566893424,292.42857142857144,325.2857142857143,2.142857142857143,3.142857142857143,0.0,1
33909,5,1.7227272727272729,303.4,362.6,4.2,1.6,0.0,1
33921,5,3.3866666666666667,482.6,509.2,0.4,2.4,0.0,1
33925,6,2.166991341991342,404.8333333333333,469.6666666666667,1.8333333333333333,4.666666666666667,0.0,1
33929,9,2.0676366843033507,375.1111111111111,413.3333333333333,0.7777777777777778,2.333333333333333,0.0,1
33935,7,3.419871794871795,418.2857142857143,473.2857142857143,0.8571428571428571,6.857142857142857,0.0,1
33942,9,2.8,509.8888888888889,553.3333333333334,0.2222222222222222,6.888888888888889,0.0,1
33944,14,2.491758241758242,360.0,383.07142857142856,1.0,1.0714285714285714,0.0,1
33960,5,1.1362121212121212,269.6,307.0,0.4,6.4,0.0,1
33969,17,1.8000104182630134,330.2352941176471,347.11764705882354,0.9411764705882352,5.764705882352941,0.0,1
33970,20,2.0738420607170607,435.8,483.6,0.85,2.0,0.0,1
33971,20,3.217224025974025,590.7,620.15,2.3,2.1,0.0,1
33972,5,1.3547008547008548,343.8,403.4,1.2,1.2,0.0,1
33974,5,2.0104761904761905,480.6,494.6,3.6,1.8,0.0,1
33975,6,1.346410533910534,285.0,293.5,0.1666666666666666,2.0,0.0,1
33984,5,4.245,357.2,399.2,1.4,5.2,0.0,1
33990,7,1.175448361162647,301.0,324.42857142857144,1.5714285714285714,1.7142857142857142,0.0,1
34013,9,1.6766418766418765,365.8888888888889,395.44444444444446,0.6666666666666666,1.3333333333333333,0.0,1
34027,6,1.8086004273504277,394.0,379.8333333333333,0.0,0.0,0.0,1
34031,6,3.3967592592592597,471.1666666666667,534.0,2.333333333333333,7.333333333333333,0.0,1
34036,16,4.072966269841269,398.3125,404.875,2.0625,3.0,0.0625,0
34048,5,2.532936507936508,349.6,424.6,0.0,0.0,0.0,1
34081,5,1.443888888888889,307.6,315.2,0.0,0.0,0.4,0
34095,8,2.889926046176046,356.125,397.375,4.375,6.75,0.0,1
34097,7,1.800494743351886,374.4285714285714,379.8571428571428,0.5714285714285714,0.4285714285714285,0.0,1
34099,5,2.4285714285714284,471.8,504.6,0.0,0.0,0.0,1
34113,8,2.7349296536796537,493.0,496.0,1.875,6.25,0.0,1
34120,6,3.163888888888889,352.3333333333333,377.8333333333333,3.1666666666666665,1.3333333333333333,0.0,1
34122,10,3.864047619047619,560.2,521.8,0.9,4.8,0.2,0
34178,5,3.304747162022704,407.0,414.8,0.0,0.0,0.0,1
34181,41,2.95485902985903,418.3658536585366,438.3414634146341,0.5365853658536586,1.4634146341463414,0.024390243902439,0
34186,17,4.612044817927171,570.4117647058823,645.8823529411765,1.1176470588235294,5.941176470588236,0.0588235294117647,0
34196,19,3.4393177421224514,393.6842105263158,445.6315789473685,1.1578947368421053,1.0526315789473684,0.1052631578947368,0
34200,28,3.267312152133581,455.2857142857143,462.75,0.8928571428571429,2.75,0.0,1
34206,5,2.333333333333333,504.4,560.8,0.2,1.8,0.0,1
34208,7,2.5110363842506698,470.8571428571428,450.0,0.5714285714285714,3.4285714285714284,0.0,1
34213,7,2.497676926248355,341.85714285714283,373.1428571428572,0.0,0.0,0.0,1
34217,8,3.3323412698412698,385.75,361.25,0.125,1.125,0.125,0
34219,6,2.418939393939394,481.5,502.5,0.8333333333333334,1.6666666666666667,0.0,1
34220,6,1.4172232995762408,326.6666666666667,329.5,0.8333333333333334,6.0,0.0,1
34229,5,2.935,403.8,425.2,1.0,11.4,0.0,1
34232,7,5.34030612244898,483.2857142857143,565.5714285714286,0.0,0.0,0.0,1
34248,6,3.366233766233766,652.8333333333334,583.5,3.0,7.833333333333333,0.0,1
34249,12,4.381613756613757,521.25,511.6666666666667,0.4166666666666667,1.75,0.0833333333333333,0
34261,11,2.557418339236521,392.1818181818182,416.1818181818182,1.0,3.272727272727273,0.0,1
34262,9,2.641534391534392,324.55555555555554,379.22222222222223,1.2222222222222223,3.333333333333333,0.0,1
34270,6,2.30925925925926,328.5,359.5,0.0,0.0,0.0,1
34271,6,4.0888888888888895,441.5,459.1666666666667,0.6666666666666666,3.1666666666666665,0.0,1
34283,5,3.601923076923077,737.4,633.2,0.2,0.4,0.0,1
34287,6,2.556374643874644,469.5,524.8333333333334,0.0,0.0,0.0,1
34288,5,3.163095238095238,492.2,426.2,0.8,1.0,0.0,1
34310,6,3.155627705627706,429.8333333333333,476.1666666666667,0.6666666666666666,2.0,0.0,1
34311,13,3.699002066309759,327.7692307692308,382.2307692307692,0.7692307692307693,3.076923076923077,0.0,1
34316,9,1.6953941120607787,297.6666666666667,298.77777777777777,2.111111111111111,8.88888888888889,0.0,1
34317,20,2.5693284738137683,359.75,382.6,2.3,6.0,0.05,0
34331,5,4.527692307692307,473.6,550.8,0.2,2.0,0.0,1
34332,7,4.319897959183673,436.7142857142857,527.0,0.0,0.0,0.0,1
34335,11,3.3850415923945336,360.1818181818182,371.09090909090907,0.6363636363636364,2.4545454545454546,0.0,1
34342,7,2.950130821559393,463.7142857142857,495.7142857142857,0.1428571428571428,3.7142857142857135,0.0,1
34343,6,1.874819624819625,480.3333333333333,475.0,0.1666666666666666,0.6666666666666666,0.0,1
34344,5,1.8714285714285717,378.4,415.6,1.6,6.4,0.2,0
34345,6,2.016125541125541,449.0,456.1666666666667,0.6666666666666666,1.3333333333333333,0.1666666666666666,0
34359,9,4.190760782427449,454.55555555555554,529.6666666666666,0.1111111111111111,0.7777777777777778,0.0,1
34360,6,2.956746031746032,404.3333333333333,424.3333333333333,0.3333333333333333,6.0,0.0,1
34361,7,4.205498866213152,419.2857142857143,447.0,0.1428571428571428,1.5714285714285714,0.0,1
34362,8,4.3203088578088575,490.75,545.25,1.375,1.0,0.0,1
34363,9,2.331778098444765,403.0,446.77777777777777,0.7777777777777778,2.4444444444444446,0.0,1
34367,5,2.01015873015873,469.0,479.0,1.6,2.2,0.0,1
34371,5,2.104329004329004,390.4,408.6,6.8,4.6,0.0,1
34376,5,1.6755555555555557,300.0,338.2,0.4,4.4,0.0,1
34391,10,3.2464502164502163,514.8,530.7,0.4,4.4,0.0,1
34394,5,3.872893772893773,398.4,464.0,2.6,5.6,0.0,1
34398,8,1.680506850175968,345.875,377.5,0.25,0.5,0.0,1
34401,9,3.072651114317781,359.44444444444446,401.22222222222223,5.111111111111111,6.111111111111111,0.0,1
34402,11,2.8831955922865014,463.45454545454544,485.6363636363636,1.2727272727272727,2.727272727272727,0.0,1
34403,7,3.162925170068028,425.1428571428572,459.7142857142857,0.0,0.0,0.0,1
34404,6,3.345238095238096,428.0,448.5,0.0,0.0,0.0,1
34405,10,2.913769841269841,370.6,435.5,0.2,0.6,0.0,1
34406,5,2.223809523809524,338.2,414.0,0.4,1.0,0.0,1
34416,8,5.773832070707071,643.5,647.75,0.125,1.25,0.0,1
34424,5,1.634090909090909,346.0,359.0,2.6,2.4,0.0,1
34425,29,2.521533396736237,432.3793103448276,461.7931034482759,1.5517241379310345,1.6551724137931034,0.0,1
34434,18,2.235022076688743,328.6111111111111,351.8888888888889,2.2222222222222223,2.5,0.0555555555555555,0
34435,17,4.40128890717126,555.3529411764706,610.4117647058823,1.411764705882353,3.941176470588236,0.0,1
34443,6,5.027777777777778,513.5,594.5,0.0,0.0,0.0,1
34444,9,1.4284484034484035,311.3333333333333,376.77777777777777,0.8888888888888888,3.0,0.0,1
34445,12,1.7675637958532695,361.3333333333333,412.0833333333333,0.8333333333333334,2.333333333333333,0.0,1
34450,5,2.2628571428571425,479.4,455.0,1.0,5.4,0.2,0
34460,8,2.0583721833721835,381.875,458.25,0.625,3.0,0.0,1
34469,15,1.9137374662374664,311.8,306.4,3.6,2.0,0.0666666666666666,0
34471,21,2.327781848436426,469.1904761904762,475.0952380952381,11.80952380952381,8.571428571428571,0.0952380952380952,0
34473,6,3.2907407407407407,489.1666666666667,523.5,4.166666666666667,2.6666666666666665,0.0,1
34474,5,1.680595238095238,295.0,307.0,1.0,4.0,0.0,1
34481,10,3.19439393939394,412.1,426.8,6.2,9.8,0.0,1
34484,5,4.42020202020202,370.2,376.2,0.8,2.2,0.2,0
34487,7,2.6214285714285714,334.2857142857143,327.57142857142856,0.5714285714285714,1.1428571428571428,0.0,1
34494,5,4.083333333333333,416.2,436.0,2.0,4.0,0.0,1
34497,6,2.1521164021164023,358.6666666666667,372.1666666666667,0.6666666666666666,3.1666666666666665,0.0,1
34498,6,2.4782407407407407,394.0,452.0,0.0,0.0,0.0,1
34499,14,2.140789147826963,411.2857142857143,397.8571428571428,0.7857142857142857,3.571428571428572,0.0,1
34501,14,2.9348237080379933,461.6428571428572,497.0,1.4285714285714286,4.285714285714286,0.0,1
34508,9,2.188293650793651,423.0,431.0,0.0,0.0,0.0,1
34509,9,1.4776996395417448,257.3333333333333,288.3333333333333,0.0,0.0,0.0,1
34510,9,2.25993265993266,373.8888888888889,430.22222222222223,0.0,0.0,0.1111111111111111,0
34511,6,1.6988539238539238,410.6666666666667,431.8333333333333,0.0,0.0,0.0,1
34527,8,1.6298160173160174,328.375,399.75,0.0,0.0,0.0,1
34528,6,2.307187257187257,348.1666666666667,405.0,0.5,0.8333333333333334,0.0,1
34534,5,3.0454545454545454,467.4,551.8,0.0,0.0,0.0,1
34543,20,3.644007016375437,439.05,505.55,0.15,1.3,0.0,1
34549,5,2.1343101343101347,388.8,431.8,1.6,8.4,0.0,1
34558,7,3.985188620902907,488.2857142857143,549.2857142857143,1.1428571428571428,4.285714285714286,0.1428571428571428,0
34559,7,2.21468253968254,318.57142857142856,386.7142857142857,2.4285714285714284,4.285714285714286,0.0,1
34562,20,3.612632204396911,458.55,515.5,1.8,5.7,0.05,0
34564,5,2.752307692307692,473.8,502.0,1.2,6.4,0.0,1
34565,5,2.542857142857143,354.6,376.8,3.6,1.6,0.0,1
34574,10,3.1011507936507936,382.3,410.9,0.5,1.0,0.0,1
34583,6,1.500125313283208,331.5,383.3333333333333,0.5,1.6666666666666667,0.0,1
34600,5,3.9041991341991342,524.2,524.4,5.4,3.0,0.0,1
34608,6,3.5462962962962963,489.6666666666667,562.6666666666666,1.5,8.666666666666666,0.0,1
34610,5,5.787692307692308,548.4,599.8,0.2,0.8,0.0,1
34616,5,2.7711111111111117,523.4,524.2,0.0,0.0,0.0,1
34618,7,3.519542362399505,481.0,510.0,1.5714285714285714,7.714285714285714,0.0,1
34619,6,1.7773448773448772,255.66666666666663,264.1666666666667,2.5,5.333333333333333,0.0,1
34622,7,2.2074417645846216,435.2857142857143,453.0,0.7142857142857143,2.571428571428572,0.1428571428571428,0
34635,7,3.350027703389048,388.0,381.2857142857143,0.5714285714285714,1.7142857142857142,0.0,1
34637,25,2.6735241425241423,430.8,443.6,0.88,3.92,0.0,1
34640,9,2.28018278018278,452.8888888888889,460.22222222222223,7.0,3.333333333333333,0.0,1
34641,17,4.5702317290552585,540.2352941176471,535.1764705882352,1.8235294117647056,2.647058823529412,0.0588235294117647,0
34642,6,6.261111111111112,457.6666666666667,495.0,1.3333333333333333,2.6666666666666665,0.0,1
34647,11,1.8654953499451103,326.8181818181818,357.27272727272725,0.1818181818181818,0.5454545454545454,0.0,1
34648,8,1.6131448412698413,512.0,514.375,0.875,3.375,0.0,1
34655,6,5.062703962703963,419.6666666666667,461.1666666666667,0.1666666666666666,0.8333333333333334,0.0,1
34656,5,4.25,514.4,469.2,1.8,6.8,0.0,1
34657,5,3.46,484.4,514.4,0.0,0.0,0.0,1
34667,8,6.02093253968254,606.5,653.375,5.75,4.0,0.0,1
34668,9,4.635185185185185,407.0,457.8888888888889,1.5555555555555556,8.0,0.0,1
34669,11,2.839702216974944,378.0,439.6363636363636,0.2727272727272727,2.1818181818181817,0.0,1
34670,13,2.1038304644073875,326.7692307692308,380.1538461538461,0.0769230769230769,0.6923076923076923,0.0,1
34681,6,4.994107744107744,333.6666666666667,364.0,0.6666666666666666,3.6666666666666665,0.0,1
34685,9,2.279567781528566,408.6666666666667,429.44444444444446,1.2222222222222223,5.333333333333333,0.0,1
34690,9,2.102340252340253,426.77777777777777,458.55555555555554,0.3333333333333333,1.5555555555555556,0.0,1
34691,9,3.232543690877024,444.6666666666667,512.2222222222222,0.0,0.0,0.0,1
34692,9,1.841093474426808,274.8888888888889,324.77777777777777,0.7777777777777778,5.666666666666667,0.0,1
34702,7,2.5518315018315016,346.0,419.2857142857143,0.1428571428571428,1.0,0.0,1
34717,19,2.828230833493991,536.3684210526316,555.578947368421,2.6842105263157894,9.263157894736842,0.0,1
34721,13,4.508406977637747,449.5384615384616,476.5384615384616,1.5384615384615383,1.8461538461538465,0.0769230769230769,0
34722,6,2.790598290598291,437.3333333333333,518.5,1.3333333333333333,2.1666666666666665,0.0,1
34731,5,1.259734383263795,307.8,343.0,2.4,12.6,0.2,0
34735,9,4.087742504409171,503.0,554.8888888888889,2.888888888888889,1.6666666666666667,0.0,1
34753,10,3.725555555555556,541.6,546.3,0.4,0.8,0.0,1
34758,8,3.1948051948051948,443.0,473.125,0.625,3.0,0.0,1
34759,6,2.1287037037037035,323.5,375.3333333333333,0.0,0.0,0.0,1
34763,20,2.419485930735931,459.75,518.9,1.2,1.65,0.0,1
34766,6,2.048911273911274,395.5,387.8333333333333,0.1666666666666666,5.166666666666667,0.0,1
34772,5,2.9916666666666663,510.6,548.4,0.8,4.8,0.0,1
34774,8,3.496577380952381,464.375,533.75,0.5,1.625,0.0,1
34783,5,1.9104761904761904,368.6,370.2,0.8,2.0,0.2,0
34784,11,2.8808080808080807,390.27272727272725,385.09090909090907,0.6363636363636364,1.0909090909090908,0.0,1
34785,7,2.28968253968254,411.2857142857143,482.8571428571428,0.8571428571428571,4.0,0.0,1
34793,10,2.6292857142857144,512.8,523.4,0.1,1.2,0.0,1
34796,6,2.2698232323232324,436.8333333333333,463.5,2.0,1.5,0.0,1
34806,6,2.565145502645503,464.8333333333333,517.5,1.1666666666666667,0.6666666666666666,0.0,1
34813,6,2.9412393162393164,324.5,359.1666666666667,1.1666666666666667,1.3333333333333333,0.0,1
34826,6,3.594444444444445,541.8333333333334,522.3333333333334,1.8333333333333333,3.1666666666666665,0.0,1
34833,5,2.836666666666667,354.6,382.4,0.2,3.6,0.0,1
34835,5,2.386025641025641,447.8,472.0,1.2,0.4,0.2,0
34838,5,4.115079365079366,373.2,402.8,5.4,4.8,0.0,1
34870,5,2.804292929292929,450.2,516.0,2.4,1.8,0.0,1
34874,9,3.9957172457172456,521.0,517.0,3.6666666666666665,2.6666666666666665,0.0,1
34881,14,5.246764842300557,624.5714285714286,656.6428571428571,3.357142857142857,5.571428571428571,0.0,1
34885,5,1.6455555555555557,297.0,291.2,1.4,4.8,0.0,1
34886,6,3.905555555555555,550.6666666666666,555.5,4.166666666666667,10.0,0.0,1
34893,16,5.077827380952381,441.5,536.375,1.4375,3.9375,0.0625,0
34894,22,4.690438475665748,477.6363636363636,551.5,1.7727272727272727,3.1818181818181817,0.0,1
34906,6,2.477110389610389,386.0,389.0,0.6666666666666666,4.0,0.0,1
34908,5,5.154285714285715,460.4,489.6,1.2,2.0,0.0,1
34911,6,3.820965608465608,480.3333333333333,503.6666666666667,0.5,2.6666666666666665,0.0,1
34924,17,2.2105153016917725,390.8235294117647,444.1764705882353,1.1764705882352942,7.0,0.0,1
34938,5,3.8876190476190473,631.8,644.6,2.4,5.4,0.0,1
34943,9,3.1896745230078563,524.1111111111111,566.4444444444445,1.0,3.7777777777777777,0.0,1
34946,7,3.642857142857143,383.0,410.0,0.8571428571428571,1.7142857142857142,0.0,1
34947,5,4.354761904761905,318.0,357.8,1.0,2.0,0.0,1
34958,5,2.8343589743589748,449.4,464.2,1.2,3.2,0.0,1
34961,6,1.9166666666666667,420.0,387.5,1.3333333333333333,3.5,0.0,1
34965,5,1.9071428571428573,350.8,411.6,5.6,4.8,0.0,1
34971,5,2.677619047619048,404.6,386.0,0.2,2.0,0.0,1
34973,7,2.293764172335601,438.0,451.4285714285714,0.0,0.0,0.0,1
34985,6,2.6418771043771043,454.5,442.6666666666667,0.0,0.0,0.0,1
34989,5,2.765079365079365,355.8,433.6,3.0,4.6,0.0,1
34990,13,2.6356684981684984,428.3076923076923,335.2307692307692,0.9230769230769232,3.615384615384616,0.0,1
35002,5,3.307619047619048,463.8,533.8,0.0,0.0,0.0,1
35017,7,2.797547440028643,310.42857142857144,341.57142857142856,0.4285714285714285,2.2857142857142856,0.0,1
35020,8,3.57718253968254,509.0,559.0,0.125,1.5,0.0,1
35030,5,5.575,473.4,577.6,0.4,3.2,0.0,1
35036,16,2.3339868464868463,361.3125,412.0,3.0625,9.0,0.0,1
35044,6,1.96984126984127,316.1666666666667,302.0,0.3333333333333333,2.333333333333333,0.0,1
35048,7,1.0729978354978356,354.7142857142857,392.7142857142857,6.714285714285714,9.428571428571429,0.1428571428571428,0
35053,6,1.3557692307692308,333.1666666666667,351.1666666666667,0.5,4.666666666666667,0.0,1
35075,22,2.033384166338712,469.04545454545456,482.77272727272725,0.5454545454545454,1.2727272727272727,0.1363636363636363,0
35076,8,2.551442307692308,419.5,403.375,3.625,1.5,0.0,1
35078,7,3.289377289377289,498.7142857142857,506.7142857142857,5.428571428571429,4.714285714285714,0.0,1
35087,6,4.9282407407407405,554.8333333333334,529.6666666666666,0.5,1.6666666666666667,0.0,1
35089,5,2.719841269841269,460.8,504.4,0.0,0.0,0.0,1
35095,6,1.8311387686387688,388.5,387.8333333333333,2.6666666666666665,7.166666666666667,0.0,1
35103,29,3.0921641801966344,503.13793103448273,540.7931034482758,1.0,2.896551724137931,0.0344827586206896,0
35105,6,3.65981240981241,359.6666666666667,390.3333333333333,0.0,0.0,0.0,1
35106,7,2.4904761904761905,360.4285714285714,396.7142857142857,0.0,0.0,0.0,1
35113,7,3.671768707482993,375.7142857142857,410.7142857142857,0.7142857142857143,2.571428571428572,0.0,1
35115,5,1.6307692307692307,408.0,417.6,4.2,2.8,0.0,1
35121,6,3.57332251082251,435.1666666666667,498.3333333333333,2.833333333333333,12.5,0.0,1
35122,5,2.0525252525252524,378.8,375.4,2.4,3.6,0.0,1
35123,7,3.3781179138322,479.2857142857143,531.0,0.5714285714285714,4.285714285714286,0.0,1
35144,5,6.1939682539682535,534.2,606.0,9.0,5.6,0.2,0
35152,14,2.309271284271284,349.92857142857144,391.07142857142856,3.2142857142857144,2.142857142857143,0.0,1
35156,9,7.064814814814815,629.0,604.6666666666666,1.2222222222222223,1.7777777777777777,0.0,1
35162,5,5.227777777777778,522.2,464.4,1.6,3.6,0.2,0
35163,8,4.154166666666667,397.125,406.5,0.5,2.0,0.0,1
35166,5,4.367857142857143,601.4,614.4,0.8,2.8,0.0,1
35168,10,3.5218939393939395,531.8,535.8,4.0,6.6,0.0,1
35169,10,4.141689144189144,418.5,440.0,0.6,2.7,0.0,1
35179,6,2.229322066822067,320.6666666666667,333.3333333333333,0.1666666666666666,1.5,0.0,1
35182,5,3.6661904761904767,364.2,298.8,0.0,0.0,0.0,1
35195,5,3.668333333333334,474.8,502.6,0.6,1.0,0.0,1
35204,8,1.815421037296037,279.0,316.875,9.0,5.625,0.0,1
35205,5,1.6088888888888888,543.0,580.6,0.0,0.0,0.0,1
35210,50,2.143554644186223,438.82,478.46,1.68,1.4,0.04,0
35213,17,1.481450064383501,422.05882352941177,439.4705882352941,1.7647058823529411,8.117647058823529,0.0,1
35229,11,1.8611132554314371,291.3636363636364,311.8181818181818,0.5454545454545454,1.6363636363636365,0.0,1
35244,6,2.861291486291486,459.6666666666667,493.1666666666667,1.8333333333333333,7.5,0.0,1
35245,5,9.951666666666664,586.8,584.6,0.0,0.0,0.0,1
35264,5,4.142307692307693,340.2,380.8,1.0,3.2,0.0,1
35276,5,2.015,298.2,337.2,1.6,2.8,0.0,1
35278,6,2.823358585858585,407.3333333333333,475.6666666666667,7.166666666666667,1.3333333333333333,0.0,1
35285,5,5.978095238095238,541.8,574.4,5.0,6.6,0.0,1
35293,8,2.868269230769231,408.125,392.25,0.25,1.0,0.0,1
35294,8,4.566666666666666,524.375,515.0,0.625,3.0,0.0,1
35295,7,4.348015873015873,489.7142857142857,517.4285714285714,0.1428571428571428,0.8571428571428571,0.0,1
35300,6,2.635912698412698,529.1666666666666,427.1666666666667,0.3333333333333333,2.6666666666666665,0.0,1
35305,12,4.393178811928812,385.75,426.4166666666667,0.1666666666666666,2.6666666666666665,0.0,1
35306,7,2.958503401360544,427.2857142857143,512.8571428571429,0.1428571428571428,1.8571428571428568,0.0,1
35318,7,3.139224664224664,452.1428571428572,548.2857142857143,2.4285714285714284,0.8571428571428571,0.0,1
35321,8,2.450793650793651,384.125,409.75,3.75,7.5,0.0,1
35332,12,1.4614267676767678,338.1666666666667,390.1666666666667,0.3333333333333333,0.6666666666666666,0.0,1
35334,5,1.8096969696969696,417.4,442.6,0.2,4.4,0.0,1
35335,15,2.2804195804195806,372.6,427.6666666666667,0.4666666666666667,1.6,0.0,1
35348,12,3.673187229437229,350.25,444.3333333333333,1.0833333333333333,1.25,0.0,1
35368,5,2.8203463203463204,367.0,421.8,1.8,12.6,0.0,1
35391,14,3.26088851624566,426.07142857142856,483.1428571428572,4.714285714285714,5.142857142857143,0.0,1
35397,5,4.503076923076923,352.4,445.4,0.2,5.4,0.0,1
35407,7,2.9789115646258506,545.4285714285714,568.1428571428571,0.8571428571428571,1.7142857142857142,0.0,1
35410,6,4.763655462184874,467.8333333333333,479.8333333333333,0.0,0.0,0.0,1
35414,5,5.395021645021645,548.2,522.4,3.8,3.2,0.0,1
35422,8,2.355848665223665,463.125,555.75,0.875,2.625,0.0,1
35440,6,3.2805555555555554,690.0,587.8333333333334,0.0,0.0,0.0,1
35441,6,5.502136752136752,342.5,362.5,1.0,2.6666666666666665,0.0,1
35447,7,4.263760049474335,362.4285714285714,364.2857142857143,0.0,0.0,0.0,1
35449,6,2.7972222222222225,417.1666666666667,426.0,0.5,0.5,0.0,1
35452,28,1.753342060508414,404.3928571428572,429.6785714285714,0.2857142857142857,1.0714285714285714,0.1071428571428571,0
35454,6,1.798478835978836,355.1666666666667,387.1666666666667,2.5,5.0,0.0,1
35470,5,1.827380952380952,492.4,503.6,0.2,1.4,0.0,1
35477,13,2.528902934672165,447.2307692307692,466.9230769230769,3.5384615384615383,10.384615384615383,0.0,1
35480,8,4.167628205128205,419.125,474.75,1.0,3.0,0.0,1
35489,7,3.241950113378685,410.57142857142856,466.4285714285714,1.2857142857142858,4.0,0.0,1
35524,10,2.2178571428571425,466.3,486.0,0.1,0.9,0.0,1
35526,5,1.277983193277311,293.6,308.8,0.4,3.0,0.0,1
35527,6,1.901851851851852,339.6666666666667,372.3333333333333,0.3333333333333333,3.6666666666666665,0.0,1
35530,8,1.8233089826839828,429.375,457.875,0.0,0.0,0.0,1
35532,6,3.015873015873016,523.0,499.3333333333333,0.1666666666666666,0.6666666666666666,0.0,1
35533,5,4.173214285714286,667.8,611.4,16.2,5.4,0.0,1
35541,8,3.7978901580875264,413.75,490.5,2.625,2.75,0.0,1
35543,8,2.964978812037636,405.75,451.25,0.25,1.0,0.0,1
35544,6,4.621807359307359,564.8333333333334,577.1666666666666,4.833333333333333,4.166666666666667,0.0,1
35545,7,1.8701377987092271,303.0,326.42857142857144,1.8571428571428568,3.571428571428572,0.0,1
35550,6,3.377513227513228,505.3333333333333,583.3333333333334,2.1666666666666665,2.333333333333333,0.0,1
35552,6,3.780555555555555,518.0,484.0,1.1666666666666667,7.5,0.0,1
35555,5,2.5841269841269843,477.2,566.8,0.6,1.2,0.0,1
35575,5,1.3699494949494948,404.2,420.6,0.0,0.0,0.4,0
35579,8,2.983459249084249,420.875,461.0,0.375,1.125,0.0,1
35580,11,3.787176964449692,399.0,398.3636363636364,0.7272727272727273,0.3636363636363636,0.0,1
35590,5,4.553080808080808,446.8,407.0,1.8,4.4,0.2,0
35596,7,2.258725798011512,313.42857142857144,374.57142857142856,0.4285714285714285,4.285714285714286,0.0,1
35603,5,5.601038961038961,513.8,538.2,2.4,12.0,0.0,1
35612,6,1.85016835016835,340.8333333333333,378.6666666666667,0.3333333333333333,2.333333333333333,0.0,1
35624,7,1.6486633249791145,332.1428571428572,417.1428571428572,0.4285714285714285,1.4285714285714286,0.0,1
35631,8,1.7874007936507936,471.5,487.625,1.125,8.125,0.125,0
35638,11,3.6562301335028606,472.27272727272725,484.6363636363636,1.0909090909090908,4.0,0.0,1
35639,11,3.2534107306834583,375.45454545454544,392.09090909090907,0.0909090909090909,0.9090909090909092,0.0,1
35640,5,2.2216783216783216,420.6,426.2,1.2,2.0,0.0,1
35643,15,2.402958152958153,310.3333333333333,344.06666666666666,2.533333333333333,7.466666666666667,0.0666666666666666,0
35649,9,1.5054713804713804,394.22222222222223,415.44444444444446,4.222222222222222,4.666666666666667,0.0,1
35656,16,4.295833333333333,459.5625,524.25,3.5625,4.5,0.0,1
35676,5,4.566666666666667,576.8,618.8,0.4,0.8,0.0,1
35681,11,2.5763050081231897,400.7272727272728,424.7272727272728,3.0,1.818181818181818,0.0,1
35682,12,2.089442501942502,356.5833333333333,387.1666666666667,0.3333333333333333,2.0,0.0,1
35687,9,4.290740740740741,551.6666666666666,559.0,4.111111111111111,5.777777777777778,0.1111111111111111,0
35690,15,2.779397476162182,402.6666666666667,423.4,1.7333333333333334,0.6,0.0,1
35706,5,4.608888888888889,461.4,472.4,1.2,6.0,0.0,1
35707,6,4.854166666666667,436.0,402.3333333333333,0.6666666666666666,4.666666666666667,0.0,1
35719,5,4.934632034632035,390.6,360.6,0.0,0.0,0.0,1
35720,11,2.47027417027417,432.54545454545456,431.3636363636364,0.1818181818181818,0.2727272727272727,0.0,1
35726,11,3.145998445998446,298.09090909090907,353.27272727272725,0.5454545454545454,2.1818181818181817,0.0,1
35727,13,2.573911759432121,334.0,369.6923076923077,0.6923076923076923,3.692307692307693,0.0,1
35728,14,4.743248814677386,425.3571428571428,471.5,2.5,6.285714285714286,0.0,1
35729,19,3.2864832535885165,358.2105263157895,401.6315789473685,1.368421052631579,4.105263157894737,0.0,1
35758,32,3.913215603840604,419.625,451.8125,0.3125,0.46875,0.0625,0
35769,6,4.825396825396825,675.6666666666666,585.0,0.3333333333333333,0.6666666666666666,0.0,1
35770,21,3.2949563663849384,430.0,483.4285714285714,0.1904761904761904,1.1428571428571428,0.0,1
35772,11,2.124025974025974,380.6363636363636,426.7272727272728,1.4545454545454546,2.1818181818181817,0.0,1
35773,9,2.99155174890469,346.6666666666667,365.22222222222223,0.1111111111111111,0.5555555555555556,0.0,1
35786,9,5.775925925925926,505.8888888888889,551.6666666666666,2.0,2.2222222222222223,0.0,1
35790,13,3.786350822380234,502.7692307692308,600.6923076923077,3.076923076923077,7.3076923076923075,0.0,1
35799,11,2.005661005661006,458.45454545454544,480.45454545454544,0.3636363636363636,2.0,0.0,1
35814,7,1.8014069264069263,433.7142857142857,410.4285714285714,3.0,3.4285714285714284,0.0,1
35815,6,2.020238095238095,457.8333333333333,464.0,1.1666666666666667,1.3333333333333333,0.0,1
35818,7,2.442821067821068,353.1428571428572,329.42857142857144,0.1428571428571428,0.7142857142857143,0.0,1
35828,5,1.587202797202797,364.6,413.0,0.0,0.0,0.0,1
35835,5,4.170995670995671,505.4,626.8,0.6,2.2,0.0,1
35842,6,2.3244107744107745,325.5,333.0,0.3333333333333333,2.333333333333333,0.0,1
35853,19,2.653345923082765,450.6315789473685,528.6315789473684,3.684210526315789,8.105263157894736,0.0,1
35856,7,3.099555206698064,518.4285714285714,549.0,0.0,0.0,0.0,1
35860,7,2.8029761904761905,459.57142857142856,525.1428571428571,0.7142857142857143,0.8571428571428571,0.1428571428571428,0
35862,11,4.254112554112554,581.6363636363636,538.4545454545455,1.2727272727272727,2.5454545454545454,0.0,1
35863,18,5.762993487993487,505.1666666666667,535.3888888888889,2.111111111111111,2.5,0.0,1
35865,8,3.4529761904761904,377.625,434.875,0.125,0.875,0.0,1
35868,5,2.112380952380952,427.2,429.8,1.4,1.4,0.0,1
35869,9,1.536175244508578,329.3333333333333,355.8888888888889,0.2222222222222222,1.1111111111111112,0.0,1
35873,13,6.961979686979688,486.5384615384616,538.1538461538462,1.6153846153846154,5.076923076923077,0.0,1
35875,6,2.28015873015873,412.3333333333333,455.6666666666667,2.1666666666666665,3.5,0.0,1
35876,11,3.045100354191263,436.0,486.3636363636364,1.5454545454545454,4.2727272727272725,0.0,1
35877,11,3.1818181818181817,293.8181818181818,300.0,2.272727272727273,9.818181818181818,0.0,1
35935,8,3.2075892857142856,423.5,434.625,2.375,6.25,0.0,1
35936,17,2.8290794989324404,308.29411764705884,327.52941176470586,0.3529411764705882,1.7647058823529411,0.1764705882352941,0
35949,13,3.5189510715528813,319.46153846153845,375.84615384615387,0.6153846153846154,2.769230769230769,0.0769230769230769,0
35950,5,2.980555555555556,363.2,405.2,2.0,3.6,0.0,1
35958,10,2.6590476190476187,479.6,529.2,1.8,2.8,0.0,1
35963,5,3.791666666666667,446.4,406.4,0.4,1.2,0.0,1
35965,7,1.7047619047619047,399.0,350.0,1.4285714285714286,2.2857142857142856,0.0,1
35975,6,1.7833333333333332,347.8333333333333,417.0,2.1666666666666665,3.333333333333333,0.0,1
35991,8,2.08161525974026,348.125,395.25,0.25,2.75,0.0,1
35992,6,3.5808982683982684,457.5,508.1666666666667,0.5,2.6666666666666665,0.0,1
35993,7,3.04875283446712,631.4285714285714,607.4285714285714,0.2857142857142857,3.2857142857142856,0.0,1
35996,8,5.508149509803921,503.625,539.5,1.0,2.0,0.0,1
35997,5,4.787301587301587,484.2,518.6,2.2,13.8,0.0,1
36005,9,4.114801248134581,555.8888888888889,603.0,3.0,0.6666666666666666,0.0,1
36013,8,2.976258116883117,353.125,375.5,0.125,0.625,0.0,1
36016,10,1.7599188311688312,371.5,398.7,1.8,6.2,0.0,1
36020,5,2.609126984126984,397.8,424.0,3.2,3.6,0.0,1
36026,11,3.5128724810542997,423.54545454545456,429.1818181818182,1.2727272727272727,1.4545454545454546,0.0909090909090909,0
36031,15,2.126640211640212,356.26666666666665,407.6666666666667,0.7333333333333333,4.8,0.0666666666666666,0
36037,6,2.3357323232323237,432.3333333333333,477.6666666666667,3.8333333333333335,5.5,0.1666666666666666,0
36050,12,4.536309523809524,384.0833333333333,420.5833333333333,0.25,0.6666666666666666,0.0,1
36055,6,3.892361111111111,406.0,386.6666666666667,0.1666666666666666,0.8333333333333334,0.0,1
36059,6,4.89009139009139,582.8333333333334,552.6666666666666,0.0,0.0,0.0,1
36064,13,3.0071678321678323,471.1538461538461,471.9230769230769,1.0,1.9230769230769231,0.0,1
36068,6,2.955357142857143,396.0,403.1666666666667,3.8333333333333335,2.6666666666666665,0.0,1
36082,6,1.0802253302253302,357.0,418.6666666666667,0.0,0.0,0.0,1
36092,7,1.3191094619666048,252.7142857142857,273.2857142857143,0.1428571428571428,2.2857142857142856,0.0,1
36097,6,1.6642255892255893,526.1666666666666,533.0,2.5,6.666666666666667,0.0,1
36100,5,2.21,378.0,447.6,0.2,4.6,0.2,0
36106,5,2.177478991596639,367.6,367.6,0.8,4.8,0.0,1
36108,7,2.5549950049950048,417.8571428571428,473.2857142857143,0.8571428571428571,4.285714285714286,0.0,1
36119,25,4.596503163503163,411.76,450.8,0.08,1.2,0.0,1
36143,5,5.612307692307692,521.8,524.6,0.2,2.8,0.0,1
36152,5,2.1554761904761905,378.0,392.2,2.2,1.6,0.0,1
36170,5,4.084848484848484,561.0,622.0,0.0,0.0,0.0,1
36172,8,2.671141705516705,476.125,523.25,0.375,0.5,0.0,1
36184,8,1.722636217948718,316.125,339.125,2.375,6.0,0.0,1
36198,7,2.474716553287982,459.4285714285714,517.1428571428571,3.7142857142857135,1.4285714285714286,0.0,1
36200,7,1.9741135848278704,410.4285714285714,458.57142857142856,0.4285714285714285,4.0,0.0,1
36201,5,1.8825174825174824,400.4,391.4,0.0,0.0,0.0,1
36203,5,1.7638111888111887,331.4,367.8,0.2,1.6,0.0,1
36204,8,4.002380952380952,605.625,622.25,0.0,0.0,0.0,1
36205,6,3.66024531024531,320.5,376.0,3.0,5.166666666666667,0.0,1
36207,10,3.250714285714286,526.3,570.7,0.9,7.5,0.0,1
36229,8,1.917559523809524,338.0,446.875,0.5,1.375,0.125,0
36232,6,2.212529137529138,361.0,386.5,0.0,0.0,0.0,1
36249,5,1.5334798534798535,321.2,273.2,0.8,4.4,0.0,1
36250,8,4.113888888888889,606.625,541.75,1.875,3.75,0.0,1
36251,10,2.7152777777777777,298.4,293.7,0.3,0.8,0.0,1
36254,9,7.095502645502645,647.4444444444445,672.0,1.1111111111111112,6.666666666666667,0.0,1
36255,9,4.8828282828282825,586.1111111111111,635.2222222222222,0.3333333333333333,0.8888888888888888,0.0,1
36256,6,2.203240740740741,347.0,395.1666666666667,0.0,0.0,0.0,1
36257,5,3.099047619047619,337.2,379.8,1.2,3.6,0.0,1
36259,6,2.617938311688312,401.5,486.6666666666667,1.3333333333333333,8.333333333333334,0.0,1
36268,5,3.573627450980392,423.2,458.6,0.4,0.8,0.0,1
36269,5,2.485786435786436,461.8,545.6,0.6,2.4,0.0,1
36271,5,4.011111111111111,521.0,491.4,0.6,2.2,0.0,1
36276,10,2.8311499611499613,499.4,526.1,0.4,2.6,0.0,1
36277,7,3.119309262166405,453.8571428571428,483.8571428571428,0.4285714285714285,2.0,0.0,1
36285,20,5.040523088023088,547.35,600.1,1.75,1.4,0.0,1
36286,8,2.8895833333333334,400.25,437.0,1.0,6.75,0.0,1
36292,7,1.961734693877551,433.2857142857143,463.8571428571428,9.142857142857142,4.571428571428571,0.1428571428571428,0
36297,5,2.9863636363636363,423.8,496.2,1.0,1.6,0.0,1
36300,11,2.6705988455988456,292.3636363636364,349.72727272727275,3.0,10.363636363636363,0.0909090909090909,0
36304,19,3.9270088099035454,355.42105263157896,347.0,0.1578947368421052,0.2105263157894736,0.0526315789473684,0
36310,5,3.378650793650794,707.0,613.6,0.0,0.0,0.0,1
36316,11,2.8647619923935714,455.8181818181818,450.7272727272728,0.3636363636363636,2.1818181818181817,0.0,1
36318,14,3.203914141414141,475.2142857142857,497.7857142857143,0.1428571428571428,1.5714285714285714,0.0,1
36320,9,3.515873015873016,522.5555555555555,516.8888888888889,0.0,0.0,0.0,1
36325,9,2.696428571428571,407.22222222222223,467.55555555555554,1.1111111111111112,7.111111111111111,0.0,1
36326,6,1.605844155844156,298.5,330.8333333333333,3.333333333333333,4.0,0.0,1
36348,5,6.7285714285714295,578.4,609.8,0.0,0.0,0.0,1
36364,14,3.3998745302316733,448.07142857142856,478.4285714285714,0.7857142857142857,0.8571428571428571,0.0,1
36365,9,2.0178278511611847,301.0,334.3333333333333,1.6666666666666667,4.888888888888889,0.0,1
36372,7,4.52039072039072,399.7142857142857,396.0,0.8571428571428571,9.0,0.0,1
36373,6,3.224801587301588,449.5,459.8333333333333,2.1666666666666665,4.0,0.0,1
36382,38,3.599260023602129,505.8421052631579,521.8157894736842,0.9736842105263158,5.842105263157895,0.0,1
36383,5,2.0961904761904764,497.8,409.4,1.6,3.2,0.2,0
36386,9,2.7213468720821665,371.22222222222223,352.1111111111111,3.4444444444444446,8.666666666666666,0.0,1
36388,6,2.163131313131313,308.1666666666667,344.0,0.3333333333333333,4.333333333333333,0.0,1
36390,6,2.1118927368927367,389.6666666666667,378.0,0.5,9.0,0.0,1
36399,6,2.9449494949494954,330.5,334.1666666666667,2.333333333333333,8.0,0.0,1
36405,5,2.054978354978355,348.4,357.6,0.4,1.2,0.0,1
36418,11,2.1223665223665225,318.90909090909093,322.90909090909093,0.6363636363636364,3.8181818181818175,0.0,1
36440,12,2.78223951973952,381.8333333333333,456.1666666666667,0.3333333333333333,3.25,0.0,1
36441,9,3.393049543049543,456.55555555555554,521.1111111111111,0.4444444444444444,4.666666666666667,0.0,1
36442,16,3.674264971139971,391.875,434.9375,0.375,2.8125,0.0625,0
36443,15,2.7403384687208217,458.26666666666665,507.0,1.1333333333333333,0.8,0.0666666666666666,0
36444,20,3.223031898656899,446.9,524.9,0.4,2.5,0.0,1
36445,7,1.9749123891981035,327.57142857142856,400.2857142857143,4.714285714285714,14.571428571428571,0.0,1
36446,5,2.755281385281385,405.8,450.4,1.6,21.6,0.0,1
36449,6,6.3625,381.5,370.6666666666667,0.1666666666666666,1.8333333333333333,0.0,1
36451,10,3.826202686202687,417.0,458.3,2.5,8.4,0.0,1
36456,7,3.8612244897959194,448.0,509.57142857142856,0.1428571428571428,0.7142857142857143,0.0,1
36457,5,3.8988888888888886,358.0,415.6,0.2,1.0,0.0,1
36482,8,3.5038995726495727,566.0,564.625,0.5,4.25,0.0,1
36500,7,3.726190476190476,446.4285714285714,484.57142857142856,2.142857142857143,4.571428571428571,0.0,1
36501,8,3.3045319264069266,368.0,404.5,9.0,7.5,0.0,1
36504,16,2.2203771922521924,439.25,465.625,1.375,2.8125,0.0,1
36505,11,2.178774003774004,363.9090909090909,466.54545454545456,0.1818181818181818,2.0,0.0,1
36506,5,2.194772727272727,444.4,480.2,1.0,9.6,0.0,1
36527,5,3.650396825396825,525.0,567.6,4.0,1.2,0.0,1
36529,19,2.2539884092515674,378.5263157894737,412.578947368421,1.0526315789473684,1.894736842105263,0.0,1
36560,5,1.7849206349206348,323.4,368.0,0.8,3.2,0.0,1
36576,22,4.75088850543396,498.45454545454544,546.7272727272727,1.9090909090909087,4.363636363636363,0.0,1
36601,6,2.086965811965812,278.1666666666667,304.0,0.1666666666666666,1.3333333333333333,0.0,1
36612,6,3.369949494949495,454.3333333333333,503.6666666666667,1.6666666666666667,3.333333333333333,0.0,1
36619,11,3.7027777777777775,359.54545454545456,363.3636363636364,0.0909090909090909,0.4545454545454545,0.0,1
36621,5,3.4466666666666668,456.4,509.6,0.8,3.2,0.0,1
36634,5,2.0458333333333334,366.6,420.8,0.2,1.0,0.0,1
36636,6,3.3833333333333333,512.3333333333334,535.8333333333334,1.6666666666666667,20.0,0.0,1
36637,6,3.8380952380952382,665.3333333333334,587.8333333333334,1.0,5.0,0.0,1
36639,8,2.741926129426129,287.875,299.125,0.25,1.5,0.0,1
36640,6,2.642757936507936,460.1666666666667,459.0,0.5,1.6666666666666667,0.1666666666666666,0
36643,5,1.039285714285714,328.2,303.2,2.6,1.4,0.2,0
36656,5,3.111190476190476,387.8,398.0,7.6,4.8,0.0,1
36657,5,2.8673809523809526,474.2,493.2,1.8,13.8,0.0,1
36664,5,3.295555555555556,413.0,415.4,0.0,0.0,0.0,1
36676,13,2.534135202404433,361.84615384615387,446.46153846153845,0.4615384615384615,6.923076923076923,0.1538461538461538,0
36690,6,3.4690476190476187,433.6666666666667,431.0,2.1666666666666665,7.5,0.0,1
36704,5,1.5403896103896104,336.2,315.8,0.2,3.4,0.2,0
36710,11,2.203560076287349,334.1818181818182,341.27272727272725,1.0,3.727272727272727,0.0,1
36734,8,2.520691287878788,521.125,492.75,2.375,2.25,0.0,1
36736,12,1.5057336182336185,310.5833333333333,323.0833333333333,1.25,1.75,0.0,1
36747,5,1.5798867798867795,523.8,527.2,3.4,2.4,0.0,1
36756,5,2.9722222222222223,457.4,449.8,7.6,7.2,0.2,0
36772,5,2.5766666666666667,339.4,359.4,1.4,8.8,0.0,1
36773,5,2.961038961038961,396.6,457.8,3.2,8.4,0.0,1
36776,7,1.7156462585034014,339.85714285714283,392.2857142857143,0.1428571428571428,1.0,0.0,1
36783,5,3.3015873015873014,414.0,435.6,2.6,4.8,0.0,1
36784,8,3.3336392773892776,490.125,506.375,0.5,2.25,0.0,1
36791,7,3.037950937950938,594.8571428571429,556.5714285714286,1.0,1.4285714285714286,0.0,1
36792,6,2.2134259259259257,401.5,428.1666666666667,1.5,4.666666666666667,0.0,1
36833,5,3.485714285714286,514.4,533.8,0.2,1.0,0.0,1
36843,8,2.371279761904762,310.625,306.75,16.0,3.375,0.0,1
36845,7,1.0991365777080062,325.1428571428572,385.7142857142857,1.2857142857142858,10.714285714285714,0.0,1
36849,15,2.396741221741222,369.6,356.4,0.2,0.8,0.0666666666666666,0
36850,7,2.4234126984126982,380.7142857142857,401.1428571428572,0.1428571428571428,2.142857142857143,0.1428571428571428,0
36856,8,1.0885607448107448,317.25,315.375,1.875,1.125,0.125,0
36858,6,2.5046296296296298,410.6666666666667,406.3333333333333,4.5,9.5,0.0,1
36875,14,3.4601234083376937,521.6428571428571,557.1428571428571,0.5,4.714285714285714,0.0,1
36876,6,1.5335016835016837,362.3333333333333,340.8333333333333,3.1666666666666665,10.0,0.0,1
36896,5,1.6064468864468864,347.2,401.8,0.0,0.0,0.0,1
36912,7,2.5551587301587304,486.7142857142857,535.7142857142857,17.285714285714285,2.857142857142857,0.0,1
36913,5,3.6045454545454554,335.8,408.6,2.0,2.8,0.0,1
36925,7,2.7580498866213152,429.57142857142856,480.57142857142856,1.1428571428571428,2.571428571428572,0.0,1
36935,10,2.413064713064713,453.1,455.9,0.9,4.8,0.0,1
36937,7,1.402704081632653,327.1428571428572,341.2857142857143,0.1428571428571428,1.0,0.0,1
36938,11,2.525897631779985,595.4545454545455,580.0909090909091,2.909090909090909,2.727272727272727,0.0,1
36942,12,3.854987373737373,580.25,527.75,1.1666666666666667,1.5,0.0,1
36965,6,2.2853835978835977,434.6666666666667,492.8333333333333,0.3333333333333333,1.5,0.0,1
36974,10,3.8192316017316017,345.8,356.0,0.6,2.4,0.0,1
36980,5,3.0504545454545453,427.8,409.2,0.4,5.2,0.0,1
36993,8,2.8159722222222223,432.125,471.625,0.75,3.75,0.0,1
37011,5,2.074949494949495,344.2,430.8,0.8,5.6,0.0,1
37018,16,2.769663843101343,374.75,366.125,0.0,0.0,0.0625,0
37071,8,5.458680555555556,386.75,390.375,1.875,3.75,0.0,1
37075,16,2.646905525030525,379.0,420.75,0.8125,2.625,0.0,1
37076,10,2.346013986013986,321.7,373.8,0.0,0.0,0.0,1
37084,10,3.228881673881673,469.4,522.3,2.8,9.0,0.0,1
37085,8,4.604545454545455,429.875,460.375,1.75,2.5,0.125,0
37087,6,1.152958152958153,252.66666666666663,237.0,0.5,2.0,0.0,1
37092,11,2.061451679633498,398.54545454545456,335.1818181818182,1.181818181818182,4.090909090909091,0.0,1
37093,7,3.575077303648732,495.0,478.7142857142857,0.1428571428571428,1.5714285714285714,0.0,1
37101,5,3.9939682539682537,467.2,474.6,3.2,4.8,0.0,1
37116,8,2.056771618903972,441.75,481.875,1.375,1.125,0.125,0
37134,6,1.5046296296296295,298.0,305.0,4.5,1.1666666666666667,0.0,1
37174,9,1.5967782217782218,374.1111111111111,421.44444444444446,1.3333333333333333,4.888888888888889,0.0,1
37210,8,2.484352106227106,444.875,492.125,0.25,1.375,0.0,1
37211,8,2.534190809190809,356.0,359.875,0.375,0.625,0.0,1
37235,5,4.203333333333333,387.2,404.8,1.2,2.8,0.0,1
37253,5,2.1782805429864256,360.0,358.2,2.8,7.2,0.0,1
37256,5,2.7082051282051283,396.2,411.0,3.0,4.8,0.0,1
37261,8,4.023809523809524,492.5,516.75,2.375,7.0,0.0,1
37272,19,5.015405062773484,555.3157894736842,600.4736842105264,1.5789473684210529,4.2631578947368425,0.0,1
37273,5,2.1428571428571432,458.8,498.2,1.0,2.8,0.0,1
37282,10,2.1619444444444444,697.0,587.0,5.2,2.8,0.0,1
37284,15,3.8696015096015097,418.2,427.53333333333336,1.9333333333333331,4.8,0.0666666666666666,0
37297,6,1.3312439874939874,321.0,347.5,0.3333333333333333,2.6666666666666665,0.0,1
37298,8,5.0168831168831165,477.625,465.375,0.0,0.0,0.0,1
37301,5,1.9168253968253968,617.0,560.8,1.2,5.6,0.0,1
37302,5,3.522222222222222,364.2,370.6,1.0,15.8,0.0,1
37304,6,2.893793195108985,543.6666666666666,553.0,1.5,2.6666666666666665,0.0,1
37313,6,2.03234126984127,345.6666666666667,433.6666666666667,0.3333333333333333,3.0,0.0,1
37322,13,3.245654345654345,452.5384615384616,507.46153846153845,3.1538461538461537,14.307692307692308,0.0,1
37331,10,1.9707667332667331,369.2,403.4,0.9,1.0,0.0,1
37342,7,3.5082972582972585,477.1428571428572,488.0,0.8571428571428571,0.8571428571428571,0.0,1
37344,6,5.926470588235294,559.6666666666666,510.1666666666667,1.8333333333333333,1.6666666666666667,0.0,1
37346,13,2.9622512103281338,389.1538461538461,424.3076923076923,0.9230769230769232,5.384615384615385,0.0769230769230769,0
37347,14,2.092830978545264,397.0,428.7857142857143,2.142857142857143,6.0,0.1428571428571428,0
37349,6,2.763888888888889,341.3333333333333,345.8333333333333,0.8333333333333334,2.333333333333333,0.0,1
37356,9,5.090893057559724,435.0,488.3333333333333,0.7777777777777778,0.4444444444444444,0.0,1
37362,5,1.3063636363636364,348.8,385.4,0.0,0.0,0.0,1
37370,7,3.4525641025641027,512.0,507.2857142857143,2.142857142857143,2.2857142857142856,0.0,1
37371,10,2.328246753246753,450.0,456.7,0.1,0.3,0.0,1
37384,8,3.5218406593406595,412.5,491.875,0.0,0.0,0.0,1
37386,14,9.176984126984127,821.5,807.3571428571429,1.2857142857142858,2.142857142857143,0.0,1
37387,6,4.861027861027861,436.3333333333333,516.6666666666666,2.1666666666666665,1.1666666666666667,0.0,1
37405,10,3.393704073704074,425.4,483.2,0.6,0.8,0.1,0
37406,6,2.6263888888888887,502.5,516.1666666666666,0.0,0.0,0.0,1
37420,5,5.608888888888889,520.4,516.0,1.0,2.4,0.0,1
37434,11,2.6813131313131318,400.0,449.54545454545456,1.0,1.2727272727272727,0.0,1
37437,7,1.4211189604046748,353.1428571428572,377.2857142857143,0.0,0.0,0.0,1
37438,10,5.291450216450217,499.5,495.6,2.3,1.6,0.0,1
37444,5,1.9174891774891776,383.0,403.8,1.0,2.0,0.0,1
37445,13,1.7657536530839697,411.84615384615387,407.3076923076923,1.5384615384615383,2.3076923076923075,0.0,1
37446,9,2.5550264550264554,307.3333333333333,334.22222222222223,0.3333333333333333,0.6666666666666666,0.0,1
37447,6,5.028846153846154,494.5,518.6666666666666,0.6666666666666666,4.0,0.0,1
37452,9,5.280429292929293,467.1111111111111,482.0,0.8888888888888888,1.6666666666666667,0.0,1
37453,5,2.955555555555556,528.0,588.4,0.2,1.0,0.0,1
37465,8,4.821031746031746,503.375,476.25,3.375,1.0,0.0,1
37466,11,2.302200577200577,376.6363636363636,387.54545454545456,4.0,2.1818181818181817,0.0,1
37473,6,3.0365740740740743,485.8333333333333,557.0,0.1666666666666666,1.0,0.0,1
37481,7,11.607142857142858,679.5714285714286,713.1428571428571,3.142857142857143,9.142857142857142,0.0,1
37509,5,2.6572727272727272,494.6,657.6,1.4,3.0,0.0,1
37537,12,1.0549856937724584,240.58333333333331,221.16666666666663,5.0,5.833333333333333,0.0,1
37539,8,4.044304653679654,479.25,471.75,4.0,3.0,0.125,0
37566,8,3.382097763347764,335.625,380.0,1.5,3.75,0.0,1
37601,7,1.848076923076923,297.0,332.2857142857143,0.1428571428571428,0.5714285714285714,0.0,1
37647,7,2.237708719851577,353.1428571428572,393.57142857142856,0.5714285714285714,8.857142857142858,0.0,1
37660,5,2.056363636363636,374.2,386.0,0.6,6.0,0.0,1
37677,8,7.131565656565656,462.5,576.5,0.0,0.0,0.0,1
37679,11,5.235750360750361,541.0909090909091,578.7272727272727,1.9090909090909087,1.3636363636363635,0.0,1
37680,5,0.78,263.6,284.8,2.0,4.0,0.0,1
37690,6,1.3614478114478117,321.6666666666667,279.6666666666667,0.0,0.0,0.0,1
37704,6,2.155306267806268,433.1666666666667,484.0,5.166666666666667,6.666666666666667,0.0,1
37716,7,1.6387445887445886,679.4285714285714,644.4285714285714,12.857142857142858,4.857142857142857,0.0,1
37727,16,2.344967920151744,405.5,440.6875,1.0,1.3125,0.0,1
37737,6,4.375,550.0,495.1666666666667,0.5,0.3333333333333333,0.0,1
37738,8,2.5710317460317462,462.875,483.875,0.375,1.75,0.0,1
37744,5,2.232727272727273,349.6,381.6,1.4,3.0,0.0,1
37750,7,2.2078540507111937,329.42857142857144,369.2857142857143,0.4285714285714285,3.0,0.0,1
37755,7,2.8554112554112554,450.8571428571428,455.2857142857143,0.2857142857142857,0.5714285714285714,0.0,1
37756,6,2.255026455026455,328.1666666666667,328.1666666666667,0.1666666666666666,1.1666666666666667,0.0,1
37765,17,2.792641835288894,423.05882352941177,441.5882352941176,0.8823529411764706,2.823529411764706,0.0588235294117647,0
37772,12,2.601659451659452,463.9166666666667,500.8333333333333,2.5,6.416666666666667,0.0,1
37784,9,2.2438832772166104,446.8888888888889,478.77777777777777,0.3333333333333333,1.1111111111111112,0.1111111111111111,0
37804,6,3.490079365079365,452.6666666666667,489.5,0.3333333333333333,1.8333333333333333,0.0,1
37835,5,2.751875901875902,549.0,568.0,0.0,0.0,0.0,1
37855,5,2.097857142857143,432.2,428.6,0.4,1.2,0.0,1
37883,7,2.246230158730159,389.2857142857143,445.0,3.571428571428572,1.7142857142857142,0.0,1
37888,13,1.635133439435059,372.61538461538464,403.38461538461536,0.0,0.0,0.0769230769230769,0
37895,9,2.966534391534392,366.8888888888889,398.0,1.2222222222222223,1.6666666666666667,0.0,1
37896,5,4.406060606060606,502.8,496.8,0.0,0.0,0.0,1
37899,6,2.1156045751633985,371.6666666666667,405.1666666666667,0.5,2.6666666666666665,0.0,1
37900,5,2.589494949494949,340.2,416.4,1.2,2.4,0.0,1
37916,5,3.585151515151515,403.0,495.6,0.6,2.0,0.2,0
37917,5,2.2186507936507938,394.0,484.6,0.6,2.0,0.0,1
37922,7,1.2607142857142857,251.7142857142857,306.1428571428572,7.571428571428571,5.142857142857143,0.0,1
37937,5,2.066666666666667,426.0,440.0,1.8,5.2,0.0,1
37938,6,2.8935185185185186,458.6666666666667,532.8333333333334,22.83333333333333,6.666666666666667,0.0,1
37951,7,2.079158936301793,404.1428571428572,481.57142857142856,0.0,0.0,0.0,1
37955,12,1.9312652625152624,335.5,322.9166666666667,3.9166666666666665,13.333333333333334,0.0,1
37956,9,6.546296296296296,576.4444444444445,562.7777777777778,1.0,1.7777777777777777,0.0,1
37964,5,2.698571428571429,419.4,448.4,0.2,1.0,0.0,1
37965,6,4.150132275132275,580.6666666666666,638.0,5.166666666666667,1.0,0.0,1
37969,23,2.156271264966917,375.69565217391306,383.6521739130435,4.565217391304348,7.304347826086956,0.0,1
37979,8,3.0755050505050505,453.125,524.0,0.25,2.25,0.0,1
37987,8,3.4361877705627704,482.5,533.5,1.75,3.5,0.0,1
37988,5,10.50952380952381,679.8,702.0,3.4,1.0,0.0,1
37989,5,2.991111111111111,302.8,364.0,0.0,0.0,0.0,1
37990,6,4.055555555555556,418.0,360.0,0.0,0.0,0.0,1
37991,6,3.936994949494949,427.0,494.1666666666667,0.1666666666666666,1.1666666666666667,0.0,1
37992,10,3.982351814851815,350.2,372.3,0.7,0.8,0.0,1
38022,5,2.842380952380952,361.8,379.0,0.0,0.0,0.2,0
38027,6,3.165361952861953,407.5,477.0,0.3333333333333333,3.6666666666666665,0.0,1
38028,7,2.878787878787879,464.8571428571428,502.2857142857143,1.0,2.2857142857142856,0.0,1
38032,6,6.597802197802198,506.3333333333333,515.3333333333334,0.0,0.0,0.0,1
38046,5,7.201666666666666,389.0,384.2,0.2,1.0,0.0,1
38059,6,2.1212301587301585,378.8333333333333,427.0,0.3333333333333333,1.5,0.3333333333333333,0
38076,5,2.683333333333333,573.6,575.4,0.8,1.2,0.0,1
38084,5,4.171428571428572,508.2,478.6,1.8,7.2,0.2,0
38085,5,2.6265384615384617,512.2,528.0,3.8,4.2,0.0,1
38087,5,2.355555555555556,414.0,449.6,0.0,0.0,0.0,1
38089,8,3.386160714285714,557.5,591.625,0.75,1.0,0.0,1
38097,6,2.4604166666666667,428.3333333333333,443.6666666666667,0.3333333333333333,1.0,0.0,1
38104,5,2.1175824175824176,400.4,418.8,0.0,0.0,0.0,1
38126,8,2.961512445887446,460.375,495.375,0.25,2.75,0.0,1
38148,8,3.338798701298701,346.75,376.875,0.5,1.5,0.125,0
38155,11,5.605293191656828,490.3636363636364,473.9090909090909,0.0909090909090909,0.7272727272727273,0.0,1
38156,11,2.953600944510036,477.09090909090907,514.4545454545455,0.0,0.0,0.0,1
38157,11,2.3724886224886226,322.45454545454544,320.45454545454544,0.2727272727272727,0.2727272727272727,0.0,1
38171,6,3.85,489.8333333333333,484.6666666666667,0.0,0.0,0.0,1
38186,6,3.6892857142857145,488.6666666666667,464.0,3.0,1.6666666666666667,0.0,1
38204,5,6.996666666666667,530.4,561.2,0.0,0.0,0.0,1
38205,6,3.717460317460317,303.6666666666667,331.0,0.0,0.0,0.0,1
38206,9,4.184567901234568,496.0,526.3333333333334,0.6666666666666666,4.444444444444445,0.0,1
38207,9,2.814814814814815,345.0,342.6666666666667,0.4444444444444444,2.0,0.0,1
38208,6,2.8045454545454547,324.3333333333333,358.1666666666667,0.5,6.333333333333333,0.0,1
38226,5,3.302142857142857,540.2,615.6,0.0,0.0,0.0,1
38245,5,2.950769230769231,437.2,512.8,0.8,1.4,0.0,1
38274,7,3.5593434343434347,450.7142857142857,487.8571428571428,2.7142857142857144,3.4285714285714284,0.0,1
38302,5,2.391874791874792,446.4,467.8,1.2,1.6,0.2,0
38311,5,3.0664957264957264,352.4,279.2,0.0,0.0,0.2,0
38334,8,1.9549011650114592,364.75,405.75,0.125,3.25,0.125,0
38342,7,2.489264703550418,465.2857142857143,490.1428571428572,2.142857142857143,2.571428571428572,0.0,1
38350,5,1.9353113553113552,327.2,385.8,0.0,0.0,0.0,1
38361,6,2.954070929070929,425.8333333333333,439.8333333333333,0.3333333333333333,2.6666666666666665,0.0,1
38364,7,4.008219954648526,492.2857142857143,500.0,11.142857142857142,6.285714285714286,0.0,1
38367,6,4.035353535353536,541.8333333333334,542.5,1.3333333333333333,1.3333333333333333,0.0,1
38370,6,1.5547619047619048,411.5,439.0,0.6666666666666666,4.333333333333333,0.0,1
38391,8,2.7787393162393164,426.625,463.5,0.25,3.5,0.125,0
38411,13,1.906109168609169,396.3076923076923,460.2307692307692,1.3846153846153846,3.4615384615384617,0.0,1
38415,7,5.725239839525554,440.2857142857143,469.4285714285714,1.7142857142857142,4.0,0.0,1
38437,5,1.5922222222222222,270.2,236.0,0.4,1.8,0.2,0
38445,6,2.8156415343915344,495.5,523.1666666666666,1.3333333333333333,3.0,0.0,1
38448,19,1.8585212302317564,350.0,379.10526315789474,0.0,0.0,0.0,1
38449,30,2.789998982498983,363.6333333333333,409.5,0.0,0.0,0.0,1
38462,7,3.3379973201401776,522.8571428571429,633.5714285714286,0.5714285714285714,1.1428571428571428,0.0,1
38463,6,4.444444444444445,366.8333333333333,368.1666666666667,4.333333333333333,17.5,0.0,1
38464,7,3.183333333333333,514.0,615.4285714285714,1.0,10.571428571428571,0.0,1
38467,13,2.72805708124534,337.61538461538464,400.1538461538461,1.0,5.384615384615385,0.0769230769230769,0
38495,5,2.382495543672014,386.4,400.2,10.6,5.4,0.0,1
38498,5,1.713131313131313,276.6,245.2,1.2,1.2,0.2,0
38506,8,2.908829365079365,364.625,347.625,2.5,1.125,0.0,1
38508,6,1.8546453546453543,374.5,391.3333333333333,0.6666666666666666,1.5,0.0,1
38527,6,2.4222402597402595,444.5,488.0,0.3333333333333333,2.0,0.0,1
38544,6,2.4373737373737376,328.3333333333333,336.6666666666667,0.1666666666666666,2.1666666666666665,0.0,1
38558,7,4.311172161172161,389.1428571428572,473.7142857142857,4.142857142857143,5.714285714285714,0.0,1
38586,16,2.628137400793651,350.875,380.625,0.8125,1.5625,0.0,1
38587,8,4.293402777777778,526.25,546.375,1.25,3.5,0.0,1
38597,10,5.148809523809524,488.4,501.7,0.9,0.8,0.0,1
38598,5,5.04063492063492,593.8,552.8,2.6,3.2,0.0,1
38606,5,4.051071428571428,479.2,473.2,0.0,0.0,0.0,1
38610,8,4.995993589743589,430.875,452.25,0.0,0.0,0.0,1
38611,12,2.0254419191919197,390.0833333333333,404.5,0.1666666666666666,2.083333333333333,0.0833333333333333,0
38641,9,3.1305916305916304,430.8888888888889,434.3333333333333,4.111111111111111,2.6666666666666665,0.1111111111111111,0
38658,5,5.306349206349206,542.6,586.0,3.2,6.8,0.0,1
38674,6,2.073988837959426,412.0,438.0,3.333333333333333,4.0,0.1666666666666666,0
38691,5,2.5816666666666666,466.2,479.6,0.2,3.4,0.0,1
38699,6,4.529761904761905,435.6666666666667,511.8333333333333,0.8333333333333334,0.6666666666666666,0.0,1
38701,6,2.008597883597884,296.3333333333333,288.6666666666667,1.5,3.6666666666666665,0.0,1
38702,8,2.439416486291486,499.0,529.75,0.875,2.5,0.0,1
38751,6,2.6216422466422467,301.5,338.1666666666667,0.1666666666666666,2.5,0.0,1
38752,13,1.704419557051136,345.15384615384613,404.1538461538461,0.5384615384615384,1.6153846153846154,0.0,1
38763,7,3.957828282828283,554.0,553.8571428571429,1.0,1.4285714285714286,0.0,1
38773,6,3.224657287157287,465.0,513.3333333333334,0.3333333333333333,1.5,0.0,1
38781,5,4.526623376623377,329.4,419.8,0.2,1.2,0.0,1
38782,7,4.970779220779221,423.7142857142857,500.0,1.5714285714285714,4.285714285714286,0.0,1
38783,6,1.8498538011695904,411.8333333333333,478.8333333333333,1.1666666666666667,0.8333333333333334,0.0,1
38835,6,2.9387626262626263,428.6666666666667,464.5,0.0,0.0,0.0,1
38841,11,3.5195953036862124,339.1818181818182,330.72727272727275,0.8181818181818182,2.909090909090909,0.0,1
38853,5,5.978571428571429,452.4,425.2,1.8,2.0,0.0,1
38859,9,3.633437550104217,500.44444444444446,493.1111111111111,0.2222222222222222,0.6666666666666666,0.0,1
38871,6,2.8212759462759465,443.3333333333333,483.5,1.0,3.333333333333333,0.0,1
38878,5,3.679126984126984,362.0,399.2,0.8,2.4,0.0,1
38888,6,3.4993386243386246,450.0,450.6666666666667,0.6666666666666666,2.0,0.0,1
38890,15,2.768056943056943,421.73333333333335,433.4666666666666,0.2666666666666666,1.0666666666666669,0.0,1
38895,11,2.4282959464777645,398.09090909090907,424.6363636363636,3.1818181818181817,7.0,0.0,1
38918,8,3.7193181818181817,467.375,497.75,0.625,3.0,0.0,1
38919,5,2.542222222222222,345.8,376.8,0.0,0.0,0.0,1
38926,13,5.255982905982906,567.7692307692307,568.8461538461538,1.4615384615384617,1.6153846153846154,0.0769230769230769,0
38927,22,3.733815426997245,297.1363636363636,335.6818181818182,0.8181818181818182,2.5,0.0,1
38946,9,5.243939393939394,413.77777777777777,382.55555555555554,0.1111111111111111,1.0,0.0,1
38947,9,5.3846560846560845,471.1111111111111,512.8888888888889,3.2222222222222223,2.6666666666666665,0.0,1
38948,11,3.792194674012856,415.7272727272728,452.45454545454544,0.7272727272727273,0.5454545454545454,0.0,1
38949,8,2.5082792207792206,359.75,380.625,1.375,3.75,0.125,0
38980,6,2.1953703703703704,362.6666666666667,457.6666666666667,0.6666666666666666,3.333333333333333,0.0,1
38987,7,2.810047095761381,451.8571428571428,490.8571428571428,0.0,0.0,0.0,1
38989,5,2.455555555555556,398.8,404.8,0.0,0.0,0.0,1
39011,10,3.099206349206349,523.5,513.1,4.5,4.2,0.0,1
39013,8,4.386458333333334,502.75,465.125,1.625,3.125,0.0,1
39021,6,5.034680134680134,533.3333333333334,551.3333333333334,3.0,3.5,0.0,1
39023,6,4.25,493.8333333333333,581.8333333333334,0.0,0.0,0.0,1
39027,9,4.632716049382716,529.2222222222222,573.4444444444445,0.4444444444444444,2.888888888888889,0.0,1
39028,9,2.13678050344717,309.77777777777777,336.22222222222223,0.2222222222222222,1.7777777777777777,0.0,1
39029,9,2.940275773609107,331.8888888888889,397.22222222222223,0.1111111111111111,1.3333333333333333,0.0,1
39045,5,1.817878787878788,365.6,381.0,0.0,0.0,0.0,1
39049,5,2.0355042016806726,430.6,393.4,2.6,6.0,0.2,0
39056,7,2.8069160997732427,538.8571428571429,561.7142857142857,3.2857142857142856,0.8571428571428571,0.0,1
39064,10,1.1366696899591635,319.2,350.6,2.5,4.0,0.0,1
39092,21,8.743650793650794,720.0,749.8571428571429,0.1904761904761904,2.7142857142857144,0.0,1
39112,5,2.081010101010101,346.4,421.8,0.0,0.0,0.0,1
39113,14,2.0734059591202447,343.1428571428572,342.5,1.3571428571428572,12.0,0.0,1
39116,6,4.792063492063492,524.8333333333334,508.8333333333333,1.0,3.333333333333333,0.0,1
39132,5,2.1064425770308124,429.0,450.0,0.0,0.0,0.0,1
39139,5,4.461111111111111,572.2,524.4,0.2,1.2,0.0,1
39148,14,3.2404767851196423,489.07142857142856,544.3571428571429,1.2857142857142858,1.7857142857142858,0.0,1
39157,9,9.89351851851852,801.6666666666666,719.7777777777778,2.2222222222222223,2.2222222222222223,0.0,1
39165,5,1.7253846153846155,390.8,405.2,0.6,1.8,0.0,1
39166,5,2.0291375291375293,404.6,468.8,1.0,1.0,0.0,1
39191,7,2.456774376417233,506.1428571428572,509.4285714285714,0.0,0.0,0.0,1
39207,5,3.438690476190476,462.4,465.4,0.4,1.6,0.0,1
39208,10,4.52456043956044,412.9,469.0,2.1,2.4,0.0,1
39251,11,3.4474253019707564,547.5454545454545,552.7272727272727,3.636363636363636,5.2727272727272725,0.0,1
39252,10,2.276600066600067,307.5,323.1,0.6,2.6,0.0,1
39279,8,3.230937812187812,566.125,500.25,6.625,14.0,0.0,1
39293,6,2.642145135566188,502.8333333333333,547.8333333333334,0.8333333333333334,2.0,0.0,1
39294,9,1.9955908289241624,343.44444444444446,363.0,0.0,0.0,0.0,1
39300,7,3.9280469530469526,422.8571428571428,486.7142857142857,1.5714285714285714,6.857142857142857,0.0,1
39325,5,2.87,397.0,437.2,13.0,2.4,0.0,1
39336,5,1.5822222222222222,313.0,335.4,0.2,2.8,0.0,1
39338,6,2.502020202020202,439.3333333333333,434.6666666666667,0.8333333333333334,2.0,0.0,1
39339,35,4.803107606679035,551.1142857142858,537.7142857142857,1.7142857142857142,8.17142857142857,0.0,1
39340,7,1.5869004011861154,318.2857142857143,356.57142857142856,1.0,6.0,0.0,1
39361,6,2.3857142857142857,366.8333333333333,344.5,0.6666666666666666,7.0,0.0,1
39365,5,2.578484848484849,426.2,468.2,0.4,1.6,0.0,1
39371,7,4.1309523809523805,542.0,498.8571428571428,1.1428571428571428,4.285714285714286,0.0,1
39383,8,1.6398809523809523,376.5,411.125,0.375,2.0,0.0,1
39407,6,2.122008547008547,411.3333333333333,464.5,0.5,1.6666666666666667,0.0,1
39418,5,2.078095238095238,509.8,611.6,0.6,3.2,0.0,1
39438,7,2.020892599464028,433.7142857142857,466.57142857142856,0.0,0.0,0.0,1
39439,15,2.5687871387871386,410.9333333333333,427.6,0.5333333333333333,1.4,0.0666666666666666,0
39444,7,1.829984721161192,449.8571428571428,469.2857142857143,0.8571428571428571,5.714285714285714,0.0,1
39472,7,3.713151927437642,542.4285714285714,577.4285714285714,1.0,6.285714285714286,0.0,1
39473,5,2.35,435.0,502.6,0.0,0.0,0.0,1
39475,7,1.5565656565656565,431.7142857142857,466.57142857142856,0.2857142857142857,2.571428571428572,0.0,1
39477,5,3.275,383.0,388.2,0.0,0.0,0.0,1
39491,5,0.8450793650793651,351.6,393.0,0.0,0.0,0.0,1
39499,5,3.333333333333333,381.4,465.6,1.0,6.6,0.2,0
39502,7,1.9861111111111112,354.2857142857143,400.2857142857143,1.4285714285714286,5.142857142857143,0.0,1
39503,5,3.4376068376068374,493.6,577.4,0.0,0.0,0.0,1
39511,5,5.086666666666667,566.2,546.8,1.6,9.0,0.0,1
39519,5,4.748571428571429,457.4,498.6,0.6,2.8,0.0,1
39546,17,2.439217808335455,480.7647058823529,513.6470588235294,0.0588235294117647,1.4705882352941178,0.0,1
39548,5,3.147222222222222,512.0,461.0,1.4,4.0,0.0,1
39558,7,2.422083075654504,409.2857142857143,411.1428571428572,0.0,0.0,0.2857142857142857,0
39559,6,6.702777777777777,524.6666666666666,525.3333333333334,2.6666666666666665,2.5,0.0,1
39564,5,1.5626262626262626,370.8,359.4,0.4,3.4,0.2,0
39565,5,2.9450793650793647,392.6,394.0,1.2,3.0,0.0,1
39566,17,4.198529411764706,550.4117647058823,582.3529411764706,0.6470588235294118,0.8823529411764706,0.1764705882352941,0
39584,7,3.1817460317460315,415.1428571428572,440.0,2.7142857142857144,5.714285714285714,0.0,1
39611,7,1.4992140795712223,313.7142857142857,346.57142857142856,2.0,7.714285714285714,0.1428571428571428,0
39623,5,2.5396825396825395,290.0,301.6,1.8,3.6,0.2,0
39627,11,3.4556539420175785,507.45454545454544,518.9090909090909,0.4545454545454545,2.1818181818181817,0.0909090909090909,0
39638,5,2.437373737373737,448.0,497.0,0.2,0.2,0.0,1
39648,5,3.083511586452763,411.2,430.2,2.8,6.0,0.0,1
39654,7,4.151415251415251,333.1428571428572,361.0,1.2857142857142858,3.857142857142857,0.1428571428571428,0
39663,6,1.7892787524366474,459.1666666666667,499.8333333333333,3.5,10.833333333333334,0.0,1
39678,7,3.98888888888889,469.57142857142856,520.4285714285714,0.0,0.0,0.0,1
39679,5,3.56,376.4,422.8,0.0,0.0,0.0,1
39680,8,2.515842490842491,408.375,471.625,0.0,0.0,0.125,0
39690,13,4.117515177130562,528.5384615384615,586.7692307692307,1.3846153846153846,0.9230769230769232,0.0,1
39711,10,2.725881340881341,394.0,408.3,3.0,5.4,0.0,1
39719,32,3.3291686611999114,479.78125,499.8125,5.40625,1.78125,0.09375,0
39745,7,1.992687074829932,568.1428571428571,582.1428571428571,0.2857142857142857,2.2857142857142856,0.0,1
39746,5,2.921428571428572,454.6,513.8,0.6,3.0,0.0,1
39752,13,4.312057387057387,527.4615384615385,582.7692307692307,1.0,2.6923076923076925,0.0,1
39781,9,4.267388167388167,383.8888888888889,388.8888888888889,0.3333333333333333,2.333333333333333,0.0,1
39788,6,2.4239898989898987,471.3333333333333,466.0,0.1666666666666666,0.6666666666666666,0.1666666666666666,0
39790,7,2.573443223443224,383.1428571428572,408.4285714285714,0.2857142857142857,1.0,0.0,1
39793,5,3.5751248751248754,476.4,540.4,3.6,2.4,0.0,1
39815,6,1.417984792984793,356.0,430.1666666666667,2.333333333333333,2.0,0.0,1
39832,14,3.413775510204082,439.2142857142857,453.8571428571428,2.5,2.2857142857142856,0.0,1
39833,7,2.1648351648351647,298.0,307.7142857142857,0.0,0.0,0.0,1
39838,7,3.3806122448979594,560.5714285714286,606.7142857142857,0.2857142857142857,0.7142857142857143,0.0,1
39853,5,2.5055555555555555,406.0,455.4,0.4,1.2,0.0,1
39873,7,5.846031746031747,642.2857142857143,556.5714285714286,5.571428571428571,14.571428571428571,0.1428571428571428,0
39874,17,1.7985951956540192,294.11764705882354,326.8235294117647,1.2941176470588236,4.470588235294118,0.1176470588235294,0
39889,16,1.4741164263368212,340.875,338.3125,0.0,0.0,0.125,0
39906,11,3.092450478814115,365.9090909090909,398.1818181818182,2.4545454545454546,1.818181818181818,0.0,1
39914,5,3.866666666666667,523.0,500.2,2.0,1.4,0.2,0
39924,17,3.016281512605042,478.2941176470589,516.4705882352941,0.1176470588235294,0.1176470588235294,0.0,1
39925,19,2.87397383318436,426.3157894736842,470.1578947368421,0.8421052631578947,1.1578947368421053,0.0,1
39934,10,3.265595238095238,314.9,378.0,0.3,0.8,0.0,1
39956,5,2.2014529914529914,352.6,418.8,0.2,2.8,0.0,1
39960,6,5.275793650793651,362.1666666666667,424.3333333333333,3.8333333333333335,3.0,0.3333333333333333,0
39966,6,0.7640211640211639,259.6666666666667,283.6666666666667,1.0,4.333333333333333,0.1666666666666666,0
39992,8,4.578273809523809,558.5,639.25,14.375,6.5,0.0,1
39995,5,2.8600000000000003,298.6,326.8,5.8,7.2,0.0,1
40004,36,3.0459842626509293,420.0833333333333,479.5833333333333,0.7777777777777778,2.5277777777777777,0.0555555555555555,0
40009,6,4.296428571428572,557.5,557.8333333333334,1.8333333333333333,2.0,0.0,1
40012,5,4.514285714285714,553.0,521.8,0.0,0.0,0.0,1
40018,7,1.810905760905761,374.2857142857143,432.0,0.0,0.0,0.0,1
40058,13,2.5189513477975014,365.5384615384616,370.61538461538464,0.0,0.0,0.0,1
40060,8,1.8671224608724608,428.75,411.25,1.125,3.125,0.0,1
40068,5,4.875,605.2,558.8,1.6,2.4,0.0,1
40072,5,4.002142857142857,510.6,443.8,1.4,2.8,0.0,1
40078,5,3.753333333333333,418.4,499.6,1.8,5.2,0.0,1
40092,5,1.1833333333333331,327.6,391.0,0.6,1.2,0.0,1
40110,7,5.7602040816326525,514.2857142857143,516.7142857142857,1.5714285714285714,4.714285714285714,0.0,1
40120,22,4.811821133412042,459.8181818181818,497.09090909090907,4.863636363636363,4.2727272727272725,0.0,1
40121,22,4.561411820502729,550.7272727272727,562.2272727272727,1.318181818181818,3.636363636363636,0.0,1
40133,5,5.871515151515152,428.4,448.6,2.6,2.4,0.0,1
40146,15,3.10010582010582,466.3333333333333,491.4,1.4666666666666666,6.466666666666667,0.0,1
40147,8,2.153937728937729,446.5,515.625,1.0,2.0,0.0,1
40156,5,2.917575757575757,332.8,359.2,0.4,0.8,0.0,1
40157,8,1.8853365384615384,338.375,367.375,4.375,6.125,0.0,1
40168,5,4.92,401.0,458.2,1.0,3.6,0.0,1
40169,8,3.2707875457875457,371.875,415.875,1.75,3.75,0.0,1
40178,13,3.4591575091575093,447.2307692307692,524.0769230769231,0.0769230769230769,0.2307692307692307,0.0,1
40179,5,3.655808080808081,391.6,444.4,0.0,0.0,0.0,1
40187,6,4.87962962962963,561.0,601.6666666666666,0.6666666666666666,2.333333333333333,0.0,1
40188,12,2.2817520442520443,353.5,385.0833333333333,2.583333333333333,11.0,0.0,1
40191,15,3.021481481481481,451.9333333333333,500.6666666666667,2.6,3.733333333333333,0.0,1
40236,9,6.405246913580247,528.1111111111111,552.5555555555555,2.2222222222222223,1.1111111111111112,0.0,1
40237,21,3.5044779955494243,444.6190476190476,511.8095238095238,6.238095238095238,2.6666666666666665,0.0476190476190476,0
40270,7,4.853646353646353,428.0,471.1428571428572,0.0,0.0,0.0,1
40279,15,2.797415084915085,528.4,517.0,0.2666666666666666,0.4,0.0666666666666666,0
40280,24,2.929976851851852,439.9166666666667,446.4583333333333,0.875,2.333333333333333,0.0,1
40281,11,2.472943722943723,460.6363636363636,491.8181818181818,1.0,8.181818181818182,0.0,1
40305,7,2.641372912801484,530.5714285714286,594.7142857142857,0.1428571428571428,1.5714285714285714,0.0,1
40327,5,3.246666666666667,509.6,479.0,0.2,0.8,0.2,0
40349,8,3.455952380952381,430.125,482.875,1.0,6.0,0.0,1
40381,8,2.090029761904762,316.25,304.25,1.125,0.25,0.125,0
40385,6,4.365909090909091,586.1666666666666,643.0,1.0,4.666666666666667,0.0,1
40391,8,2.273571159232924,413.75,453.0,1.5,1.25,0.0,1
40392,6,4.066468253968254,520.6666666666666,522.1666666666666,0.0,0.0,0.0,1
40393,6,2.3684944684944687,434.3333333333333,445.5,0.0,0.0,0.0,1
40446,9,4.427479927479927,493.44444444444446,492.0,2.7777777777777777,5.555555555555555,0.0,1
40460,18,2.464014031777189,493.8888888888889,511.3333333333333,1.2222222222222223,4.333333333333333,0.0,1
40461,20,5.6884464391817335,473.15,533.4,0.7,1.5,0.0,1
40507,7,2.58140589569161,382.8571428571428,431.1428571428572,0.2857142857142857,0.8571428571428571,0.0,1
40509,6,2.204040404040404,442.3333333333333,485.1666666666667,0.0,0.0,0.0,1
40515,8,2.2637987012987013,360.375,403.75,0.125,1.75,0.0,1
40517,6,1.4115763865763864,341.6666666666667,394.1666666666667,1.1666666666666667,2.5,0.0,1
40521,29,3.036953276608449,340.86206896551727,340.0689655172414,1.0,2.896551724137931,0.0344827586206896,0
40523,5,2.1403246753246754,544.2,527.6,3.4,2.0,0.0,1
40536,7,1.4608225108225106,310.2857142857143,376.8571428571428,0.0,0.0,0.0,1
40538,8,2.9454545454545453,377.25,463.0,0.125,0.875,0.0,1
40550,14,3.2117205215419498,409.3571428571428,478.2142857142857,0.0,0.0,0.0,1
40560,5,2.7542857142857144,413.0,453.4,2.6,1.6,0.0,1
40577,8,2.3631944444444444,463.25,464.875,0.875,2.5,0.375,0
40578,6,3.0861227981971013,627.0,655.8333333333334,0.0,0.0,0.0,1
40596,11,2.9545454545454546,401.54545454545456,416.6363636363636,0.2727272727272727,0.3636363636363636,0.0,1
40611,10,4.640273892773893,398.8,427.0,0.0,0.0,0.0,1
40612,10,2.813007246376812,314.0,313.7,0.1,0.5,0.0,1
40621,11,1.4942312737767285,287.0,312.54545454545456,3.0,3.636363636363636,0.0,1
40648,5,1.753344155844156,368.0,417.8,2.0,4.0,0.0,1
40665,7,3.1765306122448984,423.2857142857143,483.2857142857143,1.4285714285714286,2.142857142857143,0.0,1
40681,6,1.9236111111111116,380.0,459.6666666666667,0.0,0.0,0.1666666666666666,0
40691,5,6.085714285714285,529.2,544.2,0.8,1.8,0.2,0
40693,6,1.959259259259259,346.3333333333333,406.6666666666667,2.6666666666666665,1.8333333333333333,0.0,1
40696,10,2.1881615606615608,361.6,393.3,8.5,1.8,0.0,1
40698,6,1.9814814814814816,380.6666666666667,388.5,1.3333333333333333,1.3333333333333333,0.0,1
40699,5,3.663636363636364,346.6,340.2,1.2,2.4,0.0,1
40712,6,1.689347689347689,340.8333333333333,365.6666666666667,0.0,0.0,0.0,1
40730,7,3.190362811791384,342.0,339.0,3.2857142857142856,1.7142857142857142,0.0,1
40733,5,9.614603174603172,593.6,612.2,0.0,0.0,0.0,1
40734,5,3.158333333333333,478.2,493.2,0.6,1.0,0.0,1
40746,8,3.5322725885225887,427.125,477.0,0.25,1.0,0.0,1
40766,11,5.716843762298307,462.09090909090907,487.9090909090909,1.4545454545454546,3.636363636363636,0.0,1
40767,5,3.148529411764706,350.6,381.8,1.2,1.6,0.0,1
40783,5,2.372063492063492,546.4,483.0,1.6,5.2,0.0,1
40816,5,4.445238095238095,592.4,652.0,1.2,1.8,0.0,1
40817,15,1.766217999406854,364.53333333333336,378.6666666666667,1.2,7.666666666666667,0.0666666666666666,0
40824,5,1.819444444444444,380.2,420.6,0.0,0.0,0.0,1
40839,7,2.3891156462585035,409.2857142857143,434.1428571428572,2.571428571428572,1.7142857142857142,0.1428571428571428,0
40860,15,2.199358974358974,317.93333333333334,387.6666666666667,4.066666666666666,1.8666666666666667,0.0,1
40861,5,2.420952380952381,376.2,399.6,5.0,11.2,0.0,1
40862,6,3.465277777777778,429.6666666666667,444.3333333333333,0.6666666666666666,2.5,0.0,1
40875,6,3.1441798941798944,437.0,513.8333333333334,11.666666666666666,2.6666666666666665,0.0,1
40881,5,7.18,545.6,548.0,2.6,4.8,0.0,1
40885,5,4.156190476190476,471.8,460.6,0.0,0.0,0.0,1
40894,5,3.388484848484848,476.0,539.4,0.0,0.0,0.0,1
40909,7,3.845918367346939,489.0,560.8571428571429,0.4285714285714285,1.7142857142857142,0.0,1
40917,5,1.199280719280719,365.4,419.6,9.2,4.0,0.0,1
40920,5,3.4799999999999995,540.0,613.0,0.2,2.4,0.0,1
40946,6,2.2391925204425207,443.0,461.1666666666667,0.1666666666666666,3.0,0.0,1
40950,5,3.3483333333333336,442.0,440.2,0.0,0.0,0.0,1
40951,7,4.280024737167595,582.4285714285714,610.5714285714286,3.2857142857142856,1.7142857142857142,0.0,1
40956,10,2.462062643239114,433.4,430.0,1.4,3.5,0.0,1
40970,5,2.491190476190476,463.0,408.8,0.0,0.0,0.0,1
40974,5,1.4580656185919345,323.8,361.4,0.0,0.0,0.2,0
40987,11,2.237190082644628,344.27272727272725,361.0,0.2727272727272727,1.6363636363636365,0.0909090909090909,0
40988,6,2.2204124579124582,376.8333333333333,392.8333333333333,0.8333333333333334,6.0,0.0,1
40989,5,4.67979797979798,412.0,479.2,0.6,2.4,0.0,1
40997,6,0.737962962962963,265.0,283.1666666666667,0.6666666666666666,0.6666666666666666,0.0,1
41002,5,2.143369963369963,317.2,378.8,0.0,0.0,0.0,1
41043,5,6.235555555555555,525.6,508.4,0.6,4.0,0.0,1
41049,8,2.382142857142857,497.375,594.0,1.75,1.5,0.0,1
41050,8,3.3720238095238098,385.75,460.75,0.25,1.75,0.0,1
41052,10,3.463782051282051,332.8,377.0,1.0,1.2,0.0,1
41053,7,2.133292104720676,306.2857142857143,325.57142857142856,0.0,0.0,0.0,1
41062,5,2.5828571428571427,292.4,337.6,0.0,0.0,0.2,0
41078,9,2.0449568949568957,554.8888888888889,547.7777777777778,11.0,2.6666666666666665,0.0,1
41082,5,4.917460317460318,364.8,366.8,1.6,1.2,0.2,0
41090,7,3.7863945578231295,398.4285714285714,435.2857142857143,0.5714285714285714,0.8571428571428571,0.0,1
41095,5,3.643345543345544,414.6,527.0,1.8,4.0,0.0,1
41119,6,3.5231481481481484,310.0,292.3333333333333,2.5,5.5,0.0,1
41129,6,2.2435515873015874,526.8333333333334,473.1666666666667,1.0,3.0,0.0,1
41132,6,1.8817155067155067,340.3333333333333,442.8333333333333,0.6666666666666666,2.1666666666666665,0.0,1
41148,6,2.37936507936508,452.8333333333333,486.5,2.333333333333333,12.5,0.0,1
41149,15,4.301575276575277,483.8666666666667,502.06666666666666,1.2666666666666666,5.866666666666666,0.0,1
41150,8,3.308518217893218,426.75,452.75,0.0,0.0,0.0,1
41151,8,1.6552083333333334,241.0,257.125,1.0,0.875,0.0,1
41152,8,2.7625829032079032,360.125,438.0,0.375,1.75,0.0,1
41153,8,2.516396103896104,380.375,427.25,2.75,3.75,0.0,1
41170,9,4.086952861952862,532.1111111111111,511.6666666666667,0.0,0.0,0.0,1
41181,17,4.044902775243333,463.5882352941176,535.7058823529412,0.1764705882352941,3.176470588235294,0.0,1
41187,5,1.8719696969696968,465.6,450.0,1.0,2.6,0.0,1
41190,6,2.2624338624338622,397.3333333333333,358.0,10.0,10.0,0.1666666666666666,0
41194,29,3.3886687433594127,440.7586206896552,503.9310344827586,0.5172413793103449,5.275862068965517,0.0,1
41264,5,1.6745704295704296,282.2,290.2,5.0,15.2,0.0,1
41265,5,2.2467099567099567,284.2,300.2,0.8,5.4,0.0,1
41295,5,5.192380952380953,479.0,520.6,0.6,2.4,0.0,1
41307,9,3.2950937950937957,462.44444444444446,515.7777777777778,0.7777777777777778,0.8888888888888888,0.0,1
41308,9,1.5135521885521883,368.8888888888889,391.1111111111111,2.111111111111111,1.3333333333333333,0.0,1
41309,17,3.1970661691249926,496.52941176470586,538.0,2.823529411764706,5.882352941176471,0.0,1
41322,9,3.017416225749559,390.55555555555554,468.44444444444446,0.1111111111111111,0.2222222222222222,0.0,1
41350,7,2.3144300144300147,541.8571428571429,586.7142857142857,1.5714285714285714,7.142857142857143,0.0,1
41359,14,3.821269387961934,474.5,495.5,1.0714285714285714,16.571428571428573,0.0,1
41360,12,3.245185485810486,425.75,453.0833333333333,0.3333333333333333,2.0,0.0,1
41399,6,1.6367165242165242,363.3333333333333,400.3333333333333,0.0,0.0,0.0,1
41420,5,1.734065934065934,346.4,419.6,2.6,13.8,0.0,1
41427,8,5.166729104229105,413.875,433.625,0.0,0.0,0.0,1
41454,9,1.8233024691358024,320.6666666666667,337.44444444444446,0.6666666666666666,3.111111111111111,0.0,1
41479,5,1.8206349206349208,348.2,330.6,7.2,10.8,0.0,1
41487,7,3.6619047619047618,449.0,480.7142857142857,0.1428571428571428,2.2857142857142856,0.1428571428571428,0
41505,7,2.6891156462585037,440.8571428571428,442.57142857142856,0.0,0.0,0.1428571428571428,0
41506,8,1.5281250000000002,385.75,380.5,1.5,1.5,0.125,0
41513,7,3.302110587824873,602.1428571428571,616.8571428571429,1.7142857142857142,1.2857142857142858,0.0,1
41531,8,3.899758227883228,398.0,411.25,3.5,6.25,0.125,0
41553,10,1.8481929181929184,343.8,389.3,0.1,0.8,0.0,1
41555,6,2.578790191290191,393.6666666666667,458.6666666666667,0.0,0.0,0.0,1
41566,5,3.787878787878788,329.0,344.2,0.0,0.0,0.0,1
41629,6,1.7313431938431938,395.8333333333333,377.5,2.6666666666666665,9.166666666666666,0.0,1
41635,7,7.033333333333333,598.7142857142857,688.0,1.2857142857142858,13.285714285714286,0.0,1
41636,7,4.990986394557823,543.7142857142857,566.7142857142857,1.1428571428571428,1.2857142857142858,0.0,1
41637,7,3.645238095238096,398.8571428571428,411.1428571428572,0.0,0.0,0.0,1
41638,7,4.663986806843949,424.8571428571428,460.57142857142856,0.2857142857142857,0.8571428571428571,0.0,1
41644,6,12.805555555555555,586.5,558.6666666666666,3.5,5.0,0.0,1
41646,6,4.467765567765568,437.0,466.3333333333333,1.1666666666666667,11.5,0.0,1
41652,10,2.903488455988456,407.6,414.4,0.8,3.2,0.0,1
41665,5,1.5315151515151515,285.6,316.0,1.0,2.4,0.0,1
41682,14,3.0936971758400333,454.57142857142856,490.2857142857143,0.1428571428571428,0.7142857142857143,0.0,1
41688,9,1.576722968389635,331.0,359.22222222222223,0.0,0.0,0.0,1
41710,6,2.0104617604617605,294.0,293.3333333333333,0.0,0.0,0.0,1
41718,10,3.768326118326118,475.9,515.4,1.8,6.6,0.0,1
41719,5,2.1244444444444444,346.6,345.2,0.6,1.6,0.0,1
41720,18,3.209611992945326,385.77777777777777,424.94444444444446,2.111111111111111,3.111111111111111,0.0,1
41721,5,1.6705128205128204,380.6,437.8,2.2,3.6,0.0,1
41750,5,1.7170868347338937,541.8,409.4,1.0,12.0,0.0,1
41751,6,2.9764069264069266,368.1666666666667,384.5,0.8333333333333334,2.6666666666666665,0.0,1
41752,6,7.155573593073593,481.5,523.0,0.0,0.0,0.0,1
41753,6,2.142016806722689,477.6666666666667,435.0,0.3333333333333333,2.1666666666666665,0.0,1
41754,5,2.6225974025974024,383.6,436.4,4.2,10.0,0.2,0
41762,6,2.899206349206349,390.1666666666667,383.0,0.1666666666666666,1.8333333333333333,0.1666666666666666,0
41799,5,2.461904761904762,395.2,438.0,0.2,1.4,0.0,1
41805,5,3.67968253968254,403.2,368.4,0.2,2.4,0.0,1
41816,16,4.954720973470973,489.5,522.875,0.8125,4.125,0.0625,0
41823,13,2.1729089286781598,482.5384615384616,570.0769230769231,1.3076923076923077,8.615384615384615,0.0,1
41835,7,1.7139784818356247,411.1428571428572,428.57142857142856,0.5714285714285714,1.1428571428571428,0.0,1
41867,6,2.521717171717172,461.1666666666667,501.6666666666667,0.3333333333333333,4.666666666666667,0.0,1
41868,11,4.7931031090122,679.0909090909091,679.0909090909091,5.2727272727272725,10.636363636363637,0.0,1
41887,5,7.0777777777777775,708.6,671.0,0.0,0.0,0.0,1
41898,6,2.9791666666666665,478.3333333333333,456.1666666666667,0.5,3.0,0.0,1
41901,6,2.094271469271469,338.1666666666667,334.3333333333333,0.3333333333333333,2.0,0.0,1
41936,8,3.5999368686868687,452.0,497.25,0.75,1.25,0.0,1
41937,8,3.023200757575758,378.5,457.5,0.125,1.75,0.0,1
41947,12,1.792763949013949,300.9166666666667,339.5,1.5,5.0,0.0,1
41948,14,3.792437126365698,511.07142857142856,536.7857142857143,0.0714285714285714,0.5714285714285714,0.0,1
41973,6,2.6509259259259257,380.1666666666667,460.0,2.833333333333333,0.6666666666666666,0.0,1
41984,5,2.492777777777777,494.2,461.0,4.0,2.0,0.2,0
41993,16,3.1044507575757576,436.8125,463.25,0.1875,0.75,0.0,1
41994,5,1.8794444444444445,439.2,464.8,0.2,1.4,0.0,1
41997,5,4.988095238095238,410.2,455.4,1.0,5.6,0.0,1
42019,6,2.1014957264957266,345.1666666666667,408.3333333333333,2.6666666666666665,1.1666666666666667,0.0,1
42041,5,3.533076923076923,431.0,511.0,6.6,3.2,0.0,1
42042,5,1.993822843822844,403.0,480.0,0.2,3.2,0.0,1
42048,8,2.5403029160382102,355.75,374.875,0.875,3.0,0.0,1
42055,5,9.074444444444444,593.6,599.2,8.6,11.4,0.0,1
42061,15,2.316442152618623,333.7333333333333,383.4,1.1333333333333333,2.6666666666666665,0.0,1
42082,5,2.9795238095238097,474.4,535.0,0.0,0.0,0.0,1
42091,8,1.6375074272133094,276.75,297.625,1.375,3.0,0.0,1
42094,20,3.114940476190476,436.5,454.55,1.65,4.4,0.0,1
42108,8,3.4206349206349205,415.75,443.625,0.625,0.75,0.0,1
42125,7,2.649284049284049,386.7142857142857,396.57142857142856,1.1428571428571428,1.1428571428571428,0.1428571428571428,0
42151,11,2.5979369115732758,332.6363636363636,396.27272727272725,1.0,4.909090909090909,0.0,1
42157,7,2.498412698412698,367.2857142857143,394.0,3.4285714285714284,4.285714285714286,0.0,1
42160,5,3.512489177489178,478.4,529.0,2.0,6.4,0.0,1
42173,7,2.1090290661719235,337.85714285714283,336.1428571428572,0.4285714285714285,0.2857142857142857,0.0,1
42174,11,2.265818777182413,346.45454545454544,366.1818181818182,0.1818181818181818,2.909090909090909,0.0,1
42176,6,2.13578431372549,442.3333333333333,452.3333333333333,0.0,0.0,0.0,1
42204,5,3.5263636363636364,540.0,600.8,9.2,3.2,0.0,1
42231,9,4.295580454403984,421.44444444444446,460.22222222222223,2.0,8.88888888888889,0.0,1
42232,11,6.524891774891774,704.1818181818181,682.5454545454545,0.0,0.0,0.0,1
42269,6,1.846969696969697,435.3333333333333,368.6666666666667,3.0,11.666666666666666,0.0,1
42284,6,3.854882154882155,414.3333333333333,442.1666666666667,0.3333333333333333,2.333333333333333,0.0,1
42329,6,6.9305555555555545,461.1666666666667,490.5,0.0,0.0,0.0,1
42330,5,2.191868131868132,376.6,329.2,0.2,1.0,0.0,1
42331,8,5.0881410256410255,559.875,555.875,1.625,7.125,0.0,1
42360,12,1.4097467347467347,309.5833333333333,362.6666666666667,1.0833333333333333,2.5,0.0,1
42361,13,3.1343406593406598,450.3076923076923,504.5384615384616,1.3076923076923077,1.8461538461538465,0.0,1
42370,9,2.95,664.1111111111111,582.0,4.555555555555555,9.666666666666666,0.0,1
42377,7,4.6121753246753245,436.7142857142857,466.2857142857143,0.7142857142857143,1.7142857142857142,0.0,1
42381,5,2.322323232323233,321.6,346.6,1.8,3.4,0.0,1
42407,12,3.5173280423280424,452.6666666666667,470.25,6.416666666666667,2.083333333333333,0.0833333333333333,0
42409,9,2.177750027750028,353.8888888888889,416.77777777777777,0.8888888888888888,2.333333333333333,0.1111111111111111,0
42418,5,3.9057142857142857,454.2,500.6,0.2,1.2,0.0,1
42438,5,1.662121212121212,336.8,375.0,0.2,1.4,0.0,1
42440,7,2.987198515769944,460.1428571428572,548.7142857142857,1.1428571428571428,3.4285714285714284,0.0,1
42446,6,2.7191919191919194,458.5,468.0,0.0,0.0,0.0,1
42450,7,3.270862470862471,569.4285714285714,504.8571428571428,0.2857142857142857,0.7142857142857143,0.0,1
42457,5,3.263076923076923,517.6,502.2,2.2,1.8,0.0,1
42459,8,2.1896811521811523,412.5,442.125,1.375,3.5,0.125,0
42472,5,3.911111111111112,584.6,648.8,1.0,1.0,0.0,1
42476,12,2.770083273208273,368.1666666666667,410.5833333333333,1.5,0.8333333333333334,0.0,1
42487,5,1.991111111111111,408.8,401.4,3.2,5.2,0.2,0
42492,9,2.0538858363858363,328.44444444444446,355.0,0.1111111111111111,0.5555555555555556,0.1111111111111111,0
42493,6,3.2426748689906586,376.8333333333333,388.5,6.5,8.333333333333334,0.1666666666666666,0
42499,8,3.4610795454545453,539.75,564.75,0.5,3.0,0.0,1
42540,8,2.00670405982906,301.0,321.125,1.5,4.875,0.0,1
42576,5,2.355555555555556,449.0,495.0,0.8,7.6,0.0,1
42609,5,2.9904761904761905,565.8,572.6,5.6,12.6,0.0,1
42610,14,2.1814352314352314,355.0,345.7142857142857,2.571428571428572,1.7142857142857142,0.0,1
42611,7,6.846428571428571,378.4285714285714,404.0,0.8571428571428571,8.142857142857142,0.0,1
42625,15,3.098119288119288,471.6,502.6,2.6666666666666665,12.0,0.0,1
42643,5,7.317142857142857,441.4,445.2,0.0,0.0,0.0,1
42657,8,2.6066468253968256,486.375,558.375,3.125,2.0,0.0,1
42677,7,8.781397174254318,540.8571428571429,535.5714285714286,0.2857142857142857,2.4285714285714284,0.0,1
42678,7,3.2471861471861474,297.0,316.0,0.5714285714285714,2.142857142857143,0.0,1
42679,7,4.468707482993198,424.57142857142856,438.2857142857143,0.0,0.0,0.0,1
42680,7,3.6533189033189033,450.57142857142856,463.8571428571428,0.2857142857142857,3.7142857142857135,0.0,1
42709,6,2.1053113553113554,325.8333333333333,381.6666666666667,0.8333333333333334,5.5,0.0,1
42710,8,2.227125305250305,549.125,535.875,2.25,3.0,0.0,1
42723,5,2.060064935064936,361.4,326.4,0.0,0.0,0.0,1
42724,7,2.263265306122449,426.8571428571428,476.2857142857143,1.8571428571428568,4.0,0.0,1
42747,6,2.452777777777778,420.8333333333333,430.3333333333333,0.0,0.0,0.0,1
42750,7,4.532596371882087,418.1428571428572,487.7142857142857,0.5714285714285714,1.1428571428571428,0.0,1
42771,5,1.4268907563025208,415.4,460.0,5.4,3.2,0.0,1
42811,7,2.728865578865579,379.1428571428572,397.0,0.0,0.0,0.0,1
42826,6,3.1838924963924966,425.0,397.8333333333333,0.5,0.8333333333333334,0.0,1
42834,7,2.4694083694083697,541.2857142857143,631.2857142857143,1.2857142857142858,0.7142857142857143,0.0,1
42848,21,2.596344396344396,352.57142857142856,404.04761904761904,0.4761904761904761,0.2857142857142857,0.0,1
42849,22,3.767874119344708,447.95454545454544,482.1363636363636,0.6363636363636364,2.1818181818181817,0.0,1
42855,5,4.425,449.2,385.2,2.8,5.2,0.0,1
42858,6,1.7797619047619044,361.0,438.8333333333333,0.0,0.0,0.1666666666666666,0
42873,5,3.5892857142857144,416.8,409.2,2.4,0.8,0.0,1
42875,5,6.633333333333333,632.8,642.8,1.0,2.4,0.0,1
42892,6,1.982371794871795,392.0,408.6666666666667,1.8333333333333333,1.1666666666666667,0.0,1
42893,5,2.310277777777778,474.8,447.4,0.0,0.0,0.0,1
42895,13,3.02637170521786,396.1538461538461,392.0,0.7692307692307693,3.8461538461538463,0.0,1
42896,6,3.646626984126984,475.8333333333333,505.5,0.6666666666666666,1.6666666666666667,0.0,1
42897,7,2.447619047619048,395.0,420.2857142857143,5.571428571428571,3.0,0.0,1
42913,6,2.2705627705627704,453.8333333333333,508.8333333333333,0.3333333333333333,0.8333333333333334,0.0,1
42931,5,2.595757575757576,465.6,557.6,0.0,0.0,0.2,0
42934,5,2.7111111111111112,454.8,376.8,0.4,1.0,0.0,1
42940,5,3.578333333333333,403.0,460.2,0.8,6.6,0.0,1
42950,5,3.2141666666666664,381.2,432.6,0.2,3.0,0.0,1
42951,12,3.5012793578970047,439.6666666666667,484.1666666666667,9.166666666666666,5.0,0.0,1
42961,12,5.696951659451659,368.5,408.8333333333333,0.25,1.3333333333333333,0.0,1
42962,15,4.608888888888888,513.2666666666667,531.0,0.3333333333333333,1.2,0.0,1
42978,5,3.818787878787879,459.2,401.6,1.6,5.4,0.2,0
42979,5,3.736666666666667,432.4,325.8,2.8,4.8,0.0,1
42982,5,1.266341991341991,268.0,234.6,5.6,4.8,0.0,1
42983,5,1.4795454545454547,367.8,401.2,0.0,0.0,0.0,1
43019,8,2.758387445887446,364.0,389.75,0.5,8.0,0.0,1
43021,6,2.4212662337662336,517.6666666666666,553.5,7.166666666666667,1.3333333333333333,0.0,1
43038,7,3.44582560296846,498.57142857142856,508.1428571428572,1.2857142857142858,2.571428571428572,0.0,1
43045,8,6.952876984126984,483.625,494.375,0.375,2.0,0.0,1
43053,9,2.981782106782107,386.1111111111111,391.77777777777777,8.333333333333334,1.6666666666666667,0.1111111111111111,0
43059,7,5.178432282003711,573.1428571428571,611.0,0.8571428571428571,0.5714285714285714,0.0,1
43101,7,3.4784929356357925,423.7142857142857,479.0,0.1428571428571428,0.7142857142857143,0.0,1
43102,7,4.238203463203464,452.7142857142857,534.1428571428571,0.7142857142857143,2.0,0.0,1
43118,6,2.838598901098901,457.5,500.6666666666667,2.333333333333333,3.0,0.0,1
43129,13,2.595405129058975,323.7692307692308,401.0769230769231,0.3076923076923077,2.0,0.0,1
43134,13,4.674847374847375,484.9230769230769,547.3846153846154,0.3846153846153846,2.769230769230769,0.0,1
43135,11,2.561976911976912,368.9090909090909,413.6363636363636,0.2727272727272727,2.1818181818181817,0.0,1
43162,6,3.526767676767677,464.1666666666667,437.0,3.5,5.5,0.0,1
43184,19,2.249713736555841,367.05263157894734,390.1578947368421,2.263157894736842,2.1052631578947367,0.0526315789473684,0
43192,6,2.855952380952381,490.3333333333333,514.6666666666666,1.3333333333333333,10.0,0.0,1
43209,12,3.2296657046657047,455.6666666666667,494.3333333333333,0.4166666666666667,3.333333333333333,0.0,1
43210,17,2.075860495713437,344.0,407.88235294117646,0.7647058823529411,7.0588235294117645,0.0,1
43273,5,5.3151515151515145,471.4,521.0,0.2,1.2,0.0,1
43285,6,3.3031746031746034,476.0,556.0,2.0,5.333333333333333,0.0,1
43308,5,3.315454545454545,551.8,574.0,1.0,0.8,0.0,1
43312,7,4.014285714285714,498.8571428571428,496.2857142857143,0.0,0.0,0.0,1
43335,7,4.73992673992674,352.85714285714283,420.4285714285714,0.0,0.0,0.0,1
43336,7,5.797711811997526,352.57142857142856,412.8571428571428,0.0,0.0,0.0,1
43337,7,5.880952380952381,529.4285714285714,543.7142857142857,0.0,0.0,0.0,1
43339,7,3.748809523809524,452.7142857142857,501.1428571428572,0.2857142857142857,0.4285714285714285,0.0,1
43341,11,2.428541912632822,388.6363636363636,434.27272727272725,1.181818181818182,3.1818181818181817,0.0,1
43356,5,1.2754761904761904,317.6,267.8,0.0,0.0,0.2,0
43380,5,4.217142857142857,356.0,324.8,2.8,6.0,0.0,1
43381,9,1.2425232719350368,297.6666666666667,289.3333333333333,3.6666666666666665,3.6666666666666665,0.0,1
43386,20,2.66561507936508,404.55,476.5,0.55,3.2,0.05,0
43391,9,1.7116946778711484,332.44444444444446,375.22222222222223,0.0,0.0,0.1111111111111111,0
43411,5,2.7014285714285715,363.4,351.0,0.2,0.6,0.0,1
43419,6,2.9684194890077245,438.3333333333333,486.3333333333333,0.5,6.166666666666667,0.0,1
43424,9,3.1964794464794464,432.55555555555554,493.44444444444446,0.4444444444444444,1.5555555555555556,0.0,1
43429,9,2.976094276094276,520.1111111111111,555.0,0.4444444444444444,1.1111111111111112,0.0,1
43442,5,3.327619047619048,377.8,440.4,1.0,2.4,0.0,1
43452,7,2.913186813186813,507.8571428571428,553.0,2.571428571428572,6.285714285714286,0.0,1
43453,8,2.9448450854700856,352.75,431.875,0.0,0.0,0.0,1
43465,5,4.466666666666667,512.4,547.6,1.2,1.2,0.0,1
43524,17,4.148840783399606,533.3529411764706,539.5882352941177,0.2941176470588235,1.1764705882352942,0.0,1
43542,6,6.339438339438339,400.3333333333333,441.0,1.8333333333333333,3.333333333333333,0.0,1
43611,9,3.0654761904761907,512.5555555555555,539.6666666666666,0.8888888888888888,2.0,0.0,1
43612,7,6.58015873015873,409.1428571428572,519.1428571428571,0.0,0.0,0.0,1
43633,13,2.565039447731756,325.7692307692308,339.46153846153845,0.8461538461538461,0.3076923076923077,0.0,1
43634,9,6.720594837261504,583.0,562.1111111111111,0.0,0.0,0.0,1
43646,9,1.6522707231040563,397.3333333333333,421.0,0.6666666666666666,2.6666666666666665,0.0,1
43670,5,1.8928571428571428,390.2,399.4,0.0,0.0,0.0,1
43671,5,1.6142857142857143,292.6,260.2,0.4,1.2,0.2,0
43719,14,3.7365130900845194,442.7142857142857,513.9285714285714,0.2142857142857142,0.8571428571428571,0.0,1
43739,8,3.856696428571429,408.625,472.125,1.875,2.5,0.0,1
43740,5,2.7077777777777774,448.0,454.2,0.2,2.4,0.0,1
43745,5,3.7666666666666666,516.8,549.6,0.2,1.0,0.0,1
43757,7,1.740105132962276,379.8571428571428,390.0,3.571428571428572,2.2857142857142856,0.0,1
43759,5,3.5166666666666666,413.8,398.0,0.2,1.0,0.0,1
43760,11,2.632353757353757,450.6363636363636,477.45454545454544,1.5454545454545454,3.636363636363636,0.0,1
43772,9,3.2899029982363315,364.0,435.6666666666667,1.7777777777777777,1.7777777777777777,0.0,1
43817,5,5.133333333333334,675.0,581.6,0.0,0.0,0.0,1
43831,9,2.439385922719256,325.44444444444446,356.44444444444446,0.2222222222222222,2.0,0.0,1
43832,9,2.8095117845117845,467.0,492.22222222222223,0.2222222222222222,1.7777777777777777,0.0,1
43833,5,3.5416666666666665,374.8,441.6,1.0,2.0,0.0,1
43839,5,1.649013209013209,338.0,398.0,0.6,6.6,0.0,1
43866,25,2.9768939948939948,486.72,546.28,1.44,5.12,0.0,1
43872,6,1.5016835016835015,343.5,364.6666666666667,1.0,1.6666666666666667,0.0,1
43878,6,2.5047619047619047,362.1666666666667,405.8333333333333,0.3333333333333333,1.3333333333333333,0.0,1
43881,7,4.463265306122449,527.5714285714286,616.2857142857143,0.5714285714285714,8.571428571428571,0.0,1
43888,9,1.702421035754369,399.77777777777777,417.6666666666667,1.8888888888888888,4.0,0.0,1
43899,6,4.694444444444445,470.3333333333333,443.1666666666667,0.6666666666666666,1.5,0.0,1
43900,10,1.931678321678321,372.7,446.4,0.1,0.5,0.0,1
43907,5,2.8433333333333333,503.2,545.2,1.0,2.4,0.0,1
43919,19,3.889837355626829,425.6315789473685,465.3684210526316,3.5789473684210527,4.789473684210527,0.0,1
43929,16,3.866480568043068,399.0,450.875,0.0625,0.5,0.0,1
43939,9,4.053703703703704,341.55555555555554,394.6666666666667,0.4444444444444444,1.3333333333333333,0.0,1
43943,5,3.225858585858586,378.8,436.0,0.8,2.8,0.0,1
43945,6,3.4569444444444444,515.3333333333334,487.8333333333333,5.833333333333333,15.0,0.0,1
43951,5,2.805238095238095,443.2,485.6,1.8,2.4,0.2,0
43953,5,1.5287179487179483,387.2,385.8,6.2,2.8,0.0,1
43955,14,4.020516388373531,446.9285714285714,443.3571428571428,1.8571428571428568,2.2857142857142856,0.0,1
43956,8,4.496645021645022,436.875,428.125,1.25,4.875,0.0,1
43990,5,2.271284271284272,382.8,427.2,1.0,3.6,0.0,1
44018,23,3.446583850931677,454.5652173913044,515.5652173913044,0.217391304347826,1.565217391304348,0.0,1
44019,15,3.1348148148148147,475.3333333333333,540.2666666666667,2.6666666666666665,5.333333333333333,0.0,1
44048,5,1.5384731934731934,331.8,387.6,1.6,5.4,0.0,1
44052,7,1.8558608058608057,340.0,309.0,1.1428571428571428,3.4285714285714284,0.1428571428571428,0
44054,7,4.267573696145125,496.2857142857143,456.7142857142857,1.1428571428571428,1.0,0.1428571428571428,0
44057,5,2.784090909090909,452.8,450.8,0.4,1.6,0.0,1
44058,22,2.2309204684204684,407.45454545454544,469.5,1.6363636363636365,6.545454545454546,0.0,1
44070,9,3.778330928330929,432.6666666666667,464.1111111111111,0.0,0.0,0.0,1
44087,6,3.702597402597403,569.1666666666666,636.0,1.0,2.0,0.0,1
44088,7,3.0693877551020408,370.7142857142857,436.4285714285714,1.2857142857142858,12.142857142857142,0.0,1
44093,8,4.689236111111111,470.125,505.125,3.75,15.75,0.0,1
44103,5,2.157142857142857,376.6,438.0,1.0,0.6,0.0,1
44133,9,5.370743454076788,451.6666666666667,514.4444444444445,0.3333333333333333,3.333333333333333,0.0,1
44134,8,2.728273809523809,443.375,517.75,3.375,3.0,0.0,1
44150,6,4.0773809523809526,432.5,472.8333333333333,0.8333333333333334,1.1666666666666667,0.0,1
44157,6,1.7888888888888888,305.5,300.5,4.666666666666667,3.5,0.0,1
44160,6,1.7425653594771242,358.8333333333333,340.1666666666667,0.1666666666666666,1.6666666666666667,0.0,1
44166,23,4.323658949745906,496.0434782608696,528.4347826086956,1.434782608695652,2.6956521739130435,0.0,1
44169,6,1.653525641025641,376.1666666666667,398.0,0.8333333333333334,6.0,0.1666666666666666,0
44213,6,1.737878787878788,341.1666666666667,343.1666666666667,2.1666666666666665,12.666666666666666,0.1666666666666666,0
44228,5,4.233333333333333,485.2,497.6,0.6,1.2,0.0,1
44241,5,1.4452380952380952,311.0,336.8,0.4,2.4,0.2,0
44265,6,2.927020202020202,513.5,579.0,2.5,10.5,0.0,1
44271,21,1.361876141287906,293.6190476190476,311.57142857142856,1.0,2.333333333333333,0.0,1
44272,35,2.3183632240775096,309.42857142857144,354.3428571428572,0.5142857142857142,2.2857142857142856,0.0571428571428571,0
44276,5,2.888333333333333,397.2,368.8,2.2,9.6,0.0,1
44279,5,2.506153846153846,450.8,477.0,6.4,2.4,0.0,1
44296,5,2.7857142857142856,342.8,357.4,1.2,9.6,0.0,1
44317,5,3.546363636363636,372.0,422.0,0.6,4.8,0.0,1
44321,7,4.120238095238095,632.5714285714286,578.1428571428571,1.0,2.142857142857143,0.0,1
44324,5,2.5444444444444447,437.2,450.0,0.0,0.0,0.0,1
44336,7,4.444671201814059,551.2857142857143,548.5714285714286,4.571428571428571,4.571428571428571,0.0,1
44337,5,2.5260606060606063,451.8,370.8,0.0,0.0,0.0,1
44338,5,3.1427128427128426,374.6,390.8,0.2,2.8,0.0,1
44339,5,2.905555555555556,416.0,437.6,0.0,0.0,0.0,1
44342,6,2.4493386243386244,357.0,339.3333333333333,3.5,4.0,0.0,1
44348,8,5.347172619047619,442.375,494.5,5.25,2.25,0.0,1
44353,5,3.1266666666666665,489.2,564.4,0.0,0.0,0.0,1
44355,9,4.121825396825397,352.44444444444446,396.3333333333333,1.7777777777777777,4.0,0.0,1
44356,12,2.320436507936508,353.1666666666667,376.0,0.1666666666666666,2.0,0.0,1
44364,9,4.003510378510379,324.1111111111111,334.8888888888889,0.0,0.0,0.0,1
44365,5,3.507142857142857,434.0,434.4,2.8,13.8,0.0,1
44374,9,2.490784832451499,485.6666666666667,508.44444444444446,2.2222222222222223,1.7777777777777777,0.0,1
44381,24,2.766926707551708,382.4583333333333,437.2916666666667,1.125,0.5,0.0,1
44386,6,4.790891053391054,407.1666666666667,469.6666666666667,0.3333333333333333,4.333333333333333,0.0,1
44397,11,1.89666797848616,383.45454545454544,390.09090909090907,0.4545454545454545,0.2727272727272727,0.0,1
44398,16,2.830965909090909,386.1875,402.5,0.0,0.0,0.0,1
44399,10,2.46251443001443,507.0,548.8,0.6,5.2,0.0,1
44418,5,4.092027972027973,432.8,456.6,1.2,6.6,0.0,1
44423,7,2.1729591836734694,361.4285714285714,443.0,1.0,0.8571428571428571,0.0,1
44436,6,4.245833333333334,455.0,458.8333333333333,0.6666666666666666,1.1666666666666667,0.0,1
44437,7,6.732142857142857,533.5714285714286,603.5714285714286,1.7142857142857142,4.714285714285714,0.0,1
44438,6,3.430631868131868,357.6666666666667,403.5,0.5,4.5,0.0,1
44439,6,4.322222222222222,475.5,492.0,0.6666666666666666,1.6666666666666667,0.0,1
44441,5,6.470303030303031,422.2,449.0,2.6,2.4,0.0,1
44442,7,2.3706349206349207,400.0,410.57142857142856,1.4285714285714286,5.571428571428571,0.0,1
44445,5,2.303333333333333,339.6,382.8,0.6,6.0,0.0,1
44517,11,5.242857142857143,450.27272727272725,542.7272727272727,3.363636363636364,4.909090909090909,0.0,1
44525,7,2.8869047619047623,404.57142857142856,462.4285714285714,1.0,4.571428571428571,0.0,1
44565,10,5.176282051282051,389.0,438.0,0.6,2.3,0.0,1
44566,6,5.22516835016835,360.3333333333333,411.5,1.1666666666666667,8.0,0.0,1
44600,11,4.465745365745366,394.09090909090907,406.1818181818182,0.8181818181818182,3.1818181818181817,0.0,1
44601,5,2.7916666666666665,524.6,496.4,0.4,1.8,0.0,1
44607,5,3.246153846153846,551.0,582.8,0.0,0.0,0.0,1
44617,6,3.276587301587301,409.1666666666667,476.5,1.1666666666666667,4.333333333333333,0.0,1
44624,6,2.14537037037037,330.8333333333333,383.6666666666667,0.0,0.0,0.0,1
44640,14,3.950206043956044,473.1428571428572,543.5,0.4285714285714285,3.0,0.0714285714285714,0
44647,9,1.3482884399551065,313.0,338.22222222222223,0.1111111111111111,1.3333333333333333,0.0,1
44658,5,3.736969696969697,468.0,528.6,0.2,0.8,0.0,1
44663,7,5.745054945054945,490.0,499.8571428571428,1.2857142857142858,2.0,0.0,1
44666,6,2.923611111111111,425.8333333333333,406.6666666666667,0.0,0.0,0.1666666666666666,0
44714,33,2.036763993582176,405.3333333333333,399.030303030303,4.606060606060606,5.515151515151516,0.0,1
44716,6,1.6391687016687015,378.1666666666667,447.5,1.6666666666666667,8.833333333333334,0.0,1
44717,5,1.7265079365079363,384.6,368.4,0.6,2.0,0.0,1
44720,14,3.1231305459246634,517.0,504.7142857142857,2.7142857142857144,5.142857142857143,0.0,1
44744,5,4.693333333333333,516.6,550.0,0.8,4.0,0.0,1
44745,9,2.589554272887606,347.8888888888889,433.3333333333333,1.4444444444444444,4.444444444444445,0.0,1
44753,8,3.5321924603174604,325.625,364.125,0.75,4.5,0.125,0
44760,5,4.073333333333333,461.0,514.0,8.0,6.6,0.0,1
44775,13,2.2096986346986345,493.9230769230769,520.7692307692307,1.4615384615384617,4.0,0.0769230769230769,0
44783,8,1.8430694305694304,344.75,401.625,0.25,1.375,0.0,1
44784,6,2.159511784511784,486.8333333333333,522.0,0.0,0.0,0.0,1
44785,12,2.912016687016687,420.5,489.0,0.5,0.6666666666666666,0.0,1
44796,6,2.2944444444444443,337.3333333333333,358.1666666666667,1.1666666666666667,0.6666666666666666,0.0,1
44801,7,3.972675736961452,537.4285714285714,572.2857142857143,0.4285714285714285,4.285714285714286,0.1428571428571428,0
44813,9,4.935768552435219,389.22222222222223,428.22222222222223,2.333333333333333,2.7777777777777777,0.0,1
44830,16,1.8647656772729333,320.5,390.1875,8.0625,6.0,0.0,1
44833,9,1.6209315375982043,334.8888888888889,338.6666666666667,1.1111111111111112,4.222222222222222,0.0,1
44856,5,4.371111111111111,492.4,466.0,13.0,3.0,0.0,1
44893,7,2.8568027210884352,462.1428571428572,498.57142857142856,6.0,5.0,0.0,1
44928,6,1.4075396825396826,354.3333333333333,396.6666666666667,0.0,0.0,0.0,1
44929,7,6.268027210884354,588.2857142857143,584.5714285714286,0.0,0.0,0.0,1
44936,5,3.486538461538461,515.4,551.2,3.6,4.0,0.0,1
44938,5,2.795555555555556,348.8,401.2,0.4,3.6,0.0,1
44940,31,2.615848219880478,401.483870967742,424.4193548387097,1.0,3.612903225806452,0.064516129032258,0
44955,5,1.7738095238095235,316.0,337.0,0.0,0.0,0.2,0
44986,5,2.943560606060606,353.6,402.6,0.8,0.8,0.0,1
45015,5,3.2438095238095235,502.0,528.2,5.8,11.4,0.0,1
45043,6,2.1917929292929297,305.6666666666667,353.8333333333333,0.1666666666666666,1.0,0.0,1
45054,9,2.4731795981795983,499.22222222222223,525.1111111111111,0.6666666666666666,10.666666666666666,0.1111111111111111,0
45077,8,2.014957264957265,487.0,556.875,0.125,2.875,0.125,0
45081,5,1.7248917748917747,447.2,532.8,2.2,6.8,0.0,1
45083,5,3.568282828282828,532.8,531.4,1.2,4.0,0.0,1
45084,7,1.5184307056155797,290.57142857142856,289.2857142857143,1.0,1.1428571428571428,0.0,1
45088,5,2.387249417249417,449.6,475.0,2.6,1.6,0.0,1
45097,6,2.817171717171717,382.5,391.5,1.3333333333333333,2.1666666666666665,0.3333333333333333,0
45108,5,2.082727272727273,332.6,405.2,0.4,1.2,0.0,1
45109,5,1.8854978354978356,360.4,345.8,0.2,1.4,0.0,1
45146,5,3.986666666666667,544.4,526.6,1.4,18.4,0.0,1
45163,11,3.849386724386725,541.5454545454545,587.3636363636364,0.3636363636363636,0.7272727272727273,0.0,1
45169,5,3.436190476190476,399.4,430.4,8.2,3.4,0.0,1
45184,16,2.7969135031635037,414.9375,433.0,0.9375,5.75,0.0625,0
45202,7,1.7297619047619048,354.57142857142856,423.4285714285714,0.5714285714285714,1.7142857142857142,0.0,1
45209,5,2.45,320.0,338.6,1.0,5.2,0.0,1
45210,5,1.7064285714285714,342.2,377.8,0.2,1.6,0.0,1
45212,5,6.333333333333334,434.2,474.6,0.6,1.8,0.0,1
45222,5,3.4111111111111114,499.8,520.2,1.0,5.6,0.0,1
45231,14,2.747972370766489,495.5,523.7857142857143,0.5,1.7857142857142858,0.0,1
45233,7,3.243877551020408,334.0,380.8571428571428,1.2857142857142858,5.142857142857143,0.0,1
45244,11,3.406178669815034,484.7272727272728,575.1818181818181,0.2727272727272727,1.0909090909090908,0.0,1
45245,14,3.1800683443540585,475.3571428571428,502.07142857142856,0.0714285714285714,0.2142857142857142,0.0,1
45246,9,2.541469178969179,428.44444444444446,491.22222222222223,16.0,7.0,0.0,1
45247,11,2.698396300669028,373.45454545454544,414.09090909090907,0.3636363636363636,0.2727272727272727,0.0909090909090909,0
45266,10,2.121361737677528,341.9,330.5,0.7,3.9,0.0,1
45280,5,3.4003968253968253,534.0,579.4,0.4,3.6,0.0,1
45291,11,3.745023915478461,471.1818181818182,495.8181818181818,1.0,2.727272727272727,0.0909090909090909,0
45292,10,3.2905538905538902,399.4,477.1,0.7,1.8,0.1,0
45293,7,3.180555555555556,372.0,456.4285714285714,0.8571428571428571,3.4285714285714284,0.1428571428571428,0
45308,5,6.769696969696969,609.0,695.4,1.4,6.6,0.0,1
45309,11,3.032503607503607,357.8181818181818,451.09090909090907,1.2727272727272727,1.4545454545454546,0.0,1
45368,5,1.4717032967032968,358.8,360.2,0.0,0.0,0.0,1
45387,11,1.7993589743589744,303.90909090909093,312.72727272727275,1.2727272727272727,1.6363636363636365,0.1818181818181818,0
45406,9,1.648419481752815,390.77777777777777,463.1111111111111,0.0,0.0,0.0,1
45413,6,1.8186507936507936,458.3333333333333,472.6666666666667,1.3333333333333333,3.333333333333333,0.0,1
45424,9,1.8398354325985904,478.6666666666667,563.8888888888889,0.2222222222222222,2.0,0.0,1
45464,9,2.0755772005772006,360.0,395.44444444444446,0.2222222222222222,3.4444444444444446,0.0,1
45474,6,2.8828162578162577,321.6666666666667,314.5,1.8333333333333333,1.1666666666666667,0.1666666666666666,0
45485,16,2.184626831501832,349.9375,367.0625,5.8125,9.6875,0.0,1
45487,17,2.9143430099312453,417.1764705882353,465.7647058823529,2.647058823529412,6.176470588235294,0.0,1
45488,12,1.3531641969141968,266.0833333333333,277.1666666666667,2.0,6.25,0.0833333333333333,0
45511,11,2.0174242424242426,407.6363636363636,459.8181818181818,0.4545454545454545,1.2727272727272727,0.0,1
45512,9,3.8746438746438745,367.8888888888889,375.44444444444446,1.2222222222222223,0.6666666666666666,0.1111111111111111,0
45513,5,5.347619047619048,482.8,517.4,9.4,1.6,0.0,1
45514,8,2.610479797979798,390.0,397.125,0.125,0.5,0.0,1
45518,12,3.019288119288119,417.4166666666667,484.6666666666667,0.1666666666666666,1.1666666666666667,0.0,1
45519,5,2.5623809523809524,408.8,455.2,0.4,2.0,0.0,1
45520,6,1.511658249158249,334.3333333333333,359.5,3.5,4.833333333333333,0.0,1
45526,7,1.891156462585034,276.7142857142857,273.42857142857144,1.2857142857142858,2.0,0.1428571428571428,0
45531,5,3.336666666666667,426.2,476.6,6.2,9.6,0.0,1
45540,5,2.536904761904762,410.8,466.0,0.2,1.4,0.0,1
45579,7,4.571428571428571,286.57142857142856,316.1428571428572,0.2857142857142857,0.5714285714285714,0.1428571428571428,0
45584,10,2.530576923076923,559.8,463.2,0.2,1.9,0.0,1
45587,6,2.153030303030303,390.6666666666667,426.6666666666667,1.1666666666666667,8.0,0.0,1
45591,9,1.6287490287490287,407.0,468.22222222222223,2.7777777777777777,20.22222222222222,0.0,1
45595,10,2.716955266955267,382.1,400.6,2.7,1.8,0.0,1
45596,5,5.077197802197802,504.8,579.4,0.0,0.0,0.0,1
45597,7,5.087816944959802,389.2857142857143,426.1428571428572,1.7142857142857142,3.4285714285714284,0.0,1
45598,9,4.678745328745329,566.5555555555555,625.1111111111111,0.2222222222222222,2.555555555555556,0.0,1
45599,7,5.676685219542363,357.0,378.2857142857143,0.4285714285714285,2.571428571428572,0.0,1
45601,5,2.828174603174604,452.6,462.8,0.2,1.8,0.0,1
45619,5,5.531666666666667,339.4,350.4,1.8,4.8,0.0,1
45626,6,3.6064814814814814,584.6666666666666,607.8333333333334,0.5,1.5,0.0,1
45633,6,1.7711640211640212,300.5,352.1666666666667,0.0,0.0,0.0,1
45634,11,2.4290764790764787,407.1818181818182,430.27272727272725,0.2727272727272727,0.7272727272727273,0.0,1
45660,5,5.845238095238095,623.6,540.0,1.2,1.4,0.0,1
45689,6,1.897875816993464,338.0,325.1666666666667,9.833333333333334,4.833333333333333,0.0,1
45693,7,2.18018093018093,366.57142857142856,396.4285714285714,0.4285714285714285,1.7142857142857142,0.0,1
45717,7,2.386075036075036,420.57142857142856,470.0,0.7142857142857143,3.2857142857142856,0.0,1
45746,7,3.662471655328798,520.7142857142857,591.8571428571429,0.4285714285714285,0.7142857142857143,0.0,1
45761,5,5.223333333333334,588.6,544.4,3.4,2.4,0.0,1
45762,5,5.754761904761905,547.2,553.8,4.4,4.8,0.0,1
45764,10,3.618288655788656,436.6,469.1,0.5,4.8,0.0,1
45768,5,3.563333333333333,396.8,439.8,3.6,1.6,0.0,1
45780,18,2.7991452991452994,344.3888888888889,390.3888888888889,1.5555555555555556,4.888888888888889,0.0,1
45806,16,3.3523967352092354,371.625,438.4375,0.625,2.25,0.0,1
45823,11,2.203034843943935,297.0,331.0,0.1818181818181818,2.727272727272727,0.0909090909090909,0
45828,6,2.646866096866097,395.1666666666667,445.5,0.0,0.0,0.0,1
45849,5,3.5294444444444446,491.4,488.8,1.4,3.6,0.0,1
45876,12,3.996759259259259,415.0833333333333,434.9166666666667,2.1666666666666665,4.666666666666667,0.0833333333333333,0
45881,5,6.363636363636363,588.6,638.6,0.2,2.6,0.0,1
45887,6,3.70436507936508,540.5,508.6666666666667,0.1666666666666666,4.333333333333333,0.1666666666666666,0
45888,6,1.6337962962962962,277.8333333333333,348.5,0.3333333333333333,4.333333333333333,0.1666666666666666,0
45899,5,1.4490476190476191,394.2,474.6,5.4,8.0,0.0,1
45902,30,3.064175395754343,384.0,392.0,2.1,2.1,0.0,1
45909,5,1.598939393939394,314.2,364.6,0.0,0.0,0.0,1
45912,6,3.5921717171717176,397.1666666666667,435.5,0.3333333333333333,3.6666666666666665,0.0,1
45913,15,2.2302741702741704,394.6,439.1333333333333,2.533333333333333,9.333333333333334,0.0,1
45921,6,2.213855588855589,427.0,483.5,2.5,1.6666666666666667,0.0,1
45922,6,2.7805555555555554,495.3333333333333,546.0,0.8333333333333334,4.666666666666667,0.0,1
45930,6,1.602960927960928,363.8333333333333,353.8333333333333,3.0,13.333333333333334,0.0,1
45931,9,4.945406445406445,483.22222222222223,506.1111111111111,1.0,1.1111111111111112,0.1111111111111111,0
45945,7,6.516553287981859,642.5714285714286,636.1428571428571,8.571428571428571,5.714285714285714,0.0,1
45969,6,7.272156084656085,553.6666666666666,567.5,4.333333333333333,5.333333333333333,0.0,1
45976,21,4.721173006887293,442.1428571428572,503.2380952380952,1.2857142857142858,2.333333333333333,0.0,1
45977,9,2.256020522687189,448.1111111111111,518.0,2.6666666666666665,2.2222222222222223,0.0,1
45997,5,4.513095238095238,490.4,522.6,0.2,4.2,0.0,1
46004,15,2.523771957889605,431.26666666666665,465.1333333333333,1.4,4.8,0.0,1
46012,6,1.7158730158730158,374.1666666666667,384.0,0.1666666666666666,0.8333333333333334,0.0,1
46013,12,1.7911405723905724,442.8333333333333,493.75,0.5833333333333334,1.1666666666666667,0.0,1
46014,5,3.3015873015873014,706.0,675.0,1.6,2.0,0.0,1
46016,11,2.7007270507270507,535.0,559.0,0.6363636363636364,1.6363636363636365,0.0,1
46023,11,2.6566128316128315,389.45454545454544,419.0,2.727272727272727,5.454545454545454,0.0,1
46028,6,6.180555555555556,639.5,605.8333333333334,0.3333333333333333,1.0,0.0,1
46029,5,3.67912087912088,496.2,504.8,0.2,1.6,0.0,1
46053,8,4.278125,552.5,582.5,1.0,3.0,0.0,1
46076,5,5.628571428571428,498.8,531.6,1.2,2.4,0.0,1
46086,5,2.6733333333333333,403.6,446.8,11.0,4.0,0.0,1
46087,11,3.423809523809524,410.9090909090909,391.3636363636364,3.8181818181818175,3.272727272727273,0.0,1
46097,8,2.299796037296037,444.0,494.125,7.375,4.0,0.0,1
46098,5,4.536507936507936,491.4,584.8,7.8,6.6,0.2,0
46129,32,3.35216562950938,540.25,576.65625,1.40625,2.5,0.09375,0
46156,7,2.310651629072681,479.4285714285714,491.1428571428572,1.0,3.142857142857143,0.0,1
46170,6,5.118055555555556,502.0,525.6666666666666,1.5,1.6666666666666667,0.0,1
46191,12,3.738988095238095,452.4166666666667,505.9166666666667,2.9166666666666665,7.0,0.0,1
46194,8,2.6031746031746037,515.625,520.25,2.0,3.0,0.0,1
46198,6,1.6758352758352757,346.1666666666667,350.8333333333333,0.3333333333333333,1.0,0.0,1
46201,5,5.17,436.2,475.2,0.2,3.4,0.0,1
46213,5,1.443888888888889,317.0,320.0,0.0,0.0,0.0,1
46215,8,3.6703282828282826,333.75,364.375,4.5,1.5,0.0,1
46216,8,2.9678751803751804,540.0,553.25,3.75,1.875,0.0,1
46220,8,2.743047924297924,396.125,424.0,0.625,2.5,0.0,1
46221,15,2.1303808228808228,379.26666666666665,432.3333333333333,1.0666666666666669,3.8,0.0666666666666666,0
46222,5,3.527662337662337,376.6,440.8,7.0,11.2,0.0,1
46271,10,6.268492063492063,475.6,543.7,3.5,6.0,0.0,1
46274,5,4.023846153846153,471.0,537.8,2.6,4.8,0.0,1
46275,5,2.020898268398269,389.6,466.6,3.8,4.0,0.0,1
46289,7,3.786111111111111,422.57142857142856,496.7142857142857,2.142857142857143,4.0,0.0,1
46290,7,2.453545660688518,475.8571428571428,510.2857142857143,4.142857142857143,6.142857142857143,0.0,1
46321,7,1.9837172747887035,359.1428571428572,461.8571428571428,1.0,3.7142857142857135,0.0,1
46344,11,2.980902430902431,389.54545454545456,445.6363636363636,0.1818181818181818,0.5454545454545454,0.0,1
46345,8,2.754545454545455,467.375,506.875,0.375,2.0,0.125,0
46353,8,2.676759004884005,389.0,437.125,0.375,4.875,0.0,1
46380,6,2.17809829059829,480.3333333333333,441.5,0.6666666666666666,4.333333333333333,0.0,1
46383,9,3.8812169312169313,487.0,498.22222222222223,1.0,6.222222222222222,0.0,1
46397,5,1.7424242424242429,370.0,409.6,2.2,3.0,0.0,1
46420,25,2.5972412032412038,517.04,487.4,11.84,2.24,0.08,0
46424,5,2.9904863763687293,466.8,483.8,0.8,6.8,0.0,1
46426,6,2.913654863654864,323.3333333333333,385.1666666666667,0.5,2.6666666666666665,0.0,1
46441,6,3.5420634920634924,373.5,428.8333333333333,7.5,4.0,0.0,1
46444,7,1.181630834151843,323.57142857142856,342.1428571428572,0.0,0.0,0.0,1
46449,12,4.170463564213564,457.25,479.4166666666667,7.75,3.333333333333333,0.0833333333333333,0
46455,7,3.2388888888888894,368.57142857142856,360.7142857142857,0.0,0.0,0.1428571428571428,0
46496,5,2.996825396825397,504.0,566.2,0.8,2.4,0.0,1
46530,7,2.477551020408163,308.2857142857143,324.42857142857144,0.1428571428571428,0.8571428571428571,0.0,1
46538,16,3.0382089264901766,374.0,450.6875,0.5625,2.25,0.0,1
46542,26,2.3453156352194813,336.7307692307692,415.9230769230769,0.8076923076923077,3.1923076923076925,0.0,1
46550,6,2.156944444444445,381.1666666666667,409.8333333333333,0.3333333333333333,1.3333333333333333,0.0,1
46559,5,1.6133333333333333,354.4,416.6,1.0,0.4,0.0,1
46562,6,1.891967291967292,386.5,442.6666666666667,9.5,11.0,0.0,1
46564,5,6.369841269841269,448.2,509.6,0.0,0.0,0.0,1
46590,5,3.8457142857142856,458.2,444.4,0.0,0.0,0.0,1
46594,23,3.058402346445825,510.0434782608696,601.6521739130435,0.8260869565217391,3.8260869565217392,0.0,1
46604,5,2.019444444444445,437.2,457.8,0.0,0.0,0.0,1
46619,5,4.49,410.8,482.4,1.4,1.4,0.0,1
46623,13,2.616555666555666,473.38461538461536,532.8461538461538,1.3846153846153846,1.8461538461538465,0.0,1
46624,13,4.05136188597727,540.6923076923077,590.0,0.5384615384615384,2.769230769230769,0.0,1
46625,12,2.275115283267457,285.0833333333333,300.1666666666667,0.25,2.0,0.0,1
46697,11,3.617316017316017,501.3636363636364,556.6363636363636,2.5454545454545454,5.909090909090909,0.0,1
46698,7,2.490384125678243,325.42857142857144,361.57142857142856,1.2857142857142858,7.285714285714286,0.0,1
46699,8,2.8957570207570207,424.875,491.875,0.0,0.0,0.0,1
46704,6,2.2330484330484333,352.5,332.6666666666667,0.0,0.0,0.0,1
46708,5,2.9416666666666664,550.2,539.6,0.4,1.0,0.0,1
46715,11,2.6441017316017312,390.1818181818182,437.45454545454544,0.0909090909090909,1.818181818181818,0.0,1
46716,6,2.0963924963924963,325.6666666666667,361.8333333333333,0.1666666666666666,1.5,0.0,1
46717,6,6.422979797979799,446.5,556.3333333333334,1.0,3.6666666666666665,0.0,1
46752,5,3.098124098124098,482.8,451.2,2.8,8.8,0.0,1
46756,7,2.72020202020202,383.2857142857143,422.7142857142857,3.857142857142857,7.428571428571429,0.0,1
46757,8,3.208134920634921,628.25,559.125,0.875,14.5,0.0,1
46779,6,4.480850168350169,557.3333333333334,603.0,0.1666666666666666,0.8333333333333334,0.0,1
46790,6,1.9141414141414144,336.8333333333333,349.0,0.3333333333333333,1.0,0.0,1
46791,9,6.932264957264958,406.1111111111111,443.0,0.4444444444444444,5.333333333333333,0.0,1
46811,5,2.0580952380952384,392.4,440.2,2.0,9.6,0.0,1
46812,5,3.99020979020979,503.2,620.4,0.0,0.0,0.0,1
46833,7,1.9911453625739344,437.0,506.8571428571428,0.0,0.0,0.0,1
46842,16,1.2802455357142857,328.6875,369.0625,1.4375,2.625,0.0625,0
46846,5,4.079365079365079,364.0,477.8,0.2,1.4,0.0,1
46847,5,1.5188949646844383,358.0,425.0,0.4,1.2,0.0,1
46858,7,2.005256648113791,296.1428571428572,290.0,1.7142857142857142,0.4285714285714285,0.0,1
46864,7,2.104292532863961,347.57142857142856,373.8571428571428,0.0,0.0,0.1428571428571428,0
46873,8,3.1528950216450213,418.375,482.625,0.75,1.875,0.0,1
46874,7,1.943253968253968,281.7142857142857,364.57142857142856,0.0,0.0,0.0,1
46889,14,3.3918094802023373,419.4285714285714,477.2857142857143,0.3571428571428571,4.0,0.0,1
46902,21,4.1801040229611655,468.4761904761905,508.7619047619048,1.7142857142857142,11.80952380952381,0.0,1
46905,5,2.495555555555556,367.2,386.2,3.6,8.0,0.0,1
46917,5,4.15,372.2,351.4,2.0,7.2,0.0,1
46930,5,3.788686868686869,446.2,496.4,0.8,0.6,0.0,1
46938,7,4.7,520.4285714285714,526.2857142857143,2.4285714285714284,5.571428571428571,0.0,1
46947,6,2.608531746031746,356.8333333333333,399.5,6.166666666666667,9.333333333333334,0.0,1
46963,10,4.037673992673993,381.1,411.7,4.4,3.6,0.0,1
47006,5,4.436111111111112,530.6,604.6,4.8,5.4,0.0,1
47029,10,1.4961904761904763,380.3,388.9,3.5,7.2,0.0,1
47091,8,3.97202380952381,453.5,523.125,0.75,6.25,0.0,1
47093,5,4.83015873015873,513.8,592.0,0.0,0.0,0.0,1
47094,6,6.124963924963925,404.0,440.8333333333333,2.6666666666666665,7.0,0.0,1
47124,6,3.163458726945569,442.3333333333333,469.3333333333333,1.0,7.666666666666667,0.0,1
47134,6,2.732936507936508,263.0,238.83333333333331,3.333333333333333,7.5,0.3333333333333333,0
47150,7,2.8023809523809526,494.4285714285714,551.0,0.4285714285714285,2.571428571428572,0.0,1
47153,6,3.160930735930736,438.0,455.6666666666667,0.5,2.333333333333333,0.0,1
47163,15,3.4086243386243384,498.53333333333336,542.0666666666667,1.6,5.6,0.0,1
47172,5,4.051082251082251,457.4,482.8,9.4,23.2,0.0,1
47192,8,3.3992060023310025,523.375,561.875,0.625,1.125,0.0,1
47194,10,3.684166666666667,478.4,531.0,2.2,6.5,0.0,1
47195,5,1.8347619047619048,358.8,439.0,0.8,3.6,0.0,1
47204,5,3.1056410256410256,413.4,458.4,0.8,4.8,0.2,0
47211,5,2.685714285714286,347.6,342.4,1.2,6.0,0.0,1
47237,5,1.7847619047619048,383.4,399.2,1.4,2.4,0.0,1
47239,8,3.613095238095238,385.5,375.5,0.25,1.75,0.0,1
47242,15,1.944738711580817,321.2,397.6666666666667,1.1333333333333333,4.8,0.0,1
47250,6,8.206944444444444,626.6666666666666,629.1666666666666,0.8333333333333334,1.6666666666666667,0.0,1
47259,10,2.7042707292707293,343.1,382.4,0.7,3.6,0.0,1
47260,9,2.8502272418939087,390.6666666666667,429.77777777777777,0.2222222222222222,2.2222222222222223,0.0,1
47262,8,7.36264880952381,505.0,604.125,5.125,5.0,0.0,1
47283,5,2.2824242424242422,409.8,494.4,0.8,5.6,0.0,1
47291,8,2.162689393939394,418.5,459.75,0.5,5.0,0.0,1
47314,5,2.5980086580086583,380.0,396.0,0.0,0.0,0.0,1
47334,5,2.2463203463203465,480.4,518.8,7.0,5.6,0.0,1
47349,5,4.566666666666666,632.2,619.2,0.0,0.0,0.0,1
47350,12,5.336038961038962,369.4166666666667,447.8333333333333,0.3333333333333333,2.75,0.0,1
47383,6,2.4656986531986536,482.6666666666667,540.5,0.0,0.0,0.0,1
47385,5,4.030476190476191,512.8,522.4,0.0,0.0,0.0,1
47387,7,2.4684807256235826,426.2857142857143,453.7142857142857,3.7142857142857135,1.1428571428571428,0.0,1
47446,5,1.263095238095238,479.4,413.2,0.6,4.8,0.0,1
47454,12,1.206149821039527,314.9166666666667,369.1666666666667,0.4166666666666667,3.0,0.0,1
47461,5,3.4995331465919706,626.8,708.4,0.0,0.0,0.0,1
47464,13,2.394943944943945,354.46153846153845,403.46153846153845,0.2307692307692307,0.3076923076923077,0.0,1
47479,8,3.018998015873016,504.625,573.5,0.875,4.0,0.0,1
47493,5,3.67,529.2,463.8,1.0,3.2,0.0,1
47500,5,4.041161616161617,503.6,536.2,0.2,0.4,0.4,0
47515,7,1.893563579277865,389.2857142857143,466.0,0.8571428571428571,5.714285714285714,0.0,1
47522,9,3.5062850729517394,455.77777777777777,500.77777777777777,2.555555555555556,8.333333333333334,0.0,1
47523,8,2.249652777777778,407.625,412.25,0.75,3.625,0.0,1
47524,5,6.755357142857143,503.6,532.0,1.0,1.4,0.0,1
47527,6,2.6679894179894177,387.8333333333333,390.0,3.1666666666666665,5.666666666666667,0.0,1
47550,7,1.288717001952296,355.85714285714283,408.0,4.0,1.5714285714285714,0.0,1
47551,7,2.29992784992785,412.2857142857143,479.57142857142856,1.0,13.285714285714286,0.0,1
47552,6,3.509523809523809,438.3333333333333,498.5,1.0,3.0,0.0,1
47570,5,3.094444444444445,547.8,572.4,1.2,13.2,0.0,1
47571,5,2.498214285714286,385.0,429.4,2.6,3.6,0.0,1
47586,5,3.056782106782107,464.4,496.0,2.0,1.8,0.0,1
47595,5,8.340952380952382,502.6,466.0,0.2,0.6,0.0,1
47608,6,1.576118326118326,360.1666666666667,386.6666666666667,0.5,1.3333333333333333,0.0,1
47619,5,4.254444444444444,457.2,545.8,0.6,0.6,0.0,1
47644,5,2.895714285714285,365.8,404.6,1.2,2.4,0.0,1
47651,9,3.9836860670194,440.6666666666667,473.8888888888889,1.8888888888888888,5.333333333333333,0.1111111111111111,0
47653,10,3.451630591630592,442.7,482.8,0.6,2.2,0.0,1
47654,14,4.465205627705628,503.0,550.5714285714286,0.4285714285714285,5.357142857142857,0.0,1
47655,14,2.794054160125589,411.8571428571428,454.9285714285714,1.7857142857142858,3.0,0.0,1
47676,8,3.0212351986249044,349.875,416.625,0.0,0.0,0.0,1
47689,6,7.090277777777778,564.3333333333334,493.1666666666667,0.5,3.0,0.0,1
47695,7,2.224729437229437,330.85714285714283,408.7142857142857,0.1428571428571428,0.8571428571428571,0.1428571428571428,0
47711,9,2.662843329509996,439.44444444444446,476.0,2.2222222222222223,6.666666666666667,0.0,1
47722,8,2.39781454248366,362.25,475.25,0.75,3.375,0.0,1
47741,5,1.622261904761905,315.4,326.2,0.8,4.0,0.0,1
47742,7,5.441496598639456,449.0,464.8571428571428,2.0,0.8571428571428571,0.0,1
47744,6,3.5518759018759023,469.5,470.6666666666667,2.0,0.6666666666666666,0.0,1
47750,20,4.841044372294372,515.0,540.65,1.4,2.45,0.0,1
47779,12,1.986664724164724,380.1666666666667,425.6666666666667,2.25,14.5,0.0,1
47781,5,1.955555555555556,424.0,516.0,0.6,1.2,0.0,1
47782,8,2.2940934065934067,420.125,408.0,0.0,0.0,0.0,1
47787,6,3.839646464646465,604.1666666666666,630.1666666666666,0.6666666666666666,1.3333333333333333,0.0,1
47801,8,2.346922868797869,423.875,428.5,5.125,5.75,0.0,1
47803,9,2.5513227513227514,452.3333333333333,520.7777777777778,1.2222222222222223,3.555555555555556,0.0,1
47804,9,1.484223184223184,230.11111111111111,238.33333333333331,0.0,0.0,0.3333333333333333,0
47805,6,2.6625,464.5,530.5,1.3333333333333333,2.0,0.0,1
47811,13,3.1203574203574203,460.1538461538461,466.6923076923077,1.7692307692307692,6.384615384615385,0.0,1
47858,20,2.843795093795093,371.7,421.6,0.3,1.2,0.0,1
47859,17,5.035478736949325,408.2941176470589,425.2352941176471,0.2941176470588235,0.8823529411764706,0.0,1
47884,7,2.128579753579753,298.42857142857144,363.1428571428572,2.2857142857142856,8.0,0.0,1
47885,8,2.6,325.0,423.5,0.25,1.0,0.0,1
47918,14,5.317949907235621,582.0714285714286,528.5,0.9285714285714286,2.2857142857142856,0.0,1
47919,8,2.784821428571429,400.5,319.5,2.0,2.75,0.0,1
47920,7,10.190816326530612,483.8571428571428,519.4285714285714,0.0,0.0,0.0,1
47948,13,2.105652680652681,347.84615384615387,402.0769230769231,0.5384615384615384,3.4615384615384617,0.0,1
47973,6,3.8958333333333335,434.6666666666667,436.8333333333333,0.0,0.0,0.0,1
47991,6,5.005941770647653,452.1666666666667,464.5,2.5,5.333333333333333,0.0,1
47993,6,2.640542328042328,408.8333333333333,402.0,0.0,0.0,0.0,1
47995,6,1.807275132275132,312.3333333333333,330.5,0.3333333333333333,1.5,0.0,1
48012,10,2.542685092685093,409.9,427.9,1.9,9.0,0.0,1
48023,12,4.028009259259259,427.25,488.4166666666667,0.75,2.5,0.0833333333333333,0
48024,13,5.3026862026862025,617.7692307692307,630.6923076923077,7.769230769230769,5.230769230769231,0.0,1
48026,9,1.947685185185185,260.1111111111111,275.3333333333333,1.6666666666666667,2.2222222222222223,0.0,1
48045,5,3.949494949494949,491.6,512.0,1.4,12.6,0.0,1
48053,6,1.7997685185185184,338.6666666666667,356.6666666666667,0.3333333333333333,2.0,0.0,1
48057,14,3.645918367346939,393.07142857142856,416.7857142857143,1.4285714285714286,2.2857142857142856,0.0,1
48058,8,3.296401515151515,459.375,486.25,1.875,2.375,0.0,1
48060,8,1.7292388167388169,345.0,431.375,0.0,0.0,0.0,1
48063,9,5.481040564373898,425.22222222222223,497.55555555555554,3.555555555555556,2.6666666666666665,0.0,1
48075,6,3.945833333333333,311.0,302.1666666666667,0.0,0.0,0.0,1
48076,9,3.757098765432099,521.6666666666666,559.1111111111111,0.2222222222222222,2.6666666666666665,0.0,1
48077,8,2.522246503496504,412.875,407.75,0.625,4.5,0.0,1
48080,14,3.0777665611699225,400.6428571428572,460.5,0.1428571428571428,0.4285714285714285,0.0,1
48089,5,2.7017582417582418,516.6,539.2,1.4,12.4,0.0,1
48090,13,2.532669366832263,377.38461538461536,408.6923076923077,0.9230769230769232,2.769230769230769,0.0,1
48102,7,2.400085034013605,284.0,312.85714285714283,0.0,0.0,0.0,1
48104,5,3.2945454545454544,325.6,336.6,0.0,0.0,0.0,1
48110,6,6.056481481481481,537.3333333333334,556.8333333333334,1.0,0.8333333333333334,0.0,1
48122,5,3.3888888888888884,663.0,556.0,11.6,1.2,0.0,1
48124,9,3.78915343915344,432.0,459.0,2.888888888888889,4.444444444444445,0.0,1
48174,5,5.0759884559884565,598.0,643.4,0.0,0.0,0.0,1
48188,5,2.3455555555555554,399.4,492.2,1.4,6.2,0.0,1
48195,5,2.964444444444444,451.2,489.6,2.6,9.6,0.0,1
48196,5,4.303939393939394,424.8,461.0,1.2,3.2,0.0,1
48203,6,2.978114478114478,391.8333333333333,448.3333333333333,0.1666666666666666,1.5,0.0,1
48204,7,3.3895691609977328,420.4285714285714,488.4285714285714,2.857142857142857,3.4285714285714284,0.0,1
48249,7,3.923747680890538,450.4285714285714,498.57142857142856,3.571428571428572,12.0,0.0,1
48250,5,2.691313131313131,329.4,388.4,0.6,3.2,0.0,1
48251,6,3.345454545454545,409.5,463.1666666666667,3.8333333333333335,5.0,0.0,1
48258,6,2.42995522995523,407.0,488.8333333333333,8.833333333333334,13.0,0.0,1
48260,10,2.4978022875817,447.8,511.2,0.2,4.0,0.0,1
48261,8,2.0524305555555555,441.0,514.75,0.0,0.0,0.0,1
48264,6,1.9074074074074077,360.5,395.5,0.1666666666666666,2.0,0.0,1
48275,6,3.396969696969697,419.8333333333333,488.1666666666667,1.1666666666666667,6.0,0.0,1
48306,5,2.2240404040404043,341.8,361.6,0.4,1.0,0.0,1
48309,6,2.61961741961742,446.5,457.6666666666667,0.0,0.0,0.0,1
48317,7,4.25,483.7142857142857,524.1428571428571,8.142857142857142,2.857142857142857,0.0,1
48337,6,3.4121438746438746,349.6666666666667,344.1666666666667,0.8333333333333334,0.5,0.0,1
48348,6,1.5611111111111111,422.1666666666667,469.3333333333333,3.0,4.0,0.0,1
48359,7,3.1630385487528345,374.0,408.7142857142857,0.0,0.0,0.0,1
48364,9,2.367975388808722,446.77777777777777,445.1111111111111,3.0,5.0,0.0,1
48368,5,4.289393939393939,410.0,358.0,1.0,3.6,0.0,1
48373,6,3.794642857142857,492.3333333333333,552.1666666666666,0.3333333333333333,1.8333333333333333,0.0,1
48389,14,2.383993982208268,360.7857142857143,419.3571428571428,0.0,0.0,0.0,1
48390,11,1.6821205013049934,423.45454545454544,460.9090909090909,0.0,0.0,0.0,1
48402,9,2.716102610839453,378.6666666666667,432.1111111111111,0.3333333333333333,1.3333333333333333,0.0,1
48407,25,2.1397481407481407,424.76,466.72,0.28,0.32,0.0,1
48412,9,2.010906685906686,378.8888888888889,422.0,1.6666666666666667,2.0,0.0,1
48421,9,1.5361057152723818,343.22222222222223,352.6666666666667,3.0,2.6666666666666665,0.0,1
48463,14,2.429356060606061,304.92857142857144,336.1428571428572,0.8571428571428571,1.1428571428571428,0.0,1
48494,5,3.501190476190476,532.8,600.4,0.4,1.8,0.0,1
48526,5,1.9857142857142855,327.8,315.2,0.2,2.4,0.2,0
48527,5,2.648627450980392,441.8,464.2,3.6,3.0,0.0,1
48535,18,3.766877104377104,389.77777777777777,404.3333333333333,11.055555555555555,7.5,0.0,1
48554,5,4.058333333333333,541.0,561.2,1.0,0.8,0.0,1
48577,6,2.3145021645021644,304.5,338.3333333333333,0.3333333333333333,2.333333333333333,0.0,1
48613,5,4.0009523809523815,447.6,413.2,0.4,2.6,0.0,1
48614,5,1.6847387700019278,414.6,404.8,1.6,3.0,0.0,1
48615,6,2.794847020933977,341.6666666666667,404.1666666666667,0.3333333333333333,0.6666666666666666,0.0,1
48647,11,2.2959071231798505,432.8181818181818,476.45454545454544,0.4545454545454545,1.2727272727272727,0.0,1
48654,14,3.2944934034219746,454.1428571428572,496.7142857142857,2.857142857142857,3.142857142857143,0.0714285714285714,0
48660,12,5.839920033670033,714.8333333333334,692.5833333333334,2.1666666666666665,5.416666666666667,0.0,1
48664,15,2.977566137566137,408.4666666666666,440.9333333333333,0.5333333333333333,3.6666666666666665,0.0,1
48666,15,2.6096156240273887,481.8666666666667,497.6,0.4,5.666666666666667,0.0,1
48667,13,3.8662252277636897,357.84615384615387,415.3076923076923,0.6923076923076923,7.0,0.0,1
48668,13,5.835347985347985,412.46153846153845,462.7692307692308,1.0769230769230769,3.0,0.0,1
48682,8,5.07093253968254,340.625,380.5,0.375,2.25,0.0,1
48697,11,4.384014514896868,545.5454545454545,568.1818181818181,1.0909090909090908,3.090909090909091,0.0,1
48727,11,1.8560146923783287,404.8181818181818,435.7272727272728,0.1818181818181818,1.0909090909090908,0.0,1
48731,5,2.31,503.8,479.8,1.6,0.8,0.0,1
48751,8,2.925820707070707,408.0,481.375,3.75,3.0,0.125,0
48752,20,3.2018416305916304,384.15,424.15,0.05,0.3,0.0,1
48753,22,3.178711606044142,402.8636363636364,470.7272727272728,1.8636363636363635,4.454545454545454,0.0,1
48770,8,3.052877677877678,410.375,437.25,3.75,2.0,0.0,1
48772,5,1.8142857142857145,377.6,347.0,0.6,1.6,0.0,1
48786,12,3.831619769119769,426.9166666666667,434.0,1.3333333333333333,2.5,0.0,1
48830,9,1.560630727297394,366.77777777777777,381.3333333333333,0.4444444444444444,1.0,0.0,1
48843,8,4.71963141025641,490.875,556.0,2.0,3.0,0.0,1
48845,6,3.3298229548229545,391.6666666666667,457.8333333333333,2.6666666666666665,3.0,0.0,1
48849,6,3.9406926406926406,387.0,400.5,3.5,3.0,0.0,1
48850,5,2.507727272727273,415.0,457.2,2.0,7.0,0.0,1
48859,8,3.576190476190476,513.875,549.25,0.25,1.0,0.0,1
48873,5,2.173917748917749,389.4,406.6,0.8,2.8,0.0,1
48875,7,1.4513708513708514,406.2857142857143,436.1428571428572,1.5714285714285714,2.0,0.1428571428571428,0
48906,5,2.770204795204795,401.2,404.6,6.2,1.8,0.2,0
48907,5,3.0883333333333334,515.2,548.8,0.0,0.0,0.0,1
48918,7,4.223623995052567,434.8571428571428,467.0,1.5714285714285714,1.4285714285714286,0.0,1
48924,6,2.622161172161172,310.6666666666667,407.8333333333333,0.3333333333333333,2.333333333333333,0.0,1
48934,8,5.429662698412699,419.375,499.5,1.875,3.0,0.125,0
48935,7,2.6476190476190475,309.1428571428572,357.0,0.4285714285714285,2.2857142857142856,0.0,1
48936,7,3.27012987012987,445.57142857142856,502.4285714285714,0.1428571428571428,1.7142857142857142,0.0,1
48948,7,4.386394557823129,528.8571428571429,612.0,6.714285714285714,2.571428571428572,0.0,1
48949,6,5.082598039215687,550.8333333333334,635.5,1.3333333333333333,9.333333333333334,0.0,1
48978,5,4.62,475.0,529.8,0.0,0.0,0.0,1
48989,23,6.402385657820441,385.0869565217391,463.82608695652175,0.3478260869565217,2.130434782608696,0.0,1
48990,23,3.3294666118195533,347.8695652173913,391.4347826086956,0.5652173913043478,2.739130434782609,0.0,1
48996,7,2.646938775510204,434.4285714285714,463.7142857142857,5.142857142857143,12.857142857142858,0.0,1
48998,5,2.2266666666666666,401.0,416.8,3.6,2.4,0.0,1
49005,5,4.561428571428571,434.6,476.2,0.2,1.4,0.0,1
49006,14,3.94692846835704,697.9285714285714,603.7857142857143,1.1428571428571428,0.8571428571428571,0.0,1
49042,14,4.964852607709751,559.9285714285714,609.5,5.142857142857143,3.857142857142857,0.0,1
49043,21,2.2172458493887066,329.0,378.4761904761905,6.333333333333333,4.9523809523809526,0.0,1
49054,6,1.4997798497798496,268.1666666666667,323.3333333333333,0.0,0.0,0.0,1
49060,5,4.272051282051282,432.2,560.0,2.6,10.4,0.0,1
49061,14,2.661273448773449,423.5,455.8571428571428,1.2857142857142858,4.714285714285714,0.0,1
49090,8,4.088301282051282,432.0,453.375,0.75,1.125,0.25,0
49128,16,4.325551695036989,445.8125,538.0625,0.6875,3.5,0.0625,0
49129,14,2.214794332651476,354.2142857142857,388.57142857142856,0.0714285714285714,0.8571428571428571,0.0714285714285714,0
49154,6,3.2166213416213414,451.3333333333333,519.8333333333334,0.1666666666666666,3.1666666666666665,0.0,1
49155,5,1.8551948051948053,404.2,491.8,0.0,0.0,0.0,1
49191,5,3.236479076479077,537.6,513.4,0.4,2.2,0.0,1
49194,5,2.5647619047619044,614.8,568.8,0.6,1.6,0.0,1
49196,5,3.381282051282052,402.8,478.8,0.2,0.8,0.0,1
49204,11,4.075608860836133,640.1818181818181,592.0,0.2727272727272727,0.9090909090909092,0.0,1
49205,8,4.024404761904762,473.875,515.0,0.5,3.25,0.0,1
49209,5,1.816103896103896,377.4,472.8,1.2,12.0,0.0,1
49224,7,5.430272108843537,435.0,446.0,0.1428571428571428,1.2857142857142858,0.0,1
49225,8,1.3745039682539684,331.5,373.125,4.5,6.125,0.0,1
49254,9,1.909558823529412,401.8888888888889,419.44444444444446,0.3333333333333333,0.4444444444444444,0.0,1
49255,6,1.6053418803418804,324.1666666666667,354.6666666666667,1.0,3.333333333333333,0.0,1
49261,7,1.3784400123685838,314.1428571428572,343.85714285714283,0.2857142857142857,2.857142857142857,0.0,1
49262,7,3.212912087912088,440.8571428571428,496.57142857142856,7.142857142857143,6.857142857142857,0.0,1
49270,5,2.7494949494949497,419.4,450.8,0.0,0.0,0.2,0
49281,8,4.3069444444444445,407.625,434.0,2.25,6.875,0.125,0
49300,6,1.26013431013431,348.5,402.6666666666667,0.6666666666666666,3.0,0.0,1
49303,7,3.4624849939975992,455.1428571428572,495.2857142857143,2.7142857142857144,1.7142857142857142,0.0,1
49309,5,6.324285714285715,602.6,607.4,1.2,4.2,0.0,1
49353,6,4.663960113960115,434.8333333333333,479.0,0.8333333333333334,1.6666666666666667,0.0,1
49359,13,2.4104395604395603,288.2307692307692,340.2307692307692,0.4615384615384615,2.3076923076923075,0.0,1
49362,6,2.7668222844693435,457.6666666666667,521.8333333333334,0.0,0.0,0.0,1
49375,7,3.428344671201814,505.4285714285714,508.8571428571428,0.2857142857142857,0.7142857142857143,0.1428571428571428,0
49378,22,3.3505259891623527,473.8181818181818,523.9090909090909,8.772727272727273,10.909090909090908,0.0,1
49390,27,2.6283850892511023,424.0740740740741,436.7407407407408,2.4074074074074074,3.851851851851852,0.0,1
49391,5,2.2924675324675325,398.8,490.2,9.2,6.8,0.0,1
49395,26,2.115815392434825,325.8076923076923,327.53846153846155,1.4230769230769231,1.8846153846153848,0.0384615384615384,0
49402,6,1.6628917378917378,375.0,372.5,0.0,0.0,0.0,1
49405,5,4.388461538461538,429.8,459.6,2.2,3.6,0.0,1
49411,5,1.831111111111111,418.6,415.6,3.0,12.4,0.0,1
49425,9,2.013749830416497,319.55555555555554,378.8888888888889,4.444444444444445,2.4444444444444446,0.0,1
49432,8,2.2941964285714285,400.375,467.75,1.375,2.25,0.0,1
49459,10,3.746031746031746,448.9,469.7,0.1,1.1,0.0,1
49465,5,3.4483333333333333,523.6,496.4,0.2,1.4,0.0,1
49485,11,3.7229270729270727,474.9090909090909,559.5454545454545,0.1818181818181818,1.0909090909090908,0.0,1
49511,6,1.64520202020202,326.6666666666667,367.0,0.1666666666666666,1.8333333333333333,0.0,1
49519,6,3.431547619047619,465.3333333333333,503.5,0.3333333333333333,0.5,0.0,1
49547,5,3.047878787878788,585.2,519.2,1.0,4.0,0.0,1
49552,5,4.717777777777778,544.8,587.0,0.6,2.8,0.0,1
49554,11,2.602321920503739,331.45454545454544,369.3636363636364,0.6363636363636364,2.1818181818181817,0.0,1
49555,11,3.500928112291749,538.0909090909091,592.8181818181819,0.7272727272727273,1.6363636363636365,0.0,1
49572,7,2.740223268794697,474.1428571428572,514.0,0.5714285714285714,1.4285714285714286,0.0,1
49573,6,2.3883597883597885,376.3333333333333,443.0,0.0,0.0,0.0,1
49589,5,3.2515151515151515,398.8,462.8,1.0,1.0,0.0,1
49602,11,6.533884297520661,404.09090909090907,431.8181818181818,2.0,1.818181818181818,0.0909090909090909,0
49618,13,2.295889367043213,437.38461538461536,484.46153846153845,0.4615384615384615,1.6153846153846154,0.0,1
49637,9,2.2921075837742504,309.44444444444446,317.44444444444446,0.4444444444444444,3.4444444444444446,0.0,1
49654,6,1.3676013528954705,277.8333333333333,291.5,2.6666666666666665,1.5,0.0,1
49655,9,6.593518518518518,540.7777777777778,536.3333333333334,1.6666666666666667,0.8888888888888888,0.0,1
49661,5,2.0125518925518926,492.6,539.4,0.0,0.0,0.0,1
49690,5,3.574404761904762,429.6,406.2,1.4,6.0,0.0,1
49691,6,2.333333333333333,346.1666666666667,400.6666666666667,0.6666666666666666,10.333333333333334,0.0,1
49692,21,5.919206773618538,417.7619047619048,458.7142857142857,0.1904761904761904,1.9047619047619049,0.0,1
49705,6,2.087719298245614,305.1666666666667,310.6666666666667,1.1666666666666667,3.0,0.0,1
49716,6,5.6194444444444445,545.8333333333334,549.3333333333334,1.0,1.5,0.0,1
49720,5,2.3469405594405592,440.2,459.6,0.8,2.8,0.0,1
49737,9,2.58257992007992,299.77777777777777,333.8888888888889,1.1111111111111112,5.111111111111111,0.0,1
49739,16,4.411779366466867,479.3125,494.75,0.3125,0.625,0.0,1
49740,6,3.117129629629629,396.0,452.5,0.3333333333333333,2.5,0.0,1
49741,5,4.179545454545455,352.2,394.8,0.0,0.0,0.0,1
49742,5,1.898974358974359,299.2,315.0,0.0,0.0,0.0,1
49755,8,3.636378205128205,459.625,512.25,0.375,2.0,0.125,0
49756,7,4.456854256854257,366.0,444.1428571428572,2.4285714285714284,8.571428571428571,0.0,1
49761,5,4.358039215686274,539.6,570.6,0.6,2.4,0.0,1
49767,6,2.5343915343915344,485.6666666666667,521.3333333333334,3.1666666666666665,16.0,0.0,1
49803,5,3.2347474747474747,425.8,463.6,2.4,4.0,0.0,1
49821,5,3.190555555555556,340.2,342.8,0.0,0.0,0.0,1
49832,7,3.676648351648352,332.42857142857144,337.57142857142856,0.7142857142857143,3.7142857142857135,0.1428571428571428,0
49840,7,1.123948670377242,305.57142857142856,315.2857142857143,2.4285714285714284,5.142857142857143,0.0,1
49843,5,3.222710622710623,423.0,452.2,1.2,0.6,0.0,1
49860,7,2.4069264069264067,392.1428571428572,456.0,1.0,1.2857142857142858,0.0,1
49869,5,6.82,565.0,589.2,0.2,2.0,0.0,1
49874,13,3.8356560106560105,422.5384615384616,504.0769230769231,1.2307692307692308,3.4615384615384617,0.0,1
49875,6,3.0105413105413104,306.0,392.6666666666667,0.8333333333333334,2.0,0.0,1
49876,15,3.380079365079365,351.3333333333333,391.1333333333333,3.0,7.2,0.0,1
49877,14,7.122735003092146,605.1428571428571,620.5714285714286,1.7142857142857142,3.857142857142857,0.0714285714285714,0
49878,15,2.5540452140452143,377.4666666666666,375.8666666666667,2.1333333333333333,3.6666666666666665,0.0,1
49884,5,2.290909090909091,484.8,424.6,1.2,0.8,0.4,0
49890,5,2.3113636363636365,506.2,508.4,0.6,2.0,0.0,1
49905,9,2.613536155202822,375.0,397.6666666666667,0.3333333333333333,1.1111111111111112,0.0,1
49906,6,1.7071428571428573,231.83333333333331,240.16666666666663,0.0,0.0,0.0,1
49907,12,2.2080789580789584,351.5,381.0,0.3333333333333333,2.333333333333333,0.0,1
49908,7,2.185897435897436,304.7142857142857,347.1428571428572,0.2857142857142857,1.4285714285714286,0.0,1
49922,7,7.287698412698413,558.7142857142857,528.5714285714286,1.4285714285714286,2.2857142857142856,0.0,1
49923,12,3.9766712454212456,295.9166666666667,337.1666666666667,0.6666666666666666,1.75,0.0,1
49930,7,4.35952380952381,364.7142857142857,415.4285714285714,1.5714285714285714,6.571428571428571,0.0,1
49936,9,4.435578002244669,530.2222222222222,560.1111111111111,0.4444444444444444,2.6666666666666665,0.0,1
49938,7,2.179035250463822,299.1428571428572,314.42857142857144,0.7142857142857143,5.571428571428571,0.0,1
49940,5,2.787301587301587,487.6,567.6,1.8,3.0,0.0,1
49968,7,3.457482993197279,493.57142857142856,558.7142857142857,1.1428571428571428,4.714285714285714,0.0,1
49969,5,5.403333333333333,433.6,475.2,1.8,3.6,0.0,1
49979,5,4.483333333333333,591.8,600.8,5.0,6.0,0.0,1
49993,6,3.00787037037037,334.8333333333333,379.0,2.6666666666666665,4.0,0.0,1
49996,5,7.290000000000001,542.0,595.8,1.2,7.2,0.0,1
50022,5,2.213472317156528,422.0,459.6,0.0,0.0,0.0,1
50038,6,1.7984126984126985,398.8333333333333,426.0,1.0,2.0,0.0,1
50040,7,4.863978878264592,443.7142857142857,452.1428571428572,0.4285714285714285,1.2857142857142858,0.0,1
50041,5,3.764346764346764,402.6,487.2,0.8,6.0,0.0,1
50070,5,3.434871794871795,410.8,477.6,1.4,13.6,0.0,1
50076,6,3.140277777777777,525.6666666666666,615.6666666666666,0.0,0.0,0.0,1
50084,10,2.183476523476524,343.9,379.8,0.8,6.5,0.0,1
50096,7,4.826298701298701,482.8571428571428,555.0,2.857142857142857,1.4285714285714286,0.0,1
50121,7,4.654761904761904,426.8571428571428,418.1428571428572,0.4285714285714285,2.857142857142857,0.0,1
50123,7,6.4387973137973145,515.0,540.7142857142857,0.4285714285714285,2.0,0.0,1
50124,6,3.4543650793650795,444.3333333333333,475.8333333333333,1.0,1.0,0.1666666666666666,0
50141,10,3.0007950382950384,332.1,373.8,0.7,5.0,0.0,1
50150,6,2.369246031746032,350.5,445.8333333333333,0.8333333333333334,1.0,0.0,1
50151,6,4.7103174603174605,449.3333333333333,564.1666666666666,0.3333333333333333,2.333333333333333,0.0,1
50171,5,3.825,544.8,577.8,2.4,8.4,0.0,1
50173,12,4.450562169312169,492.5833333333333,491.5833333333333,0.3333333333333333,1.8333333333333333,0.0833333333333333,0
50188,12,3.175210437710438,476.1666666666667,505.4166666666667,0.6666666666666666,1.25,0.0,1
50189,8,3.986377164502165,367.0,446.25,0.125,0.75,0.0,1
50190,12,2.2823093573093574,366.1666666666667,415.5833333333333,0.6666666666666666,3.5,0.0,1
50220,5,1.53986568986569,383.8,460.4,0.4,1.8,0.0,1
50231,7,3.87012987012987,429.8571428571428,478.0,2.142857142857143,2.142857142857143,0.0,1
50232,8,2.1796626984126983,383.375,452.0,0.5,3.375,0.0,1
50242,8,5.496527777777778,501.5,515.125,0.25,0.625,0.125,0
50246,5,2.273333333333333,373.6,433.2,0.0,0.0,0.0,1
50275,8,2.135527217880159,465.75,548.875,2.0,6.375,0.0,1
50283,6,4.329960317460317,445.5,519.6666666666666,2.5,12.0,0.0,1
50284,5,3.327380952380953,440.2,448.8,0.4,2.0,0.0,1
50309,7,1.7686507936507938,439.2857142857143,453.0,2.4285714285714284,1.7142857142857142,0.0,1
50311,11,3.9728771228771222,508.45454545454544,558.4545454545455,1.818181818181818,5.454545454545454,0.0,1
50312,7,2.6390894819466246,391.1428571428572,451.2857142857143,1.2857142857142858,4.571428571428571,0.0,1
50314,5,6.13,463.6,443.8,0.8,3.6,0.0,1
50315,5,2.464040404040404,283.2,306.6,0.6,1.8,0.0,1
50316,5,5.983333333333333,530.6,465.8,0.6,2.4,0.0,1
50351,5,2.462967032967033,377.4,337.0,3.0,3.4,0.0,1
50365,12,1.9292778980278984,324.0833333333333,330.0,0.6666666666666666,4.0,0.0833333333333333,0
50368,9,4.243033509700177,434.0,488.1111111111111,0.5555555555555556,2.0,0.0,1
50408,8,1.807638888888889,539.375,494.5,0.0,0.0,0.125,0
50411,7,2.3159297052154195,426.7142857142857,525.1428571428571,0.0,0.0,0.0,1
50424,9,3.2920634920634924,565.2222222222222,608.8888888888889,3.888888888888889,4.888888888888889,0.1111111111111111,0
50429,7,3.840816326530612,604.7142857142857,655.4285714285714,0.1428571428571428,1.1428571428571428,0.0,1
50439,5,1.9698656898656897,364.0,378.8,2.8,2.4,0.0,1
50454,5,4.2700000000000005,515.0,633.2,5.8,1.8,0.0,1
50469,5,2.849090909090909,399.4,458.0,1.4,7.2,0.0,1
50470,6,1.5064814814814813,306.8333333333333,348.6666666666667,3.0,10.0,0.0,1
50489,7,3.094727891156462,549.8571428571429,553.2857142857143,2.7142857142857144,2.857142857142857,0.0,1
50491,8,3.993017399267399,448.625,467.75,1.125,2.75,0.0,1
50493,15,4.395042087542088,425.0,455.6,0.3333333333333333,1.8,0.0,1
50516,9,5.302469135802469,430.77777777777777,477.22222222222223,0.5555555555555556,4.0,0.0,1
50538,5,1.647222222222222,656.4,460.8,0.0,0.0,0.0,1
50578,8,2.8187003968253967,503.625,513.375,0.0,0.0,0.0,1
50591,12,2.9329496891996896,385.25,397.3333333333333,1.5833333333333333,2.0,0.0,1
50592,6,4.413359788359789,468.1666666666667,454.3333333333333,0.3333333333333333,1.0,0.0,1
50593,6,2.638822751322752,262.6666666666667,271.8333333333333,0.5,2.6666666666666665,0.0,1
50607,15,1.962979797979798,333.8666666666667,352.6666666666667,0.9333333333333332,6.333333333333333,0.0666666666666666,0
50627,6,2.574723887223888,424.0,470.3333333333333,3.5,2.0,0.0,1
50628,5,3.3430952380952386,333.6,404.2,3.2,10.8,0.0,1
50630,5,4.855,499.8,536.2,0.2,1.0,0.0,1
50631,9,4.709808709808709,491.55555555555554,542.2222222222222,7.333333333333333,4.0,0.0,1
50638,6,3.1831349206349207,504.0,594.6666666666666,0.1666666666666666,1.5,0.0,1
50652,9,5.415954415954416,518.3333333333334,549.1111111111111,0.0,0.0,0.0,1
50659,22,3.476013758968304,474.0,498.2272727272728,0.9545454545454546,1.4545454545454546,0.0,1
50728,9,3.044725028058361,377.3333333333333,360.0,0.4444444444444444,1.7777777777777777,0.0,1
50729,7,2.3015873015873014,307.57142857142856,287.1428571428572,0.0,0.0,0.0,1
50733,5,3.63562271062271,402.2,461.8,8.4,11.4,0.0,1
50740,7,2.06984126984127,397.0,443.8571428571428,0.5714285714285714,1.0,0.0,1
50779,7,1.5410849654547134,483.57142857142856,503.7142857142857,0.8571428571428571,3.7142857142857135,0.0,1
50780,28,2.996118563975706,416.4285714285714,475.3571428571428,0.25,0.1785714285714285,0.0714285714285714,0
50792,9,1.6137905667317431,314.1111111111111,276.3333333333333,0.2222222222222222,1.1111111111111112,0.0,1
50794,7,2.9663669663669663,529.7142857142857,602.4285714285714,0.5714285714285714,0.8571428571428571,0.1428571428571428,0
50795,7,1.8375069375069373,339.42857142857144,394.57142857142856,0.1428571428571428,1.0,0.1428571428571428,0
50799,5,2.531538461538461,516.0,563.8,0.4,4.8,0.0,1
50800,5,1.663993783993784,313.6,348.6,0.4,2.0,0.0,1
50805,5,7.507058823529411,539.8,562.0,1.8,8.4,0.0,1
50812,5,1.9461538461538463,477.6,504.4,0.4,1.4,0.0,1
50826,7,2.4175549007481782,486.1428571428572,516.7142857142857,0.2857142857142857,0.7142857142857143,0.1428571428571428,0
50827,5,2.121590909090909,413.4,454.0,0.4,1.6,0.2,0
50828,5,2.0784415584415585,460.2,515.0,0.4,2.8,0.0,1
50838,6,2.4773809523809525,486.6666666666667,530.8333333333334,1.3333333333333333,2.6666666666666665,0.0,1
50847,6,8.797222222222222,495.1666666666667,550.3333333333334,3.1666666666666665,1.3333333333333333,0.0,1
50862,5,1.0184126984126984,309.2,310.0,1.2,5.6,0.0,1
50876,7,1.6935374149659863,394.7142857142857,478.0,0.7142857142857143,2.2857142857142856,0.0,1
50888,5,2.515873015873016,413.6,442.6,1.0,5.2,0.0,1
50901,5,4.022857142857143,472.6,473.0,3.2,1.8,0.0,1
50914,6,1.9203703703703705,429.3333333333333,460.6666666666667,3.333333333333333,22.5,0.0,1
50945,8,2.6631625727213963,436.0,492.75,0.25,2.75,0.0,1
50948,8,2.16412576394194,502.75,549.125,4.125,2.0,0.0,1
50998,5,4.05,439.0,503.0,0.0,0.0,0.0,1
51000,10,3.685,423.4,421.8,0.9,0.6,0.0,1
51006,5,1.5864102564102562,268.8,307.0,0.8,2.0,0.0,1
51007,5,2.3777777777777778,346.6,424.8,1.0,2.4,0.0,1
51008,5,4.951428571428571,543.0,532.2,0.0,0.0,0.0,1
51046,5,6.463333333333334,600.6,591.2,0.2,6.0,0.0,1
51086,9,2.1046296296296294,420.3333333333333,451.22222222222223,0.8888888888888888,2.333333333333333,0.1111111111111111,0
51087,6,1.6892094017094017,328.0,391.1666666666667,0.6666666666666666,5.166666666666667,0.0,1
51122,11,3.999284806102988,452.3636363636364,507.3636363636364,0.3636363636363636,1.0909090909090908,0.0,1
51135,13,2.2842546342546344,374.9230769230769,407.7692307692308,4.0,6.230769230769231,0.0769230769230769,0
51163,6,4.366666666666666,556.3333333333334,558.6666666666666,6.666666666666667,4.333333333333333,0.0,1
51174,8,2.386698717948718,543.5,545.875,0.375,1.375,0.0,1
51175,7,2.288861138861139,419.2857142857143,481.0,0.0,0.0,0.0,1
51180,23,2.778311181572051,511.82608695652175,566.6521739130435,0.9565217391304348,6.260869565217392,0.0,1
51184,5,2.372619047619048,462.8,522.4,1.8,15.6,0.0,1
51191,11,6.390059940059941,487.1818181818182,492.6363636363636,5.636363636363637,5.454545454545454,0.0909090909090909,0
51194,6,4.079136141636142,514.6666666666666,557.6666666666666,3.6666666666666665,7.333333333333333,0.0,1
51247,5,1.8351948051948053,448.6,451.0,0.8,1.8,0.0,1
51256,12,2.899575193325193,515.0833333333334,553.4166666666666,0.1666666666666666,1.1666666666666667,0.0,1
51267,5,2.581269841269841,458.8,509.6,1.0,2.2,0.0,1
51275,11,3.8922764104582286,337.27272727272725,362.45454545454544,1.0,1.9090909090909087,0.0,1
51277,8,3.262878787878788,392.25,330.0,2.625,2.25,0.125,0
51278,7,2.74030612244898,465.1428571428572,493.0,0.2857142857142857,0.8571428571428571,0.0,1
51299,18,3.118163241079908,367.05555555555554,420.27777777777777,1.2777777777777777,10.0,0.0555555555555555,0
51328,6,1.2944444444444445,325.5,322.8333333333333,0.0,0.0,0.0,1
51330,5,3.2944444444444443,477.2,447.0,0.2,1.2,0.0,1
51346,5,5.583333333333334,533.2,623.4,0.2,4.4,0.0,1
51370,12,5.614480658230658,487.25,559.3333333333334,0.5,3.6666666666666665,0.0,1
51371,16,3.152728174603175,382.0,419.9375,6.6875,20.75,0.0,1
51379,6,3.1759971509971514,489.8333333333333,488.3333333333333,1.3333333333333333,0.8333333333333334,0.0,1
51387,5,2.620241327300151,410.6,419.6,2.6,3.2,0.0,1
51393,12,2.305984755984756,436.0,467.25,0.5833333333333334,1.25,0.0,1
51394,12,1.9496660746660748,317.4166666666667,332.1666666666667,0.1666666666666666,1.0,0.0,1
51397,7,2.1821273964131107,403.8571428571428,482.4285714285714,0.0,0.0,0.0,1
51400,7,2.184458398744113,392.8571428571428,431.1428571428572,2.0,7.142857142857143,0.0,1
51429,5,2.643333333333333,275.0,328.0,0.2,0.6,0.0,1
51430,5,2.920238095238095,613.4,547.4,1.4,10.8,0.2,0
51431,6,3.101154401154401,388.8333333333333,370.1666666666667,0.8333333333333334,1.6666666666666667,0.0,1
51448,7,2.7003401360544217,374.0,415.0,0.4285714285714285,6.428571428571429,0.0,1
51460,7,2.6505102040816326,473.57142857142856,525.7142857142857,0.7142857142857143,4.285714285714286,0.0,1
51461,8,4.915625,504.5,521.25,0.125,1.25,0.0,1
51464,12,2.75425407925408,346.8333333333333,345.1666666666667,0.8333333333333334,4.5,0.0,1
51473,5,4.126666666666667,426.6,406.2,0.4,0.8,0.0,1
51476,8,2.2886904761904763,756.375,575.875,0.5,1.75,0.0,1
51496,7,2.630350601779173,403.1428571428572,466.0,1.4285714285714286,4.285714285714286,0.0,1
51498,7,4.162925170068028,515.2857142857143,523.0,0.2857142857142857,0.8571428571428571,0.0,1
51520,6,2.1284965034965038,385.0,361.0,0.1666666666666666,1.1666666666666667,0.0,1
51545,5,2.416239316239316,339.8,423.8,2.6,9.6,0.0,1
51553,7,2.4306122448979592,403.57142857142856,449.1428571428572,1.4285714285714286,4.0,0.1428571428571428,0
51560,6,4.910317460317461,475.3333333333333,558.1666666666666,0.6666666666666666,3.0,0.0,1
51568,6,5.088888888888889,459.3333333333333,553.0,7.166666666666667,5.0,0.0,1
51572,6,2.972222222222222,410.0,435.5,1.3333333333333333,4.5,0.1666666666666666,0
51627,8,3.8125992063492062,574.125,583.375,0.375,2.0,0.125,0
51628,8,3.644196428571429,435.625,457.75,0.375,0.625,0.125,0
51630,5,2.7957190635451505,451.4,499.2,0.6,1.4,0.0,1
51636,6,2.286088911088911,395.1666666666667,427.0,6.5,6.666666666666667,0.0,1
51675,11,2.8820800411709504,455.09090909090907,495.09090909090907,2.1818181818181817,8.181818181818182,0.0,1
51676,7,2.79527417027417,303.2857142857143,341.57142857142856,0.0,0.0,0.0,1
51677,6,3.579166666666667,532.6666666666666,578.3333333333334,3.1666666666666665,5.0,0.0,1
51679,5,6.016190476190476,534.0,516.8,0.8,2.0,0.0,1
51691,8,2.773660714285714,451.5,485.0,0.625,3.25,0.0,1
51710,12,2.3500412985707104,420.4166666666667,522.9166666666666,3.333333333333333,12.0,0.0,1
51711,12,2.647733285233285,400.9166666666667,470.8333333333333,1.4166666666666667,3.0,0.0833333333333333,0
51735,9,4.043121693121694,540.5555555555555,509.77777777777777,0.4444444444444444,0.4444444444444444,0.0,1
51751,7,3.753968253968254,503.2857142857143,579.7142857142857,2.571428571428572,7.714285714285714,0.0,1
51752,8,1.9755644682115272,366.25,408.375,0.375,0.75,0.0,1
51753,5,2.5368650793650795,412.8,437.4,0.2,1.8,0.0,1
51759,5,2.328730158730159,360.0,385.4,0.0,0.0,0.0,1
51760,8,6.544444444444444,479.375,508.75,0.125,1.875,0.0,1
51781,7,5.15508658008658,472.0,467.2857142857143,0.4285714285714285,2.571428571428572,0.1428571428571428,0
51782,6,3.1455128205128204,391.1666666666667,391.1666666666667,0.6666666666666666,2.333333333333333,0.1666666666666666,0
51799,6,3.0599747474747474,286.3333333333333,339.5,2.0,6.0,0.0,1
51813,5,3.261904761904762,475.6,459.0,0.0,0.0,0.2,0
51826,11,2.7792233019505748,461.0,485.3636363636364,1.6363636363636365,2.5454545454545454,0.0,1
51827,5,1.8583333333333327,469.0,462.8,0.0,0.0,0.0,1
51830,15,2.2966329966329964,369.8,382.9333333333333,0.0666666666666666,0.4666666666666667,0.0,1
51836,5,8.056923076923077,505.4,547.6,1.2,3.6,0.0,1
51854,5,1.919145299145299,386.8,415.8,0.8,5.0,0.0,1
51884,6,3.638888888888889,334.3333333333333,427.8333333333333,0.6666666666666666,2.0,0.0,1
51885,7,4.597448979591837,522.1428571428571,550.4285714285714,3.142857142857143,2.2857142857142856,0.0,1
51909,5,2.4084415584415586,394.0,410.8,1.6,5.2,0.0,1
51922,6,4.046717171717172,348.3333333333333,404.0,0.1666666666666666,3.5,0.0,1
51924,5,2.851111111111111,426.4,376.0,2.6,3.0,0.2,0
51928,6,2.359722222222222,547.3333333333334,499.8333333333333,0.3333333333333333,1.6666666666666667,0.0,1
51936,6,4.162731481481482,415.0,461.6666666666667,0.8333333333333334,1.6666666666666667,0.0,1
51945,6,1.9514041514041516,324.8333333333333,311.0,4.0,10.0,0.0,1
51947,5,1.8702380952380957,413.0,465.8,0.2,2.4,0.0,1
51948,7,2.06603872318158,429.57142857142856,496.57142857142856,0.4285714285714285,2.2857142857142856,0.0,1
51953,20,2.165757261529321,427.3,432.3,3.2,1.05,0.0,1
51975,10,1.6993271221532091,369.1,440.0,0.6,7.1,0.0,1
51976,9,2.601905810239144,414.3333333333333,457.22222222222223,0.2222222222222222,3.4444444444444446,0.0,1
51977,5,3.413333333333333,267.6,249.2,0.2,1.4,0.0,1
51979,5,6.865614035087719,448.0,456.8,0.0,0.0,0.0,1
51980,5,10.371025641025645,575.6,635.2,0.0,0.0,0.0,1
52016,6,4.097222222222222,398.3333333333333,369.3333333333333,0.0,0.0,0.0,1
52017,9,4.633879392212726,391.1111111111111,404.44444444444446,0.0,0.0,0.0,1
52018,16,3.59235347985348,323.9375,341.4375,0.1875,2.8125,0.0,1
52029,5,1.9416666666666664,404.0,434.6,2.8,6.4,0.2,0
52065,14,1.97750999000999,403.2142857142857,477.6428571428572,0.1428571428571428,2.571428571428572,0.0,1
52088,6,7.930555555555554,368.6666666666667,447.1666666666667,0.0,0.0,0.0,1
52089,7,3.395238095238095,380.4285714285714,432.7142857142857,0.2857142857142857,2.2857142857142856,0.0,1
52090,6,2.737584175084175,443.0,493.1666666666667,0.5,1.0,0.0,1
52093,33,3.6024441552234965,413.6666666666667,466.6060606060606,2.303030303030303,2.757575757575758,0.0,1
52107,5,3.663333333333333,545.4,523.8,2.8,2.8,0.0,1
52113,5,2.755952380952381,442.0,493.8,0.2,1.2,0.0,1
52125,7,2.8595238095238096,470.7142857142857,582.2857142857143,1.1428571428571428,5.142857142857143,0.0,1
52140,5,1.7676470588235291,362.6,393.8,1.6,3.2,0.0,1
52156,6,3.3492063492063493,478.5,491.8333333333333,2.1666666666666665,3.5,0.0,1
52167,5,3.2545299145299147,409.4,435.2,0.0,0.0,0.2,0
52174,8,3.4078015734265734,339.5,346.125,0.0,0.0,0.0,1
52176,5,3.7253968253968255,567.2,597.2,0.2,1.0,0.0,1
52211,6,4.708585858585859,464.0,480.6666666666667,0.8333333333333334,1.1666666666666667,0.0,1
52222,5,3.277272727272728,317.8,312.4,1.2,1.6,0.0,1
52234,15,2.486089096089096,316.2,348.93333333333334,0.6,2.6666666666666665,0.0,1
52241,20,2.895847971472972,385.45,408.1,0.05,0.55,0.0,1
52242,14,3.0003968253968254,393.57142857142856,454.9285714285714,0.7142857142857143,1.5,0.0,1
52248,9,2.2671957671957674,322.1111111111111,342.8888888888889,0.5555555555555556,1.1111111111111112,0.0,1
52273,5,2.4746386946386947,357.6,386.6,0.0,0.0,0.2,0
52276,5,7.126666666666667,631.6,709.4,0.6,8.4,0.0,1
52278,7,3.2748499399759905,442.7142857142857,474.0,2.2857142857142856,1.1428571428571428,0.0,1
52292,8,2.396260683760684,450.875,496.875,0.625,4.125,0.0,1
52311,6,2.7240740740740743,466.0,452.8333333333333,3.333333333333333,8.5,0.0,1
52313,17,3.418370681605976,466.4117647058824,497.9411764705882,3.0588235294117645,7.411764705882353,0.0588235294117647,0
52325,5,1.2066933066933068,253.4,256.6,2.8,2.0,0.0,1
52326,9,1.8130459591243904,326.8888888888889,324.0,0.8888888888888888,7.111111111111111,0.0,1
52327,12,2.594237012987013,364.8333333333333,411.25,0.5,1.1666666666666667,0.0,1
52333,8,4.757886904761905,582.25,588.0,2.375,2.625,0.0,1
52368,5,2.3792424242424244,467.6,555.4,2.4,9.2,0.0,1
52369,6,2.9231481481481487,472.1666666666667,488.0,0.0,0.0,0.0,1
52376,5,3.123232323232324,508.8,536.2,2.0,3.6,0.2,0
52385,6,5.7029100529100525,437.1666666666667,438.1666666666667,0.0,0.0,0.0,1
52388,7,3.626984126984127,375.0,423.0,0.0,0.0,0.0,1
52397,5,5.136190476190476,424.8,443.8,1.4,2.0,0.0,1
52403,9,3.462610229276896,560.1111111111111,566.6666666666666,0.2222222222222222,1.5555555555555556,0.0,1
52420,6,2.5267857142857144,513.6666666666666,564.0,0.1666666666666666,1.5,0.0,1
52432,8,2.424918831168831,395.375,407.375,0.125,0.5,0.0,1
52462,5,1.981880341880342,343.2,406.2,0.0,0.0,0.0,1
52463,7,2.2976190476190474,460.4285714285714,467.4285714285714,2.142857142857143,4.0,0.0,1
52476,6,3.74963924963925,473.8333333333333,491.0,0.5,2.0,0.0,1
52480,8,1.6491319444444446,277.25,257.25,0.25,1.0,0.0,1
52486,6,2.902777777777778,376.0,411.3333333333333,1.8333333333333333,3.0,0.1666666666666666,0
52511,5,6.722857142857142,485.6,550.2,0.4,2.8,0.0,1
52522,7,3.270305091733664,459.0,494.1428571428572,2.2857142857142856,3.4285714285714284,0.0,1
52525,7,5.105442176870748,358.57142857142856,433.1428571428572,1.1428571428571428,8.142857142857142,0.1428571428571428,0
52552,8,5.157440476190477,532.875,551.25,0.5,1.375,0.0,1
52561,9,4.339345839345839,438.1111111111111,473.77777777777777,0.7777777777777778,1.3333333333333333,0.0,1
52575,6,2.7837301587301586,364.6666666666667,398.8333333333333,1.5,2.0,0.0,1
52587,7,2.4824263038548757,451.8571428571428,427.0,0.1428571428571428,0.5714285714285714,0.0,1
52594,31,4.398918912628591,443.9032258064516,489.03225806451616,0.7096774193548387,4.645161290322581,0.064516129032258,0
52620,6,2.41876326288091,394.0,406.0,2.333333333333333,1.1666666666666667,0.0,1
52628,5,2.0893506493506493,338.0,391.6,5.6,2.8,0.0,1
52630,5,1.995848595848596,377.6,440.8,1.8,3.4,0.0,1
52642,5,3.589848484848485,372.6,468.4,0.0,0.0,0.0,1
52644,7,3.1003401360544216,462.8571428571428,499.57142857142856,0.0,0.0,0.0,1
52656,7,1.7904298082869512,473.7142857142857,546.7142857142857,1.7142857142857142,0.8571428571428571,0.0,1
52658,6,3.3473905723905726,481.1666666666667,562.3333333333334,1.3333333333333333,2.0,0.0,1
52667,6,3.250661375661376,469.5,447.6666666666667,4.833333333333333,1.6666666666666667,0.0,1
52688,9,2.4974106140772805,502.22222222222223,449.8888888888889,0.5555555555555556,2.0,0.0,1
52711,5,3.181269841269841,364.0,377.8,0.2,1.2,0.0,1
52719,6,2.3998931623931625,301.3333333333333,324.3333333333333,1.6666666666666667,6.0,0.0,1
52734,11,3.31038961038961,492.9090909090909,501.6363636363636,1.0,2.909090909090909,0.0,1
52736,5,6.769930069930069,598.8,558.0,2.6,3.0,0.0,1
52738,7,1.9454957740672023,351.85714285714283,371.2857142857143,0.2857142857142857,1.2857142857142858,0.0,1
52749,7,3.031539888682746,467.4285714285714,530.5714285714286,2.2857142857142856,6.0,0.0,1
52768,6,2.275757575757576,374.0,315.3333333333333,2.5,4.0,0.0,1
52795,13,2.3053277918662536,310.3076923076923,315.46153846153845,1.6923076923076923,3.230769230769231,0.0,1
52805,7,3.578756957328386,356.42857142857144,379.4285714285714,1.0,5.142857142857143,0.0,1
52831,8,3.2522739515386574,310.625,367.875,2.25,1.5,0.0,1
52832,7,2.604271708683473,339.85714285714283,427.2857142857143,0.7142857142857143,10.285714285714286,0.0,1
52833,8,6.40625,553.375,572.0,1.75,10.0,0.0,1
52834,8,3.186085615773116,499.875,621.0,0.75,1.25,0.0,1
52843,5,1.8526556776556775,297.6,367.2,1.0,2.4,0.0,1
52848,7,2.641774891774892,476.57142857142856,476.0,1.1428571428571428,2.571428571428572,0.0,1
52856,8,2.3708694083694084,294.75,304.75,0.375,2.5,0.25,0
52887,9,5.12348885682219,458.55555555555554,505.3333333333333,1.7777777777777777,3.111111111111111,0.1111111111111111,0
52958,8,2.904525335775336,392.625,425.625,1.5,5.625,0.0,1
52965,8,3.5704861111111112,390.5,434.375,0.25,2.75,0.0,1
52968,6,2.702813852813853,607.5,611.3333333333334,11.166666666666666,2.6666666666666665,0.0,1
52972,14,2.414737643309072,519.2857142857143,527.4285714285714,1.1428571428571428,13.0,0.0,1
52982,10,1.876861471861472,425.7,484.3,0.7,4.4,0.0,1
53008,6,1.9825757575757577,290.0,321.6666666666667,0.5,3.6666666666666665,0.0,1
53009,6,9.25595238095238,458.5,524.8333333333334,1.3333333333333333,4.666666666666667,0.0,1
53010,6,5.882575757575758,534.0,614.3333333333334,4.333333333333333,7.333333333333333,0.0,1
53035,23,3.3100469578730447,487.8695652173913,507.0434782608696,1.2608695652173914,2.1739130434782608,0.0,1
53037,5,3.458730158730159,425.2,440.6,6.8,8.4,0.0,1
53091,9,2.8593915343915346,487.55555555555554,494.55555555555554,3.6666666666666665,5.444444444444445,0.1111111111111111,0
53125,6,4.034188034188034,492.6666666666667,479.1666666666667,1.8333333333333333,6.0,0.0,1
53132,5,2.261893661893662,404.4,479.8,0.4,7.2,0.0,1
53163,7,2.8414468864468865,533.4285714285714,565.2857142857143,0.2857142857142857,1.5714285714285714,0.0,1
53171,8,2.026842948717949,461.125,489.125,0.125,0.5,0.0,1
53172,7,1.606235827664399,244.42857142857144,238.8571428571429,0.1428571428571428,0.7142857142857143,0.0,1
53215,6,3.093517593517593,498.6666666666667,601.8333333333334,0.1666666666666666,0.8333333333333334,0.0,1
53216,7,2.078617810760668,299.85714285714283,340.85714285714283,1.8571428571428568,3.0,0.0,1
53223,9,3.350084175084175,508.8888888888889,592.2222222222222,0.4444444444444444,5.111111111111111,0.0,1
53231,9,3.4981006647673314,381.22222222222223,439.22222222222223,0.3333333333333333,2.6666666666666665,0.0,1
53232,9,3.2270883437550104,487.8888888888889,524.1111111111111,1.5555555555555556,4.888888888888889,0.0,1
53247,5,3.0011111111111117,319.0,316.8,0.0,0.0,0.0,1
53249,7,1.4564625850340136,422.8571428571428,415.2857142857143,2.2857142857142856,12.142857142857142,0.1428571428571428,0
53250,5,2.841818181818182,368.2,455.0,1.6,0.8,0.0,1
53281,6,4.0148809523809526,506.3333333333333,560.1666666666666,4.333333333333333,14.666666666666666,0.0,1
53282,6,1.752777777777778,274.8333333333333,221.66666666666663,0.8333333333333334,0.6666666666666666,0.1666666666666666,0
53283,5,2.1923809523809523,432.6,511.8,2.4,2.0,0.0,1
53285,5,1.6575091575091576,413.6,417.2,0.2,2.0,0.0,1
53301,15,4.109217171717172,405.1333333333333,446.3333333333333,1.2,7.8,0.0,1
53302,15,3.61048581048581,414.26666666666665,471.73333333333335,0.7333333333333333,8.0,0.0,1
53315,14,2.8927721088435376,345.0,368.2857142857143,0.5714285714285714,1.0714285714285714,0.0,1
53316,10,2.8056349206349207,531.9,562.3,1.1,4.2,0.0,1
53318,6,2.671476671476672,418.0,455.8333333333333,0.8333333333333334,0.6666666666666666,0.0,1
53320,5,1.6322843822843822,375.4,399.2,0.0,0.0,0.0,1
53329,5,1.6292929292929297,369.8,422.4,0.4,5.2,0.0,1
53333,5,5.6893939393939394,493.0,512.6,0.0,0.0,0.0,1
53360,5,2.1804761904761905,387.4,415.0,8.0,2.4,0.0,1
53361,5,1.8351587301587304,361.4,386.2,0.6,0.8,0.0,1
53362,6,2.585479797979798,301.6666666666667,339.0,0.8333333333333334,4.5,0.0,1
53363,6,2.837037037037037,498.0,520.6666666666666,0.5,4.833333333333333,0.0,1
53368,5,2.627619047619048,299.0,352.0,0.2,1.0,0.0,1
53377,5,3.577777777777778,490.4,565.4,3.0,1.8,0.2,0
53420,7,1.4882867132867137,298.0,366.2857142857143,0.2857142857142857,1.4285714285714286,0.0,1
53421,14,3.887433003504432,478.0,496.3571428571428,0.8571428571428571,2.142857142857143,0.0,1
53422,7,1.835379303236446,345.7142857142857,374.1428571428572,14.428571428571429,10.0,0.0,1
53440,5,3.0187179487179483,484.0,545.0,0.6,1.0,0.0,1
53463,9,3.293486742016154,417.6666666666667,495.0,0.1111111111111111,0.6666666666666666,0.0,1
53468,5,1.5944444444444446,247.2,278.8,2.2,2.0,0.0,1
53469,5,1.6901587301587302,453.6,425.8,4.2,7.2,0.0,1
53513,10,3.051533189033189,374.8,402.6,2.5,5.6,0.0,1
53515,5,3.324729192376251,494.4,484.6,0.4,1.0,0.0,1
53529,5,2.8209090909090917,441.0,423.2,3.0,5.6,0.0,1
53560,5,2.6375,321.6,328.4,4.2,5.2,0.0,1
53569,15,4.987777777777778,588.0,628.2666666666667,4.466666666666667,7.666666666666667,0.0,1
53581,11,4.842388167388167,488.09090909090907,448.54545454545456,2.1818181818181817,12.090909090909092,0.0,1
53586,7,2.891208791208791,448.4285714285714,465.7142857142857,0.4285714285714285,1.2857142857142858,0.0,1
53596,5,2.942077922077922,474.8,503.0,0.4,3.2,0.0,1
53623,5,2.457307692307692,452.6,476.2,0.8,2.4,0.0,1
53647,8,2.844940476190476,413.5,463.0,0.875,3.75,0.0,1
53651,6,4.466774891774892,405.1666666666667,411.5,0.3333333333333333,4.333333333333333,0.0,1
53666,7,3.8857142857142857,453.2857142857143,516.8571428571429,0.8571428571428571,5.142857142857143,0.0,1
53667,6,4.958333333333333,531.1666666666666,582.8333333333334,0.0,0.0,0.0,1
53673,5,1.6142307692307694,394.8,425.0,15.6,2.0,0.0,1
53684,6,3.9062169312169313,423.8333333333333,481.0,0.5,2.6666666666666665,0.0,1
53719,5,2.715967365967366,407.0,465.4,0.0,0.0,0.0,1
53720,5,1.842246642246642,397.2,437.6,0.0,0.0,0.0,1
53735,5,9.986428571428572,457.0,557.6,0.0,0.0,0.2,0
53736,5,2.2944444444444443,257.8,343.0,0.0,0.0,0.0,1
53738,5,2.428974358974359,317.8,385.4,0.0,0.0,0.0,1
53747,5,3.213943833943833,516.4,529.8,3.0,4.8,0.0,1
53761,7,2.588657770800628,371.1428571428572,379.7142857142857,0.5714285714285714,1.1428571428571428,0.0,1
53765,8,3.7760416666666665,474.125,515.375,0.125,1.0,0.0,1
53771,5,3.1933333333333334,429.2,473.8,1.0,3.6,0.0,1
53783,7,6.926360544217687,459.0,519.2857142857143,0.4285714285714285,0.1428571428571428,0.0,1
53790,8,6.407366071428571,522.125,649.875,8.375,4.0,0.0,1
53794,5,2.25959595959596,423.0,425.0,2.0,9.6,0.0,1
53797,12,2.137073112073112,357.5,399.4166666666667,1.0,6.0,0.0,1
53800,5,1.431946876652759,294.0,346.6,1.4,1.4,0.0,1
53804,5,6.294444444444444,516.8,527.2,0.8,13.0,0.0,1
53839,5,2.182857142857143,416.2,478.2,0.8,2.0,0.0,1
53856,15,4.121931216931217,457.73333333333335,491.4666666666666,1.4,2.333333333333333,0.0,1
53873,10,2.921785714285714,448.9,420.9,1.2,4.8,0.1,0
53879,8,3.2354166666666666,554.125,503.0,0.625,3.5,0.0,1
53882,11,4.866522366522367,658.7272727272727,641.6363636363636,0.7272727272727273,8.181818181818182,0.0,1
53883,8,3.0083333333333333,372.0,403.25,1.125,3.0,0.0,1
53891,7,3.490140415140415,501.2857142857143,475.0,0.8571428571428571,1.1428571428571428,0.0,1
53901,7,1.838816738816739,330.7142857142857,368.0,0.7142857142857143,1.7142857142857142,0.0,1
53904,12,3.952340483590484,465.1666666666667,503.0833333333333,0.5833333333333334,1.0,0.0,1
53905,11,3.2860389610389613,446.54545454545456,515.3636363636364,0.0909090909090909,0.4545454545454545,0.0,1
53906,6,8.894907407407407,338.5,308.8333333333333,1.3333333333333333,4.0,0.0,1
53907,6,4.592592592592593,371.6666666666667,329.1666666666667,1.8333333333333333,2.0,0.0,1
53912,7,5.167857142857143,441.8571428571428,458.7142857142857,1.0,3.0,0.0,1
53928,46,3.710258461345418,435.60869565217394,462.2608695652174,1.4782608695652173,2.260869565217391,0.0,1
53941,7,4.442857142857143,398.0,425.7142857142857,0.5714285714285714,0.5714285714285714,0.0,1
53951,7,1.806978735550164,291.42857142857144,325.2857142857143,0.2857142857142857,2.571428571428572,0.0,1
53953,5,3.1982683982683984,568.6,540.8,2.4,7.6,0.0,1
53961,8,2.769597069597069,359.25,400.625,0.375,2.625,0.0,1
53968,6,5.089556277056277,335.1666666666667,379.1666666666667,0.6666666666666666,3.6666666666666665,0.0,1
53981,6,3.3601190476190474,575.6666666666666,553.6666666666666,0.3333333333333333,3.0,0.0,1
53983,6,3.10988455988456,375.3333333333333,425.6666666666667,1.0,3.333333333333333,0.0,1
53995,8,3.904861111111111,394.375,502.75,0.0,0.0,0.0,1
53996,9,3.914534231200898,396.8888888888889,436.22222222222223,1.8888888888888888,6.222222222222222,0.0,1
53998,5,2.935,409.2,429.0,1.8,0.8,0.0,1
53999,5,2.913333333333333,383.6,408.2,1.2,4.8,0.0,1
54030,5,2.87,390.8,373.6,0.4,2.6,0.0,1
54031,8,4.358333333333333,356.5,395.375,0.625,0.875,0.0,1
54032,6,5.788636363636364,652.3333333333334,676.8333333333334,0.3333333333333333,7.166666666666667,0.0,1
54036,5,1.708888888888889,361.2,376.8,0.2,1.4,0.0,1
54077,7,2.43469387755102,351.0,362.0,0.0,0.0,0.0,1
54080,7,3.648515769944341,443.8571428571428,527.4285714285714,0.8571428571428571,8.142857142857142,0.0,1
54088,5,4.14,318.2,360.0,0.2,1.2,0.0,1
54090,9,3.606305114638448,391.3333333333333,405.1111111111111,2.111111111111111,4.0,0.0,1
54114,7,2.868881118881119,337.42857142857144,395.57142857142856,0.0,0.0,0.0,1
54133,5,2.423015873015873,567.2,522.0,4.2,8.8,0.0,1
54146,5,2.1387301587301586,476.8,523.8,2.8,4.8,0.0,1
54151,5,3.696190476190476,498.0,625.4,0.4,1.2,0.0,1
54161,6,1.1438852813852811,272.5,305.1666666666667,2.0,1.0,0.0,1
54163,7,5.827664399092972,454.57142857142856,429.7142857142857,2.0,2.2857142857142856,0.0,1
54171,11,2.603719008264463,432.7272727272728,455.0,4.090909090909091,0.8181818181818182,0.0,1
54173,6,1.1691919191919191,328.6666666666667,317.3333333333333,0.0,0.0,0.0,1
54254,5,1.4281818181818182,304.2,304.2,6.0,5.2,0.0,1
54262,7,2.433503401360544,560.7142857142857,570.8571428571429,2.0,3.4285714285714284,0.0,1
54264,5,2.898701298701299,442.0,490.2,3.0,1.6,0.0,1
54283,6,3.452972709551657,552.0,546.8333333333334,0.3333333333333333,0.8333333333333334,0.0,1
54286,17,1.807643500290559,367.4117647058824,409.52941176470586,1.5294117647058822,2.647058823529412,0.0588235294117647,0
54288,6,4.528968253968254,487.6666666666667,519.3333333333334,2.5,2.0,0.0,1
54298,5,3.206515151515151,384.6,411.4,2.8,11.0,0.0,1
54301,5,1.895670995670996,397.4,427.6,0.8,1.8,0.0,1
54302,5,3.4174825174825174,419.2,472.2,0.0,0.0,0.0,1
54312,5,1.9461038961038963,349.6,420.0,0.8,4.4,0.2,0
54331,6,2.30534188034188,471.0,431.6666666666667,0.0,0.0,0.0,1
54341,9,2.973039923039923,383.6666666666667,424.0,3.4444444444444446,3.555555555555556,0.0,1
54377,6,2.589565989565989,543.8333333333334,561.3333333333334,2.0,3.0,0.0,1
54378,5,1.53008547008547,385.4,418.8,0.2,1.2,0.0,1
54382,11,2.068975468975469,252.3636363636364,309.1818181818182,0.1818181818181818,0.5454545454545454,0.0,1
54383,10,3.675447330447331,393.5,460.8,0.8,3.6,0.0,1
54384,6,3.0227513227513225,444.8333333333333,498.8333333333333,0.3333333333333333,1.3333333333333333,0.0,1
54385,7,2.600108225108225,276.2857142857143,353.57142857142856,0.0,0.0,0.0,1
54398,6,3.0867604617604614,402.8333333333333,446.3333333333333,0.0,0.0,0.0,1
54399,5,6.866666666666667,292.0,289.2,1.4,1.0,0.0,1
54400,6,3.246626984126984,441.1666666666667,499.6666666666667,2.5,8.5,0.1666666666666666,0
54426,8,1.515972222222222,359.375,389.625,4.625,3.0,0.0,1
54436,26,2.806918615572461,375.6538461538461,400.0,1.3076923076923077,2.3076923076923075,0.0,1
54438,5,3.147222222222222,489.4,493.2,1.2,4.0,0.0,1
54475,7,2.729354772211915,463.2857142857143,483.2857142857143,2.2857142857142856,10.285714285714286,0.0,1
54478,6,1.5344127550009905,429.5,403.6666666666667,0.1666666666666666,3.8333333333333335,0.0,1
54489,20,3.2904245011094857,425.75,443.2,2.15,3.8,0.05,0
54519,6,3.5508658008658007,691.1666666666666,628.0,0.5,1.1666666666666667,0.0,1
54536,7,2.5802721088435376,484.1428571428572,517.0,3.857142857142857,5.142857142857143,0.0,1
54539,5,1.0251923076923075,205.2,225.6,6.0,2.4,0.2,0
54542,5,3.5614285714285714,481.8,541.2,0.0,0.0,0.0,1
54546,5,2.2541025641025643,439.6,462.2,6.4,6.0,0.0,1
54547,5,1.3676406926406923,271.2,273.0,0.0,0.0,0.0,1
54552,9,4.366839025172358,434.1111111111111,471.22222222222223,0.0,0.0,0.0,1
54554,5,2.3408424908424905,427.6,423.2,0.6,6.0,0.0,1
54560,5,3.903376623376624,534.2,555.0,0.0,0.0,0.0,1
54563,10,3.486111111111112,317.4,342.6,12.5,10.4,0.0,1
54574,5,3.5992063492063493,392.8,401.8,1.6,4.2,0.0,1
54580,11,2.6999426078971536,513.5454545454545,520.6363636363636,2.0,1.6363636363636365,0.0,1
54592,8,3.610547438672439,456.0,498.375,0.0,0.0,0.0,1
54615,5,1.3705882352941177,288.0,334.4,0.8,8.4,0.2,0
54625,15,2.757308802308802,314.6666666666667,338.1333333333333,0.6666666666666666,4.0,0.0,1
54655,19,4.898427887901573,459.6842105263158,494.3684210526316,0.4736842105263157,1.894736842105263,0.0,1
54656,15,3.316485818103465,293.2,293.8,1.2,2.4,0.0,1
54659,7,4.360729746444032,548.4285714285714,547.5714285714286,0.7142857142857143,2.2857142857142856,0.0,1
54664,10,2.658327228327228,343.5,390.6,1.7,3.5,0.0,1
54714,5,6.638095238095238,422.6,457.0,0.6,1.2,0.0,1
54716,5,3.3109523809523806,397.0,425.0,1.2,8.0,0.0,1
54718,5,3.099206349206349,348.8,345.4,0.4,3.6,0.0,1
54723,5,2.0750930356193518,371.8,383.6,2.0,1.6,0.0,1
54735,5,1.7913308913308914,306.2,315.4,2.2,3.6,0.2,0
54751,9,2.525645342312009,370.22222222222223,434.55555555555554,0.0,0.0,0.0,1
54752,8,1.8939664502164504,281.625,303.0,0.125,1.375,0.0,1
54754,5,2.736813186813187,521.8,472.2,0.0,0.0,0.0,1
54797,10,2.4865717615717613,337.6,380.0,1.2,2.7,0.0,1
54798,11,3.2696525696525693,526.0909090909091,521.5454545454545,0.5454545454545454,2.1818181818181817,0.0,1
54838,6,3.0021645021645025,434.5,482.5,5.666666666666667,10.333333333333334,0.0,1
54859,6,3.262654012654013,558.0,547.0,0.5,0.6666666666666666,0.0,1
54860,7,3.194928880643166,458.8571428571428,477.0,15.142857142857142,1.7142857142857142,0.0,1
54874,14,3.1372258693687267,472.4285714285714,516.6428571428571,3.642857142857143,3.5,0.0,1
54885,7,3.402171637885924,401.0,507.57142857142856,1.1428571428571428,2.571428571428572,0.0,1
54895,6,2.54142316017316,414.6666666666667,426.8333333333333,1.8333333333333333,2.6666666666666665,0.0,1
54897,5,1.2844988344988344,446.6,549.8,0.4,9.6,0.0,1
54899,6,1.8666666666666665,373.3333333333333,346.1666666666667,0.0,0.0,0.0,1
54905,5,1.8285159285159285,338.0,424.8,0.2,2.4,0.0,1
54906,12,5.374206349206349,416.3333333333333,495.3333333333333,0.75,1.25,0.0,1
54915,5,1.1583333333333332,370.0,418.0,1.2,2.8,0.0,1
54935,5,1.5123737373737374,374.8,428.6,0.0,0.0,0.0,1
54937,11,3.2337662337662336,393.8181818181818,449.9090909090909,0.2727272727272727,0.9090909090909092,0.0909090909090909,0
54960,5,2.8666441745389117,533.6,491.6,1.6,2.4,0.0,1
54964,13,5.352439227439228,548.8461538461538,592.3076923076923,1.0,0.4615384615384615,0.0,1
54965,34,3.468562478467323,516.2352941176471,528.8823529411765,3.176470588235294,8.0,0.0294117647058823,0
54968,6,4.409259259259259,332.6666666666667,376.8333333333333,3.8333333333333335,5.5,0.0,1
54977,6,3.512103174603175,458.6666666666667,488.1666666666667,0.0,0.0,0.0,1
54993,8,4.384478715728716,464.0,501.625,1.375,13.125,0.0,1
55014,11,2.540909090909091,408.45454545454544,454.7272727272728,0.7272727272727273,1.9090909090909087,0.0909090909090909,0
55015,9,1.8164462081128745,305.8888888888889,313.55555555555554,0.3333333333333333,0.5555555555555556,0.1111111111111111,0
55018,8,3.3613636363636363,406.375,470.875,0.0,0.0,0.0,1
55037,6,4.4594276094276095,507.3333333333333,554.3333333333334,0.0,0.0,0.0,1
55038,5,3.386190476190476,457.4,471.0,1.0,2.2,0.2,0
55039,5,2.399523809523809,314.6,386.4,3.6,16.2,0.0,1
55040,5,3.1083333333333334,585.2,568.8,3.6,5.4,0.2,0
55044,10,1.998170995670996,377.5,432.1,1.0,12.0,0.0,1
55056,7,1.7726190476190475,345.1428571428572,409.0,2.142857142857143,8.571428571428571,0.0,1
55057,7,1.6614718614718615,312.0,373.1428571428572,2.0,3.857142857142857,0.0,1
55067,5,2.660779220779221,462.8,513.4,13.2,12.0,0.0,1
55071,6,2.7402777777777776,458.8333333333333,468.0,0.0,0.0,0.0,1
55093,15,1.781772486772487,411.4,452.4666666666666,0.0,0.0,0.0,1
55096,9,4.453282828282828,367.22222222222223,421.77777777777777,0.5555555555555556,1.0,0.0,1
55098,10,3.855,438.7,442.8,0.7,3.9,0.0,1
55099,7,4.653180153180153,513.8571428571429,587.2857142857143,1.1428571428571428,5.142857142857143,0.0,1
55100,5,2.391515151515152,369.8,373.4,0.4,2.4,0.0,1
55115,6,2.456818181818182,364.3333333333333,382.6666666666667,2.333333333333333,0.8333333333333334,0.0,1
55131,6,2.7062500000000003,337.6666666666667,357.8333333333333,1.6666666666666667,6.5,0.0,1
55132,8,1.6382575757575757,312.375,385.0,0.25,2.0,0.0,1
55138,8,4.082787698412698,591.75,589.375,0.375,1.5,0.0,1
55139,8,4.348521270396271,344.625,371.25,1.25,3.5,0.0,1
55158,5,3.475,587.8,578.0,13.2,4.0,0.0,1
55180,5,4.217777777777778,366.0,380.6,0.4,3.2,0.0,1
55186,7,4.106926406926407,346.57142857142856,380.8571428571428,4.285714285714286,3.857142857142857,0.0,1
55195,5,3.682857142857143,502.6,588.2,0.2,1.4,0.0,1
55198,10,3.4891919191919194,485.4,535.6,2.4,11.4,0.0,1
55199,7,1.5563492063492064,305.2857142857143,343.57142857142856,1.8571428571428568,6.285714285714286,0.1428571428571428,0
55203,6,3.34484126984127,514.0,491.0,2.333333333333333,10.666666666666666,0.1666666666666666,0
55220,7,1.904875283446712,471.8571428571428,514.0,1.0,4.714285714285714,0.0,1
55222,8,3.817708333333333,397.75,477.375,1.5,6.75,0.0,1
55247,10,3.088816183816184,518.8,495.9,0.3,1.4,0.0,1
55253,5,5.34945054945055,455.2,417.2,0.6,2.6,0.0,1
55260,6,2.4714285714285715,449.1666666666667,477.5,2.833333333333333,6.666666666666667,0.0,1
55281,5,1.2687912087912088,277.6,321.6,0.2,1.4,0.0,1
55283,5,8.027179487179486,445.0,530.0,1.2,3.6,0.2,0
55286,6,3.0272222222222225,457.0,448.8333333333333,0.3333333333333333,2.0,0.0,1
55293,12,4.549206349206349,341.9166666666667,385.6666666666667,5.666666666666667,4.666666666666667,0.0,1
55305,5,4.13,507.2,521.4,10.4,4.6,0.0,1
55374,8,4.098103979353979,520.625,558.5,0.25,1.75,0.0,1
55383,7,1.8220160791589364,485.0,475.2857142857143,0.1428571428571428,1.1428571428571428,0.0,1
55384,8,4.275606684981685,463.25,515.125,0.125,0.75,0.0,1
55389,12,4.099679487179487,411.5833333333333,433.3333333333333,0.1666666666666666,0.5,0.0,1
55393,6,1.4986111111111111,399.5,353.0,3.333333333333333,14.666666666666666,0.1666666666666666,0
55396,6,4.476851851851852,494.3333333333333,498.8333333333333,4.666666666666667,1.6666666666666667,0.0,1
55397,8,3.149332611832612,442.75,474.75,0.75,0.5,0.0,1
55422,6,1.749074074074074,315.5,394.1666666666667,1.1666666666666667,1.0,0.0,1
55423,5,3.370940170940171,355.2,365.2,0.2,4.8,0.0,1
55430,8,1.17830523234935,337.5,377.375,2.25,7.125,0.0,1
55434,5,2.685714285714286,377.0,460.4,2.8,4.8,0.0,1
55444,6,3.637247474747475,616.0,559.3333333333334,0.3333333333333333,1.6666666666666667,0.0,1
55446,16,2.539178913192071,490.6875,547.8125,0.6875,2.5,0.0,1
55493,7,3.413151927437642,406.4285714285714,453.7142857142857,1.2857142857142858,6.857142857142857,0.1428571428571428,0
55495,5,2.6928571428571426,371.6,342.0,5.8,9.4,0.2,0
55498,11,3.751984126984127,404.0,460.8181818181818,5.454545454545454,9.545454545454543,0.0,1
55501,6,2.743915343915344,386.0,391.3333333333333,0.0,0.0,0.0,1
55523,5,3.2804617604617605,440.4,484.4,0.0,0.0,0.0,1
55527,19,3.445875907718013,317.8421052631579,360.4736842105263,0.3157894736842105,2.3157894736842106,0.0,1
55541,5,5.889393939393939,615.2,668.4,0.2,1.8,0.0,1
55542,10,3.824481351981352,438.5,474.0,0.4,1.2,0.0,1
55544,5,3.339393939393939,369.6,374.2,5.4,4.0,0.0,1
55560,11,2.237235996326905,350.0,348.90909090909093,0.4545454545454545,2.727272727272727,0.0,1
55569,23,3.0963156408808583,532.4347826086956,522.5217391304348,0.6956521739130435,1.7391304347826086,0.0,1
55570,12,4.5972413003663,327.75,362.8333333333333,0.6666666666666666,2.5,0.0,1
55571,10,7.495238095238095,481.1,529.6,2.0,6.5,0.0,1
55575,6,3.467063492063492,376.0,483.0,0.6666666666666666,7.0,0.0,1
55576,7,2.9945372088229227,352.7142857142857,404.2857142857143,1.2857142857142858,2.0,0.0,1
55587,8,3.923214285714285,528.125,606.375,2.75,4.5,0.0,1
55591,5,1.7998751248751248,359.8,361.4,1.4,5.6,0.0,1
55596,13,2.7025453179299337,364.2307692307692,400.7692307692308,0.6153846153846154,1.8461538461538465,0.0769230769230769,0
55600,5,3.713725490196078,455.8,490.8,0.4,8.0,0.0,1
55610,8,4.914163961038961,538.25,508.125,0.375,0.5,0.0,1
55641,5,2.626465201465201,536.0,548.2,0.0,0.0,0.0,1
55665,5,2.046969696969697,335.4,391.6,1.0,3.6,0.0,1
55671,9,4.741358024691358,411.22222222222223,415.77777777777777,0.4444444444444444,2.888888888888889,0.0,1
55683,6,3.699338624338624,277.0,288.1666666666667,0.0,0.0,0.0,1
55684,7,2.5414865001331166,307.42857142857144,312.85714285714283,0.1428571428571428,2.0,0.0,1
55711,5,4.720454545454546,599.4,589.4,0.2,1.2,0.0,1
55727,6,2.986501924001924,382.5,420.0,0.6666666666666666,2.333333333333333,0.0,1
55731,6,3.449603174603175,542.8333333333334,589.1666666666666,0.3333333333333333,1.6666666666666667,0.0,1
55735,12,4.6057539682539685,362.3333333333333,391.5,3.4166666666666665,6.25,0.0,1
55770,10,3.098234126984127,442.6,455.1,3.0,3.6,0.0,1
55776,7,4.6775510204081625,539.1428571428571,595.4285714285714,0.8571428571428571,4.285714285714286,0.0,1
55790,11,5.427272727272727,501.54545454545456,505.3636363636364,0.0909090909090909,1.0909090909090908,0.0,1
55799,5,6.15974025974026,507.4,468.4,0.2,3.8,0.0,1
55803,10,2.422399267399267,331.1,424.9,1.2,5.0,0.1,0
55808,6,2.686996336996337,409.5,471.8333333333333,0.5,2.0,0.0,1
55809,6,5.406746031746032,387.6666666666667,440.0,0.1666666666666666,1.8333333333333333,0.0,1
55810,8,2.1321924603174605,381.25,382.875,2.75,1.5,0.0,1
55817,5,2.527948717948718,424.6,453.0,0.0,0.0,0.0,1
55823,6,4.485912698412698,595.6666666666666,646.1666666666666,1.1666666666666667,4.0,0.0,1
55832,15,1.83262173012173,366.9333333333333,396.3333333333333,0.9333333333333332,1.6,0.0,1
55838,5,2.958774558774558,492.4,585.2,18.6,6.0,0.0,1
55840,5,3.5490620490620493,445.4,449.4,1.8,2.4,0.0,1
55842,10,1.2391681521093283,309.8,325.1,2.2,4.8,0.0,1
55843,5,2.138071895424837,468.4,491.2,1.4,2.2,0.0,1
55849,7,3.518001046572475,363.57142857142856,405.7142857142857,1.7142857142857142,3.0,0.0,1
55862,11,2.866155057064148,464.3636363636364,480.7272727272728,1.0,3.636363636363636,0.0,1
55864,6,2.467643467643468,376.5,344.8333333333333,0.8333333333333334,7.5,0.0,1
55868,7,3.4630952380952382,445.1428571428572,535.2857142857143,1.1428571428571428,8.0,0.0,1
55869,7,3.07312925170068,369.1428571428572,409.2857142857143,0.8571428571428571,3.4285714285714284,0.0,1
55880,5,1.9323010323010323,353.2,404.6,0.2,1.6,0.0,1
55907,6,7.975529100529101,548.3333333333334,561.0,1.5,1.0,0.0,1
55908,7,3.0786951144094,383.8571428571428,451.7142857142857,4.857142857142857,3.4285714285714284,0.0,1
55909,6,2.982142857142857,397.5,477.6666666666667,0.1666666666666666,3.0,0.0,1
55920,6,3.63989898989899,479.1666666666667,510.6666666666667,0.5,1.3333333333333333,0.0,1
55924,7,1.6708049886621317,452.4285714285714,476.4285714285714,4.0,4.285714285714286,0.0,1
55925,7,2.273809523809524,295.57142857142856,280.57142857142856,0.7142857142857143,13.142857142857142,0.0,1
55926,7,4.050471750471751,525.5714285714286,658.7142857142857,0.0,0.0,0.0,1
55927,5,3.183809523809524,535.0,591.0,0.6,1.2,0.0,1
55938,14,4.068197278911565,435.5,447.5,0.8571428571428571,0.5714285714285714,0.0,1
55939,5,2.5674891774891777,422.8,476.4,0.4,3.2,0.0,1
55951,5,2.441666666666667,356.2,395.0,2.2,1.2,0.0,1
55981,5,2.044242424242424,337.2,353.6,0.4,2.8,0.0,1
55982,23,3.5049956082564777,496.7826086956522,553.8260869565217,1.0,7.043478260869565,0.0,1
55999,7,1.8319490033775747,309.0,368.8571428571428,0.8571428571428571,3.4285714285714284,0.0,1
56004,7,3.1574829931972785,489.8571428571428,459.8571428571428,0.1428571428571428,1.2857142857142858,0.0,1
56014,7,2.3342197485054625,366.8571428571428,415.0,0.7142857142857143,2.857142857142857,0.0,1
56015,5,3.188403263403264,582.0,583.0,8.8,7.2,0.0,1
56021,7,5.321428571428571,542.4285714285714,628.5714285714286,4.0,3.4285714285714284,0.0,1
56035,5,0.9904761904761904,252.4,285.8,0.0,0.0,0.0,1
56037,6,3.4904761904761905,441.8333333333333,478.6666666666667,1.6666666666666667,1.5,0.0,1
56051,8,6.12173520923521,598.5,590.5,0.0,0.0,0.0,1
56052,8,5.4201881451881455,421.25,460.25,0.0,0.0,0.0,1
56053,8,1.7124713521772346,258.375,252.125,0.0,0.0,0.0,1
56054,9,2.5784493284493286,280.77777777777777,284.22222222222223,0.0,0.0,0.0,1
56055,9,5.093429718429719,480.77777777777777,516.3333333333334,0.5555555555555556,1.6666666666666667,0.0,1
56074,15,2.7725829725829727,345.1333333333333,391.0,0.0666666666666666,0.4666666666666667,0.0,1
56080,5,2.8995238095238096,464.4,501.0,4.2,4.6,0.0,1
56097,7,2.6813186813186816,450.8571428571428,463.0,0.5714285714285714,2.142857142857143,0.0,1
56115,6,8.405555555555557,358.3333333333333,363.1666666666667,2.5,15.833333333333334,0.0,1
56122,8,6.355203823953824,576.625,584.25,0.75,5.0,0.0,1
56140,5,2.194080919080919,417.0,481.6,2.2,1.8,0.0,1
56141,5,2.74017094017094,428.0,486.0,0.2,2.2,0.0,1
56142,6,2.456904206904207,337.3333333333333,374.3333333333333,0.3333333333333333,2.833333333333333,0.0,1
56147,5,3.367532467532468,453.6,454.4,4.4,4.2,0.0,1
56150,8,2.019291125541125,463.75,493.125,0.125,1.0,0.0,1
56159,6,1.6158730158730157,274.8333333333333,305.5,1.5,3.0,0.0,1
56169,5,1.7245238095238091,346.2,339.8,0.0,0.0,0.0,1
56181,5,5.704468864468864,416.0,468.6,0.6,2.8,0.0,1
56182,6,3.471825396825397,441.3333333333333,485.3333333333333,0.6666666666666666,1.3333333333333333,0.0,1
56200,5,2.7516666666666665,443.2,458.0,6.0,6.4,0.0,1
56209,15,1.514435710488342,409.26666666666665,466.0,0.4,2.333333333333333,0.0,1
56210,5,2.0957142857142856,412.2,400.4,1.0,0.6,0.0,1
56217,6,3.1324175824175824,335.8333333333333,368.1666666666667,4.833333333333333,4.0,0.0,1
56252,6,3.977651515151516,286.6666666666667,312.8333333333333,0.3333333333333333,4.0,0.0,1
56272,17,2.7614676173499704,388.4117647058824,406.2352941176471,0.1764705882352941,2.647058823529412,0.0,1
56275,9,2.412878787878788,435.6666666666667,479.3333333333333,0.0,0.0,0.0,1
56283,5,5.473333333333334,516.6,528.0,0.0,0.0,0.2,0
56289,8,3.748809523809524,508.5,535.0,0.125,0.5,0.0,1
56295,7,3.691836734693877,518.0,607.5714285714286,0.4285714285714285,2.142857142857143,0.0,1
56308,8,6.616666666666666,464.25,498.5,1.0,1.875,0.0,1
56309,8,2.2725694444444446,271.875,273.125,0.375,1.5,0.0,1
56316,6,3.858796296296296,440.3333333333333,447.1666666666667,0.6666666666666666,1.6666666666666667,0.0,1
56318,6,2.8222222222222224,371.6666666666667,409.1666666666667,0.5,3.6666666666666665,0.0,1
56339,6,4.847685185185186,574.1666666666666,595.6666666666666,0.6666666666666666,2.6666666666666665,0.0,1
56381,7,4.287662337662337,430.7142857142857,457.57142857142856,0.8571428571428571,7.714285714285714,0.0,1
56385,5,3.252857142857143,375.6,425.2,0.2,2.4,0.0,1
56389,5,3.02020202020202,396.4,452.2,1.4,1.8,0.0,1
56403,6,3.3368437118437115,441.6666666666667,467.6666666666667,0.8333333333333334,11.5,0.0,1
56407,6,2.3298687423687423,320.6666666666667,341.1666666666667,0.3333333333333333,1.1666666666666667,0.0,1
56421,5,4.095000000000001,381.0,419.0,0.4,2.0,0.2,0
56457,5,3.313333333333333,415.6,395.2,1.6,2.0,0.0,1
56460,10,3.167027417027417,405.6,439.5,0.3,1.8,0.0,1
56461,5,3.531428571428572,514.6,534.2,0.4,4.0,0.0,1
56477,5,3.519047619047619,466.2,477.2,0.0,0.0,0.0,1
56480,33,2.066210191076501,417.6666666666667,428.3030303030303,0.9090909090909092,1.4545454545454546,0.0,1
56482,6,2.699074074074074,418.0,502.0,7.5,7.5,0.0,1
56486,7,4.389342403628118,493.1428571428572,539.1428571428571,1.7142857142857142,3.7142857142857135,0.0,1
56507,5,1.2290476190476192,257.4,298.4,0.0,0.0,0.2,0
56511,5,3.4371428571428573,498.0,522.6,0.8,1.2,0.0,1
56531,8,4.365625,522.75,521.375,0.625,4.125,0.0,1
56532,5,3.1778754578754578,543.8,499.4,0.6,5.2,0.0,1
56537,5,3.04491341991342,508.2,504.8,7.8,2.4,0.0,1
56543,8,2.803411865911866,392.0,385.625,2.0,3.375,0.0,1
56557,5,1.6916666666666669,346.6,295.0,0.8,2.8,0.0,1
56558,13,2.537290060366983,451.7692307692308,426.38461538461536,0.1538461538461538,0.3846153846153846,0.0769230769230769,0
56562,10,4.036985930735931,611.7,625.3,0.5,5.6,0.0,1
56565,5,1.7247086247086243,384.6,361.2,3.0,13.6,0.0,1
56566,6,1.8718434343434345,366.5,389.1666666666667,0.5,1.0,0.0,1
56568,5,7.225,633.8,618.4,0.2,5.0,0.0,1
56582,9,1.6643688102021437,383.0,440.55555555555554,2.6666666666666665,8.0,0.0,1
56586,7,4.51077097505669,507.2857142857143,523.2857142857143,0.8571428571428571,9.0,0.0,1
56592,5,4.4,442.2,413.2,0.6,1.4,0.0,1
56596,5,5.006837606837607,502.0,548.4,3.4,7.2,0.0,1
56601,6,2.0699855699855703,316.8333333333333,332.8333333333333,1.0,3.8333333333333335,0.0,1
56613,5,2.165822510822511,369.4,457.8,0.6,2.0,0.0,1
56616,5,2.194444444444444,428.0,479.6,4.0,4.8,0.0,1
56617,5,1.9652941176470589,344.4,368.2,0.8,4.0,0.0,1
56643,5,2.3528571428571428,344.4,358.0,3.6,4.2,0.0,1
56646,6,2.7465913715913715,331.3333333333333,325.0,2.333333333333333,2.5,0.1666666666666666,0
56673,5,4.619567099567099,415.8,480.4,2.8,1.6,0.0,1
56678,5,2.4930652680652683,516.0,537.6,1.4,6.6,0.0,1
56710,9,2.43828794662128,327.3333333333333,357.77777777777777,0.7777777777777778,2.6666666666666665,0.0,1
56728,5,2.601111111111112,335.6,360.6,1.0,2.4,0.0,1
56774,7,2.286580086580087,286.85714285714283,330.2857142857143,0.4285714285714285,1.4285714285714286,0.0,1
56809,5,2.023333333333333,324.6,358.6,0.0,0.0,0.2,0
56810,7,3.353968253968254,422.2857142857143,473.0,4.571428571428571,2.571428571428572,0.0,1
56825,6,3.2072510822510822,419.6666666666667,436.8333333333333,3.8333333333333335,12.5,0.0,1
56831,5,4.670622710622711,451.6,508.0,1.2,5.6,0.0,1
56832,8,2.451830808080808,426.625,460.0,0.125,1.5,0.0,1
56837,5,2.0220454545454545,342.4,326.6,0.0,0.0,0.0,1
56866,7,2.607879818594104,368.7142857142857,393.2857142857143,0.2857142857142857,1.0,0.0,1
56873,7,2.460714285714286,354.85714285714283,347.1428571428572,0.1428571428571428,1.5714285714285714,0.0,1
56874,6,5.576936026936028,516.1666666666666,538.0,3.5,8.0,0.0,1
56878,6,3.7495920745920746,444.8333333333333,503.1666666666667,0.6666666666666666,2.333333333333333,0.0,1
56879,6,1.912745098039216,364.0,367.3333333333333,0.3333333333333333,1.0,0.3333333333333333,0
56890,7,3.506184291898577,499.57142857142856,546.2857142857143,0.2857142857142857,1.0,0.0,1
56917,6,2.176068376068376,442.0,434.5,3.333333333333333,1.0,0.0,1
56978,5,1.0835042735042737,318.0,296.2,2.2,2.4,0.0,1
56980,6,2.63968253968254,416.5,437.1666666666667,1.8333333333333333,3.0,0.0,1
56991,6,4.208730158730159,536.8333333333334,561.1666666666666,6.833333333333333,2.0,0.0,1
56996,5,3.784285714285714,579.4,615.0,4.4,7.2,0.0,1
56997,6,4.018019480519481,428.1666666666667,470.6666666666667,0.5,1.0,0.0,1
56998,7,2.566816120387549,302.2857142857143,356.7142857142857,1.1428571428571428,3.857142857142857,0.0,1
57006,5,1.7835897435897436,319.4,346.4,1.2,9.6,0.0,1
57008,10,2.300579975579976,491.2,479.2,1.8,2.0,0.0,1
57012,9,3.981216931216931,401.55555555555554,443.22222222222223,2.333333333333333,4.666666666666667,0.0,1
57031,6,1.670843776106934,323.0,364.3333333333333,0.1666666666666666,2.5,0.0,1
57032,9,2.484659784659785,517.2222222222222,586.7777777777778,1.8888888888888888,3.0,0.0,1
57044,7,3.221655328798186,501.2857142857143,492.7142857142857,1.5714285714285714,4.285714285714286,0.0,1
57046,10,2.2951973026973027,340.4,368.6,0.3,0.5,0.0,1
57082,6,2.40436507936508,348.8333333333333,374.1666666666667,1.8333333333333333,4.333333333333333,0.0,1
57083,5,1.6261904761904762,351.6,393.6,0.4,11.6,0.0,1
57088,14,2.381334439370153,420.6428571428572,497.3571428571428,0.0,0.0,0.0,1
57100,5,3.0,484.4,534.0,0.6,8.4,0.0,1
57122,8,4.7154671717171714,508.125,497.625,0.625,5.625,0.0,1
57128,5,1.51,381.4,446.8,0.2,0.8,0.0,1
57131,5,3.687142857142857,364.2,424.2,0.6,2.8,0.0,1
57132,16,2.231864765136824,400.75,444.8125,0.6875,2.8125,0.0,1
57143,6,3.095872183372183,639.0,646.6666666666666,3.333333333333333,2.6666666666666665,0.0,1
57144,5,6.066666666666666,622.8,599.2,0.2,1.2,0.0,1
57156,6,2.7736772486772487,471.0,535.0,0.8333333333333334,1.6666666666666667,0.0,1
57164,5,2.917777777777778,363.4,445.8,0.2,1.4,0.0,1
57188,5,2.1046031746031746,368.8,402.6,0.2,1.2,0.0,1
57192,28,3.301772731237017,400.4285714285714,438.7857142857143,0.6071428571428571,2.142857142857143,0.0,1
57198,5,1.5136796536796535,279.2,313.0,1.4,6.0,0.0,1
57199,5,3.6822222222222223,493.6,471.6,1.2,5.4,0.0,1
57205,9,5.919312169312169,550.0,558.1111111111111,1.1111111111111112,2.0,0.1111111111111111,0
57210,5,6.57095238095238,384.6,434.8,0.6,2.0,0.4,0
57211,10,4.459491341991342,486.6,523.7,0.2,1.5,0.0,1
57226,8,2.4200393356643355,373.0,414.375,0.5,6.0,0.0,1
57236,11,5.923232323232323,461.6363636363636,493.8181818181818,0.5454545454545454,1.3636363636363635,0.0,1
57258,5,5.430303030303031,444.4,489.6,0.2,2.6,0.0,1
57267,5,2.991746031746032,520.4,610.2,4.0,4.8,0.0,1
57272,6,2.401602564102564,408.5,387.1666666666667,4.833333333333333,2.0,0.0,1
57275,27,4.690253470809027,528.7037037037037,589.4074074074074,1.5555555555555556,1.1851851851851851,0.0,1
57287,14,3.8500374625374634,340.7857142857143,370.5,0.2142857142857142,1.2857142857142858,0.0,1
57299,5,2.3205128205128203,410.4,473.8,1.8,8.6,0.0,1
57300,6,1.8033967122202412,300.3333333333333,309.0,0.5,1.6666666666666667,0.0,1
57307,11,2.9457724094087734,349.0,408.27272727272725,1.0909090909090908,13.363636363636363,0.0,1
57316,22,2.3923269021531053,388.9090909090909,429.5,4.2727272727272725,2.4545454545454546,0.0,1
57325,6,2.530950530950531,426.0,448.8333333333333,2.1666666666666665,1.6666666666666667,0.1666666666666666,0
57328,14,2.041806419537512,321.2857142857143,374.6428571428572,1.0714285714285714,2.0,0.0,1
57329,6,2.539985994397759,468.1666666666667,464.6666666666667,0.1666666666666666,0.8333333333333334,0.0,1
57341,7,2.1198618841475985,357.57142857142856,351.7142857142857,1.5714285714285714,3.4285714285714284,0.1428571428571428,0
57374,7,2.030978417007829,432.4285714285714,464.4285714285714,0.0,0.0,0.0,1
57375,7,3.503896103896104,448.0,524.8571428571429,0.0,0.0,0.0,1
57376,7,2.652071737786024,399.7142857142857,432.57142857142856,0.0,0.0,0.0,1
57393,8,4.952083333333333,622.875,625.125,0.125,1.125,0.0,1
57394,6,4.500925925925926,367.3333333333333,370.8333333333333,0.5,3.6666666666666665,0.0,1
57415,6,2.111904761904762,359.0,372.5,1.0,1.3333333333333333,0.0,1
57432,10,3.3860683760683763,371.0,420.0,0.1,0.8,0.0,1
57436,5,2.2034920634920634,481.6,482.6,0.4,2.4,0.2,0
57458,5,4.112380952380953,413.4,460.8,2.8,5.4,0.0,1
57462,6,1.3444444444444443,286.5,306.0,4.833333333333333,6.666666666666667,0.0,1
57484,9,2.512803554470221,375.8888888888889,383.3333333333333,1.7777777777777777,5.555555555555555,0.0,1
57511,5,2.25436507936508,345.4,373.4,2.4,2.4,0.0,1
57532,7,3.227594627594628,680.8571428571429,645.4285714285714,2.2857142857142856,4.285714285714286,0.0,1
57539,5,3.4338095238095234,396.2,411.2,0.0,0.0,0.2,0
57562,5,2.227878787878788,288.2,280.8,3.2,12.2,0.0,1
57563,7,2.421098742527314,453.8571428571428,441.2857142857143,0.0,0.0,0.1428571428571428,0
57576,5,3.682380952380952,492.6,509.4,11.8,9.0,0.2,0
57581,5,1.6886363636363635,428.8,477.8,0.2,0.8,0.0,1
57588,5,2.160805860805861,365.6,405.8,6.4,12.6,0.0,1
57611,11,3.112626262626263,374.3636363636364,413.54545454545456,1.0,5.454545454545454,0.0909090909090909,0
57613,5,2.957575757575757,437.2,462.8,1.2,6.0,0.0,1
57620,9,2.901322751322751,527.4444444444445,517.6666666666666,1.4444444444444444,3.888888888888889,0.0,1
57649,13,1.6806168190783577,303.46153846153845,321.61538461538464,2.769230769230769,4.923076923076923,0.0,1
57652,5,3.9189310689310695,365.8,377.2,0.0,0.0,0.0,1
57663,20,1.6922893772893772,360.5,417.85,0.05,0.25,0.0,1
57670,6,1.9453703703703704,384.8333333333333,444.8333333333333,2.0,3.0,0.1666666666666666,0
57671,6,1.7078703703703704,347.6666666666667,423.8333333333333,0.5,5.0,0.0,1
57681,7,3.071446608946609,489.1428571428572,451.57142857142856,0.0,0.0,0.0,1
57682,6,1.7412716912716917,423.1666666666667,459.3333333333333,0.6666666666666666,2.333333333333333,0.0,1
57684,14,8.736239950525665,609.2857142857143,607.4285714285714,1.0714285714285714,1.4285714285714286,0.0,1
57690,17,1.6835646379764029,320.94117647058823,315.7058823529412,2.117647058823529,4.117647058823529,0.0,1
57712,5,0.704935064935065,381.0,332.4,0.4,1.0,0.4,0
57714,8,2.482303113553113,384.75,447.375,0.0,0.0,0.0,1
57725,7,1.537845487845488,274.85714285714283,321.42857142857144,0.0,0.0,0.0,1
57728,5,3.1332539682539684,626.6,600.6,3.2,1.8,0.0,1
57736,5,2.284040404040404,437.0,501.0,0.0,0.0,0.0,1
57738,13,4.4788179768949,524.8461538461538,522.2307692307693,0.7692307692307693,5.769230769230769,0.0,1
57775,5,3.2957692307692303,501.4,581.6,3.4,2.4,0.0,1
57777,5,1.6534632034632035,386.2,440.6,0.0,0.0,0.0,1
57798,5,2.271906035141329,473.0,511.8,0.6,1.4,0.0,1
57816,5,3.637142857142857,410.0,419.6,0.4,4.4,0.0,1
57821,7,9.038492063492065,649.1428571428571,629.1428571428571,1.5714285714285714,8.857142857142858,0.1428571428571428,0
57826,6,3.600112632465574,408.1666666666667,440.1666666666667,3.1666666666666665,6.666666666666667,0.0,1
57838,5,2.408888888888889,387.6,379.0,0.8,1.4,0.0,1
57860,12,2.2564907314907314,302.3333333333333,365.5,1.5833333333333333,3.1666666666666665,0.0,1
57867,5,2.520634920634921,340.4,366.6,0.2,3.6,0.0,1
57868,5,2.161111111111111,391.4,420.8,10.4,2.4,0.0,1
57885,11,2.0752391547846094,359.6363636363636,411.54545454545456,5.636363636363637,7.363636363636363,0.0,1
57889,5,1.7977777777777777,307.2,319.0,1.2,6.0,0.0,1
57900,11,2.19664628300992,379.45454545454544,449.3636363636364,1.4545454545454546,0.5454545454545454,0.0,1
57907,11,1.7314367450731083,307.6363636363636,313.27272727272725,0.9090909090909092,3.1818181818181817,0.0909090909090909,0
57929,5,2.212922077922078,435.6,497.4,0.0,0.0,0.0,1
57941,8,6.640873015873016,458.625,452.625,2.0,2.5,0.0,1
57959,12,2.5289622414622417,356.0,423.25,2.9166666666666665,4.416666666666667,0.0,1
57971,7,1.7918367346938775,398.8571428571428,407.1428571428572,4.714285714285714,6.857142857142857,0.0,1
57972,5,2.867142857142857,666.2,551.8,0.6,4.2,0.0,1
57973,6,3.321428571428571,427.0,460.8333333333333,1.1666666666666667,4.333333333333333,0.0,1
57995,5,3.0168181818181816,373.0,363.4,2.4,3.6,0.0,1
58003,6,2.220970695970696,426.1666666666667,391.6666666666667,1.3333333333333333,6.666666666666667,0.0,1
58025,7,5.088095238095238,458.7142857142857,551.7142857142857,3.142857142857143,2.571428571428572,0.0,1
58031,7,3.3389455782312925,466.7142857142857,494.7142857142857,1.5714285714285714,4.285714285714286,0.0,1
58032,7,4.231977942692228,409.7142857142857,505.8571428571428,3.7142857142857135,4.714285714285714,0.0,1
58038,9,3.7576719576719575,364.77777777777777,438.22222222222223,2.2222222222222223,6.0,0.0,1
58046,6,1.915598290598291,344.6666666666667,451.8333333333333,2.833333333333333,10.0,0.0,1
58065,9,3.7474867724867726,480.0,504.1111111111111,11.555555555555555,5.0,0.0,1
58107,9,5.618518518518518,450.22222222222223,506.8888888888889,2.333333333333333,7.555555555555555,0.0,1
58115,17,2.536542134336252,375.5882352941176,402.8235294117647,0.4705882352941176,1.411764705882353,0.0588235294117647,0
58158,6,3.134188034188034,392.0,496.5,0.3333333333333333,1.1666666666666667,0.0,1
58160,8,5.098611111111111,594.875,599.25,0.375,2.75,0.0,1
58166,6,2.4682840307840306,440.3333333333333,427.3333333333333,5.666666666666667,3.6666666666666665,0.0,1
58177,7,1.9014985014985013,410.57142857142856,426.0,0.1428571428571428,1.7142857142857142,0.0,1
58188,5,1.2942279942279942,374.4,359.8,1.4,4.8,0.0,1
58193,44,3.848788616686344,471.1818181818182,498.1818181818182,3.886363636363636,3.863636363636364,0.0227272727272727,0
58194,7,2.691223459080601,388.8571428571428,459.57142857142856,1.5714285714285714,3.857142857142857,0.0,1
58206,8,1.8089781746031743,407.25,408.0,2.0,2.125,0.125,0
58207,5,1.856666666666667,363.8,386.6,1.2,5.2,0.2,0
58216,18,2.965254884004884,331.55555555555554,333.6666666666667,1.3888888888888888,1.7777777777777777,0.0,1
58217,10,3.2796398046398045,417.0,492.8,0.1,1.3,0.0,1
58218,11,3.034992784992785,432.9090909090909,478.6363636363636,0.1818181818181818,2.0,0.0,1
58222,6,2.9437409812409814,449.1666666666667,507.0,0.0,0.0,0.0,1
58250,5,2.395098039215686,456.8,425.0,3.0,9.0,0.0,1
58258,11,1.443181818181818,311.45454545454544,366.0,0.8181818181818182,0.7272727272727273,0.0,1
58269,10,3.007564935064935,409.3,457.8,2.8,4.8,0.0,1
58272,7,2.093320964749536,380.2857142857143,406.57142857142856,0.7142857142857143,2.857142857142857,0.0,1
58311,6,3.5761904761904764,404.5,409.1666666666667,0.1666666666666666,1.0,0.0,1
58314,9,3.509920634920635,412.44444444444446,451.3333333333333,1.6666666666666667,9.333333333333334,0.0,1
58315,5,2.2625974025974025,312.8,335.8,2.0,2.4,0.0,1
58316,6,2.405982905982906,374.3333333333333,390.3333333333333,0.0,0.0,0.0,1
58333,6,2.949013949013949,512.8333333333334,531.0,5.333333333333333,2.1666666666666665,0.0,1
58346,12,3.6388227513227513,336.0,380.4166666666667,0.0,0.0,0.0,1
58410,6,1.7050925925925926,427.8333333333333,467.5,0.1666666666666666,0.3333333333333333,0.0,1
58412,8,5.275049603174603,605.25,656.0,0.125,2.5,0.0,1
58423,5,2.622777777777777,366.0,422.6,0.2,2.0,0.0,1
58424,17,2.0975804424333835,413.05882352941177,448.7058823529412,0.5294117647058824,1.8823529411764703,0.0,1
58425,12,3.155390211640212,397.8333333333333,435.4166666666667,0.6666666666666666,1.75,0.0,1
58429,6,4.195767195767195,431.5,458.8333333333333,0.8333333333333334,9.0,0.1666666666666666,0
58464,5,3.1767857142857143,412.6,443.4,1.8,6.6,0.0,1
58473,6,1.8666472416472413,394.8333333333333,471.1666666666667,0.3333333333333333,2.6666666666666665,0.0,1
58505,6,1.525793650793651,320.3333333333333,355.8333333333333,3.0,9.333333333333334,0.0,1
58513,9,1.620861963018826,391.6666666666667,416.0,1.0,2.333333333333333,0.0,1
58524,5,2.38,360.4,403.4,3.0,3.0,0.0,1
58526,5,2.740238095238096,369.6,402.4,1.4,6.4,0.0,1
58536,5,3.244047619047619,539.0,536.8,1.2,9.6,0.0,1
58544,5,2.8233333333333333,394.4,418.0,2.4,3.6,0.0,1
58545,8,2.4572781385281384,449.375,547.875,1.75,7.5,0.0,1
58546,9,4.3288139329806,506.55555555555554,559.3333333333334,0.8888888888888888,2.333333333333333,0.0,1
58548,11,2.3785353535353533,407.3636363636364,410.45454545454544,0.7272727272727273,0.7272727272727273,0.0,1
58549,5,1.752857142857143,295.6,311.6,0.4,0.6,0.0,1
58555,5,2.405515873015873,390.4,383.2,0.2,1.0,0.0,1
58556,5,1.9852991452991453,354.4,380.8,1.0,5.6,0.0,1
58573,5,3.442857142857143,314.6,359.2,0.4,3.2,0.0,1
58582,13,3.3111721611721614,329.46153846153845,368.9230769230769,0.9230769230769232,4.307692307692308,0.0,1
58583,12,4.78961038961039,476.3333333333333,541.9166666666666,3.0,6.0,0.0,1
58591,8,3.687987012987013,483.5,561.375,6.0,6.0,0.0,1
58592,8,2.22789294039294,335.0,355.5,0.0,0.0,0.0,1
58610,6,2.339821776663882,464.0,467.8333333333333,1.6666666666666667,5.0,0.3333333333333333,0
58611,5,1.2388217338217338,383.0,384.0,2.8,5.6,0.0,1
58618,6,2.3061301443654387,408.3333333333333,430.5,0.1666666666666666,0.3333333333333333,0.0,1
58656,7,2.2833464154892726,413.0,465.57142857142856,0.0,0.0,0.0,1
58684,5,2.2353646353646357,429.6,470.6,0.8,9.6,0.0,1
58694,5,3.2018181818181817,430.2,457.6,2.8,3.0,0.0,1
58704,5,2.064285714285714,583.8,545.0,3.4,4.8,0.0,1
58715,13,2.3705461205461207,348.15384615384613,363.0769230769231,0.3076923076923077,2.076923076923077,0.0,1
58716,13,5.518204018204018,482.6923076923077,527.3076923076923,1.0769230769230769,1.1538461538461535,0.0,1
58725,19,2.002196867460025,501.9473684210527,488.8421052631579,0.7368421052631579,5.684210526315789,0.0526315789473684,0
58735,6,2.0384282384282386,387.5,407.6666666666667,0.5,2.333333333333333,0.0,1
58754,7,4.291269841269841,370.2857142857143,428.4285714285714,1.7142857142857142,1.7142857142857142,0.0,1
58764,6,2.722619047619048,383.1666666666667,415.6666666666667,0.0,0.0,0.0,1
58771,5,10.767063492063492,535.8,572.2,0.8,8.6,0.0,1
58786,5,4.287662337662338,422.4,425.0,0.2,2.0,0.0,1
58787,5,3.040769230769231,408.6,487.2,0.8,6.8,0.0,1
58790,7,2.544817927170868,349.57142857142856,403.1428571428572,0.1428571428571428,1.5714285714285714,0.0,1
58862,6,1.606475468975469,432.6666666666667,472.5,0.3333333333333333,0.8333333333333334,0.0,1
58894,5,2.1618131868131867,414.0,463.6,1.2,3.6,0.0,1
58904,11,1.8501803751803756,301.54545454545456,285.3636363636364,4.0,2.1818181818181817,0.0,1
58905,6,2.182647907647908,480.6666666666667,591.3333333333334,0.1666666666666666,0.3333333333333333,0.0,1
58906,6,2.066666666666667,405.5,437.6666666666667,0.1666666666666666,1.6666666666666667,0.0,1
58934,7,7.667582417582417,592.4285714285714,527.8571428571429,1.4285714285714286,5.571428571428571,0.0,1
58943,13,1.6713425463425462,360.0769230769231,359.3076923076923,1.6153846153846154,2.769230769230769,0.0,1
58947,7,1.543791747468218,326.85714285714283,354.42857142857144,0.0,0.0,0.0,1
58948,9,3.984223184223184,460.0,495.6666666666667,0.8888888888888888,1.7777777777777777,0.0,1
58964,10,2.8512881562881565,342.1,397.4,0.3,3.8,0.0,1
58969,6,1.6713381933970168,344.8333333333333,403.3333333333333,1.5,2.5,0.0,1
58973,5,3.991666666666667,496.0,521.8,0.0,0.0,0.0,1
58975,6,5.842857142857143,500.3333333333333,543.8333333333334,0.0,0.0,0.0,1
58981,5,1.8378968253968253,352.4,345.0,0.0,0.0,0.0,1
58993,8,3.3995039682539683,423.5,491.375,0.375,1.75,0.0,1
58997,7,2.220810142238714,413.2857142857143,469.1428571428572,0.4285714285714285,2.0,0.0,1
59033,6,1.724025974025974,386.8333333333333,482.1666666666667,0.1666666666666666,1.0,0.0,1
59035,6,2.543362193362193,444.3333333333333,484.6666666666667,0.6666666666666666,0.8333333333333334,0.0,1
59037,8,2.305952380952381,395.75,430.25,3.25,1.875,0.0,1
59047,6,3.2244047619047618,527.5,523.5,0.6666666666666666,10.5,0.0,1
59063,5,6.784545454545454,472.6,536.8,1.2,6.8,0.0,1
59064,5,5.572063492063492,502.4,561.4,0.8,5.2,0.0,1
59069,7,2.5540836043655597,407.8571428571428,447.2857142857143,0.0,0.0,0.0,1
59073,5,1.8529914529914528,359.2,390.8,21.6,12.2,0.2,0
59082,7,3.89625850340136,468.0,517.1428571428571,0.5714285714285714,12.428571428571429,0.0,1
59086,8,2.183653846153846,356.25,388.25,0.0,0.0,0.0,1
59118,8,2.626127344877345,449.875,530.5,3.25,11.625,0.0,1
59120,8,2.4148809523809525,296.875,329.625,0.125,1.5,0.0,1
59134,6,1.886752136752137,376.0,402.8333333333333,10.666666666666666,4.0,0.0,1
59135,9,3.066097482764149,562.1111111111111,634.4444444444445,0.7777777777777778,1.7777777777777777,0.0,1
59136,7,1.947186147186147,346.0,358.0,0.8571428571428571,2.571428571428572,0.0,1
59154,7,2.750180375180375,437.8571428571428,455.57142857142856,0.4285714285714285,1.1428571428571428,0.0,1
59177,5,5.897222222222222,493.4,527.4,3.2,5.2,0.0,1
59183,5,2.83939393939394,370.6,436.6,2.2,12.4,0.0,1
59207,8,3.480898962148962,320.125,394.25,0.5,4.5,0.0,1
59229,10,2.7893055555555555,442.0,523.1,0.0,0.0,0.0,1
59231,7,2.935374149659864,540.5714285714286,561.7142857142857,0.5714285714285714,2.4285714285714284,0.0,1
59233,5,2.4,446.8,503.0,1.0,1.2,0.0,1
59235,8,1.6398462648462648,310.75,370.75,0.625,3.75,0.0,1
59261,11,4.860533910533911,486.6363636363636,493.09090909090907,0.6363636363636364,4.363636363636363,0.0,1
59267,11,2.365530303030303,537.9090909090909,499.0,2.090909090909091,3.636363636363636,0.0909090909090909,0
59268,6,3.488425925925926,418.6666666666667,417.1666666666667,1.1666666666666667,3.0,0.0,1
59284,7,2.7726107226107226,370.4285714285714,420.2857142857143,0.5714285714285714,3.857142857142857,0.0,1
59286,5,1.87,314.6,331.6,0.0,0.0,0.4,0
59313,11,3.55389282434737,461.09090909090907,459.45454545454544,0.9090909090909092,2.272727272727273,0.0,1
59314,6,4.646031746031746,452.6666666666667,481.1666666666667,0.0,0.0,0.0,1
59315,8,4.911458333333333,457.5,478.375,0.875,1.75,0.0,1
59330,6,2.2295574795574797,427.3333333333333,502.8333333333333,0.8333333333333334,4.333333333333333,0.0,1
59332,8,2.4841765873015875,302.625,347.625,1.25,1.875,0.0,1
59365,15,2.7412698412698413,479.8,548.4,1.4,0.6,0.0666666666666666,0
59367,13,2.604426129426129,327.84615384615387,402.61538461538464,0.2307692307692307,0.7692307692307693,0.0,1
59368,5,2.4423529411764706,316.8,321.8,0.2,1.8,0.0,1
59369,5,2.6138461538461537,439.4,448.2,0.0,0.0,0.0,1
59370,6,3.597922502334267,427.1666666666667,471.5,0.5,5.666666666666667,0.0,1
59380,15,2.687873977873978,346.8,358.3333333333333,0.8,3.2,0.0,1
59381,5,1.9527472527472525,398.0,469.0,0.4,2.4,0.0,1
59389,7,3.4452380952380954,358.7142857142857,418.2857142857143,1.0,1.7142857142857142,0.0,1
59390,8,2.1784992784992783,408.875,436.375,5.375,5.0,0.0,1
59406,6,2.321170033670034,480.5,557.3333333333334,1.1666666666666667,1.1666666666666667,0.0,1
59407,12,5.118722943722944,519.8333333333334,537.9166666666666,0.4166666666666667,2.5,0.0,1
59409,8,3.8857142857142857,473.0,518.125,2.875,1.125,0.0,1
59433,6,4.273214285714285,504.3333333333333,542.6666666666666,0.1666666666666666,2.0,0.0,1
59441,7,3.451569264069264,402.2857142857143,406.7142857142857,0.4285714285714285,3.0,0.0,1
59467,6,3.6385387488328655,497.8333333333333,510.1666666666667,0.3333333333333333,0.3333333333333333,0.0,1
59483,5,1.2933333333333334,280.6,297.0,0.6,1.4,0.0,1
59493,12,2.754689754689754,504.5,558.4166666666666,2.1666666666666665,5.333333333333333,0.0,1
59510,5,3.3212698412698414,416.0,437.8,0.8,2.8,0.0,1
59539,7,2.2437015365586794,405.7142857142857,452.1428571428572,0.4285714285714285,0.5714285714285714,0.0,1
59548,5,4.711666666666667,626.6,622.4,2.4,15.6,0.0,1
59549,7,5.258719851576994,597.2857142857143,611.4285714285714,2.2857142857142856,4.285714285714286,0.0,1
59550,7,4.282738095238095,437.1428571428572,453.2857142857143,2.142857142857143,3.4285714285714284,0.0,1
59552,7,2.295238095238095,285.1428571428572,274.0,2.4285714285714284,5.142857142857143,0.0,1
59566,11,2.9315656565656565,405.27272727272725,410.8181818181818,1.3636363636363635,7.636363636363637,0.0,1
59569,42,3.512596794739652,483.9047619047619,528.8809523809524,0.4761904761904761,4.190476190476191,0.0,1
59581,5,2.2841666666666667,443.6,502.0,4.8,5.4,0.0,1
59602,8,3.771478174603175,403.625,418.75,5.125,1.875,0.0,1
59603,6,3.0221861471861478,404.0,434.8333333333333,0.3333333333333333,1.5,0.0,1
59607,5,3.1066666666666665,435.4,434.0,0.4,1.6,0.0,1
59711,8,2.8467261904761907,566.125,512.25,2.75,4.875,0.0,1
59736,5,6.221666666666666,610.6,550.8,26.8,8.0,0.0,1
59759,7,3.0924603174603176,328.1428571428572,387.1428571428572,1.5714285714285714,3.0,0.0,1
59770,6,2.2761904761904765,377.3333333333333,419.8333333333333,1.0,2.5,0.0,1
59776,5,1.2421933621933623,383.6,436.2,3.8,10.4,0.0,1
59777,7,4.185714285714286,410.8571428571428,457.4285714285714,1.2857142857142858,2.2857142857142856,0.0,1
59778,11,2.5738062442607896,416.7272727272728,445.54545454545456,0.7272727272727273,5.454545454545454,0.0,1
59783,13,2.366436554898093,412.6923076923077,403.0,0.4615384615384615,2.6923076923076925,0.0,1
59805,5,3.4521367521367523,511.0,591.2,0.4,4.8,0.0,1
59806,8,2.352426046176046,520.0,581.125,0.375,3.25,0.0,1
59818,5,2.3832251082251084,371.6,420.2,0.2,1.8,0.0,1
59820,8,3.075378787878788,362.375,393.875,0.0,0.0,0.0,1
59822,7,3.572893772893773,338.42857142857144,389.57142857142856,0.4285714285714285,1.7142857142857142,0.0,1
59836,10,3.0544444444444445,544.0,521.6,1.2,3.7,0.0,1
59843,7,3.5661255411255413,409.8571428571428,452.0,3.4285714285714284,2.857142857142857,0.0,1
59875,8,2.1485576923076923,375.375,363.75,0.75,1.625,0.0,1
59906,10,3.338643578643579,469.2,491.6,0.0,0.0,0.0,1
59923,11,4.179020979020979,497.54545454545456,541.2727272727273,1.6363636363636365,5.363636363636363,0.0,1
59928,5,1.8698039215686275,360.4,444.0,0.4,0.2,0.0,1
59929,9,5.229365079365079,513.6666666666666,540.3333333333334,0.3333333333333333,1.0,0.0,1
59951,5,3.737777777777778,560.0,590.4,2.4,6.0,0.0,1
59952,5,3.155,447.6,492.6,5.0,1.6,0.0,1
59955,7,4.239493839493839,488.2857142857143,521.1428571428571,0.7142857142857143,4.285714285714286,0.0,1
59956,7,2.746392496392496,469.2857142857143,515.1428571428571,1.2857142857142858,3.0,0.0,1
59957,6,2.65030525030525,380.5,424.3333333333333,9.0,5.0,0.0,1
59958,8,5.271326712503183,508.375,538.375,6.375,2.875,0.0,1
59978,5,1.571904761904762,289.0,300.0,0.2,1.4,0.0,1
59985,5,2.325,373.2,383.2,1.2,2.0,0.0,1
59989,11,3.4234815689361144,383.9090909090909,472.8181818181818,9.636363636363637,5.909090909090909,0.0,1
59990,20,3.8193781218781218,461.95,555.1,2.7,3.5,0.0,1
60006,5,2.348888888888889,503.0,497.0,0.0,0.0,0.0,1
60023,5,2.1358080808080806,360.6,421.0,1.6,2.0,0.0,1
60033,27,3.3484705623594517,513.0,544.3333333333334,1.148148148148148,3.333333333333333,0.037037037037037,0
60037,5,1.0044444444444445,441.4,432.8,0.2,1.6,0.0,1
60077,14,3.004639723022076,459.9285714285714,495.9285714285714,2.9285714285714284,6.857142857142857,0.0,1
60078,5,4.454603174603174,557.0,542.0,1.2,4.6,0.0,1
60106,5,2.319166666666667,419.4,465.8,1.0,4.8,0.0,1
60118,8,2.4634469696969696,316.125,395.375,0.375,1.625,0.0,1
60151,5,5.133333333333333,423.2,451.0,1.2,4.2,0.0,1
60182,7,2.914625850340136,359.0,392.0,0.4285714285714285,1.7142857142857142,0.0,1
60215,11,2.1771756021756024,376.1818181818182,433.3636363636364,0.6363636363636364,3.909090909090909,0.0,1
60224,11,4.853896103896104,597.0,565.3636363636364,1.2727272727272727,8.181818181818182,0.0,1
60225,12,4.059854497354498,487.25,479.75,1.25,1.6666666666666667,0.0,1
60226,5,3.3171794871794877,413.4,398.6,1.2,1.6,0.0,1
60230,17,3.827954969866735,392.0,411.6470588235294,0.1176470588235294,0.7058823529411765,0.0,1
60280,5,2.755151515151515,409.6,392.6,3.0,5.4,0.0,1
60283,7,2.070068027210884,422.2857142857143,480.1428571428572,2.7142857142857144,0.8571428571428571,0.2857142857142857,0
60286,5,1.5666666666666669,363.6,403.8,0.0,0.0,0.0,1
60296,7,2.536656200941916,485.57142857142856,481.7142857142857,0.0,0.0,0.0,1
60322,6,2.429104229104229,430.8333333333333,469.8333333333333,1.1666666666666667,6.5,0.0,1
60365,5,7.913333333333334,477.6,580.8,4.0,7.4,0.0,1
60377,5,1.879572192513369,351.2,401.8,0.0,0.0,0.0,1
60378,6,2.465079365079365,481.0,518.5,0.1666666666666666,3.1666666666666665,0.0,1
60385,6,2.979884004884005,488.0,485.3333333333333,6.833333333333333,3.5,0.1666666666666666,0
60386,8,3.0479301948051947,445.125,455.75,4.125,10.875,0.0,1
60387,6,2.665479797979798,471.0,434.8333333333333,1.0,7.0,0.0,1
60401,5,3.438549783549784,452.6,462.6,1.0,1.2,0.0,1
60406,9,2.6412638287638286,428.55555555555554,443.22222222222223,0.2222222222222222,1.3333333333333333,0.0,1
60412,5,2.135952380952381,351.6,366.6,0.0,0.0,0.0,1
60420,5,1.2785714285714285,571.6,700.8,0.8,5.6,0.0,1
60423,10,2.5944139194139195,438.6,521.6,1.2,5.6,0.0,1
60438,9,6.394708994708995,485.8888888888889,560.6666666666666,0.7777777777777778,1.0,0.0,1
60448,7,3.9246087246087247,517.5714285714286,584.5714285714286,2.7142857142857144,3.0,0.0,1
60459,10,4.227905982905983,453.3,462.4,0.0,0.0,0.0,1
60525,7,2.2231059090302785,386.7142857142857,450.0,0.0,0.0,0.0,1
60552,10,2.508852258852259,400.6,439.1,0.0,0.0,0.0,1
60553,6,5.0784511784511785,473.0,550.5,6.0,10.0,0.0,1
60585,7,2.002164502164502,301.57142857142856,360.0,0.0,0.0,0.0,1
60609,7,2.400206143063286,337.1428571428572,405.2857142857143,0.8571428571428571,9.0,0.0,1
60615,6,2.760353535353536,408.0,404.0,0.0,0.0,0.0,1
60616,7,3.040079365079365,447.4285714285714,481.57142857142856,0.0,0.0,0.0,1
60620,5,2.268333333333333,390.8,418.0,3.0,3.0,0.0,1
60624,5,4.522222222222222,405.0,510.0,0.6,9.6,0.0,1
60625,7,4.102891156462585,412.4285714285714,511.57142857142856,0.4285714285714285,7.714285714285714,0.0,1
60626,8,2.7844696969696967,440.625,460.5,1.75,17.5,0.0,1
60634,5,1.472222222222222,463.2,524.8,1.2,3.4,0.0,1
60638,8,3.1565972222222225,553.0,592.875,3.5,3.75,0.0,1
60656,11,2.543834448379903,324.6363636363636,332.3636363636364,2.1818181818181817,3.0,0.0,1
60685,5,4.011666666666667,506.8,565.6,0.2,1.6,0.0,1
60701,7,2.114100185528757,358.7142857142857,408.4285714285714,0.5714285714285714,0.8571428571428571,0.0,1
60736,5,1.935757575757576,376.0,450.0,1.8,3.2,0.0,1
60760,7,2.186662543805401,346.42857142857144,409.2857142857143,5.857142857142857,1.5714285714285714,0.0,1
60765,6,2.631818181818182,381.6666666666667,354.5,0.8333333333333334,2.0,0.0,1
60766,7,1.344537208822923,292.7142857142857,299.2857142857143,0.0,0.0,0.0,1
60811,6,4.346338383838384,511.1666666666667,550.0,4.0,6.0,0.0,1
60816,5,4.435930735930736,535.4,586.2,0.2,2.0,0.0,1
60817,6,3.800324675324676,437.5,486.5,1.1666666666666667,5.5,0.0,1
60818,6,2.5212481962481963,376.5,409.5,0.8333333333333334,7.0,0.0,1
60834,6,4.698412698412699,355.1666666666667,377.5,0.0,0.0,0.0,1
60840,9,1.9565153981820649,366.0,321.3333333333333,0.1111111111111111,1.4444444444444444,0.0,1
60841,8,1.9733157467532467,376.25,421.5,13.125,3.75,0.0,1
60842,6,1.8772727272727272,518.6666666666666,549.1666666666666,2.833333333333333,1.6666666666666667,0.0,1
60846,5,1.301111111111111,276.4,320.8,1.6,2.0,0.2,0
60857,15,4.17595238095238,427.4666666666666,411.6,2.0,3.6,0.0,1
60858,7,2.209183673469388,292.57142857142856,261.0,0.0,0.0,0.0,1
60882,7,5.622294372294372,478.57142857142856,498.2857142857143,0.8571428571428571,2.0,0.0,1
60906,7,3.074489795918367,408.2857142857143,433.4285714285714,0.4285714285714285,4.285714285714286,0.0,1
60913,9,1.8081816331816327,341.77777777777777,398.77777777777777,0.3333333333333333,6.0,0.0,1
60917,6,3.726641414141414,409.3333333333333,411.5,0.1666666666666666,1.6666666666666667,0.0,1
60920,7,1.9953546453546451,331.42857142857144,378.1428571428572,0.4285714285714285,0.7142857142857143,0.1428571428571428,0
60921,6,2.474027361527362,459.8333333333333,500.5,2.0,8.0,0.0,1
60940,8,4.251488095238095,573.0,585.375,1.625,1.5,0.0,1
60942,7,3.913095238095238,516.7142857142857,573.0,7.714285714285714,8.714285714285714,0.1428571428571428,0
60955,5,2.511963036963037,432.2,506.2,0.6,2.8,0.0,1
60972,9,3.2351851851851854,490.0,553.4444444444445,2.888888888888889,3.333333333333333,0.0,1
60988,6,3.088888888888889,481.1666666666667,500.5,0.8333333333333334,3.0,0.0,1
61042,5,4.115238095238095,460.2,489.4,2.6,2.4,0.0,1
61049,17,4.2296918767507,382.4705882352941,436.4705882352941,0.7647058823529411,3.882352941176471,0.1176470588235294,0
61054,5,1.6964285714285716,346.4,369.6,2.4,3.2,0.0,1
61080,7,2.5090136054421768,435.57142857142856,478.57142857142856,0.0,0.0,0.0,1
61081,9,4.128747795414462,454.44444444444446,518.7777777777778,0.0,0.0,0.0,1
61083,8,2.192433954933955,381.875,398.375,1.125,4.5,0.0,1
61084,9,1.810670194003527,405.6666666666667,447.55555555555554,1.5555555555555556,3.111111111111111,0.0,1
61102,6,1.5516872016872016,399.6666666666667,455.6666666666667,1.1666666666666667,1.5,0.0,1
61105,5,2.106959706959707,436.2,469.4,0.0,0.0,0.0,1
61107,6,3.335185185185185,529.1666666666666,543.0,0.8333333333333334,3.0,0.1666666666666666,0
61110,9,1.919201631701632,348.1111111111111,382.77777777777777,1.6666666666666667,7.666666666666667,0.0,1
61120,5,2.000205839911722,438.6,472.4,0.6,3.6,0.0,1
61129,5,1.1823809523809523,343.2,359.6,15.6,3.6,0.0,1
61160,6,4.686111111111111,438.6666666666667,481.5,0.8333333333333334,2.5,0.0,1
61161,8,1.882891414141414,575.375,590.125,1.625,3.375,0.0,1
61190,5,2.582222222222222,433.2,510.6,0.0,0.0,0.0,1
61206,14,4.06045918367347,310.92857142857144,377.6428571428572,1.0714285714285714,1.4285714285714286,0.0,1
61245,5,2.312307692307692,599.4,587.0,0.6,3.2,0.0,1
61246,5,2.0124941724941725,327.2,378.6,0.0,0.0,0.0,1
61247,5,2.086666666666667,385.8,424.2,2.4,6.0,0.0,1
61278,5,3.06,515.8,510.4,0.2,1.6,0.0,1
61279,8,11.21875,876.75,749.5,0.0,0.0,0.0,1
61284,6,2.84186507936508,406.8333333333333,486.0,0.1666666666666666,0.8333333333333334,0.0,1
61286,8,2.471135329131653,452.75,484.625,1.125,2.5,0.125,0
61297,16,3.460987103174603,454.75,518.9375,1.125,3.5,0.0,1
61303,6,3.704040404040404,476.1666666666667,478.8333333333333,0.8333333333333334,1.3333333333333333,0.1666666666666666,0
61304,10,3.278693528693529,366.5,423.0,3.1,6.3,0.0,1
61305,7,2.576001379572808,417.0,467.1428571428572,0.0,0.0,0.0,1
61306,9,3.409700176366843,406.0,464.22222222222223,0.0,0.0,0.0,1
61333,6,2.874074074074074,375.8333333333333,441.0,0.8333333333333334,3.0,0.0,1
61334,7,6.079931972789116,502.2857142857143,499.7142857142857,1.7142857142857142,2.2857142857142856,0.0,1
61355,6,2.5404904306220097,450.6666666666667,477.0,0.5,2.0,0.0,1
61364,5,2.61969696969697,397.8,379.2,0.2,1.4,0.0,1
61374,6,5.9958041958041965,354.5,394.0,0.0,0.0,0.0,1
61375,5,2.364675324675325,390.0,423.2,0.0,0.0,0.0,1
61376,5,4.731190476190476,402.8,440.0,2.0,9.8,0.0,1
61437,8,2.634469696969697,460.375,494.625,0.0,0.0,0.0,1
61479,5,4.21939393939394,498.4,491.8,11.6,13.2,0.0,1
61491,5,2.845165945165945,512.8,528.2,0.6,4.0,0.2,0
61500,5,3.940606060606061,382.2,351.6,4.8,2.8,0.0,1
61506,5,2.0939775910364142,352.8,313.2,0.6,3.0,0.0,1
61507,5,2.1855555555555557,364.2,336.2,0.2,1.4,0.4,0
61515,6,2.0965367965367965,428.3333333333333,460.3333333333333,0.8333333333333334,0.6666666666666666,0.1666666666666666,0
61542,5,6.619924812030075,436.0,450.6,0.0,0.0,0.0,1
61546,8,3.1322306166056166,642.5,610.125,7.25,5.5,0.0,1
61583,6,2.7,368.0,403.8333333333333,0.6666666666666666,4.666666666666667,0.0,1
61616,7,2.2453379953379957,433.4285714285714,422.7142857142857,1.0,1.4285714285714286,0.0,1
61617,7,3.1485070485070485,361.1428571428572,386.57142857142856,0.4285714285714285,1.7142857142857142,0.0,1
61629,6,4.550925925925927,402.1666666666667,398.8333333333333,1.5,1.0,0.0,1
61637,6,2.6901709401709404,764.3333333333334,723.8333333333334,0.5,4.333333333333333,0.0,1
61639,5,4.746666666666667,446.2,371.6,1.2,2.0,0.0,1
61668,12,3.145144901394901,463.8333333333333,504.5,3.1666666666666665,2.5,0.0,1
61669,8,1.8501221001221,407.25,412.0,4.125,13.75,0.0,1
61670,8,4.4880546536796535,472.375,484.625,1.125,1.125,0.0,1
61676,7,4.241326530612245,465.57142857142856,471.4285714285714,0.8571428571428571,3.4285714285714284,0.0,1
61690,7,3.9345238095238098,464.1428571428572,508.7142857142857,0.7142857142857143,5.714285714285714,0.0,1
61693,5,1.8915873015873013,296.0,356.4,0.6,3.0,0.0,1
61704,7,2.7163586413586414,384.57142857142856,392.8571428571428,2.571428571428572,4.285714285714286,0.0,1
61748,5,2.492727272727273,452.8,454.6,0.0,0.0,0.0,1
61749,5,1.3388461538461538,323.6,330.2,0.6,4.8,0.0,1
61783,8,4.480952380952381,450.375,491.625,0.0,0.0,0.0,1
61788,5,10.413095238095238,482.2,566.8,0.6,2.0,0.0,1
61811,5,2.420454545454546,316.6,359.8,0.8,4.2,0.0,1
61814,7,3.318073593073593,513.7142857142857,536.1428571428571,0.1428571428571428,1.0,0.0,1
61831,6,3.0549450549450547,440.0,468.3333333333333,6.166666666666667,2.333333333333333,0.0,1
61835,12,3.0617544492544493,407.6666666666667,453.4166666666667,1.0833333333333333,2.0,0.0833333333333333,0
61855,5,2.109090909090909,334.6,368.2,3.6,12.0,0.0,1
61860,5,3.20436507936508,448.8,515.8,0.2,2.2,0.0,1
61865,5,2.430555555555556,426.6,455.6,0.0,0.0,0.0,1
61888,5,4.9192307692307695,534.4,525.4,6.4,2.4,0.0,1
61904,5,2.875,483.4,533.4,0.0,0.0,0.0,1
61911,5,4.162222222222222,512.8,574.2,0.0,0.0,0.0,1
61913,11,2.207588875770694,369.1818181818182,393.45454545454544,0.0,0.0,0.0,1
61914,13,2.771718559218559,501.7692307692308,562.0769230769231,0.1538461538461538,0.3076923076923077,0.0,1
61952,12,5.180919312169312,648.0,704.6666666666666,0.3333333333333333,0.5833333333333334,0.0,1
61953,11,3.418362193362193,345.72727272727275,339.0,0.0909090909090909,0.4545454545454545,0.0,1
61989,11,2.2196608946608944,385.3636363636364,418.54545454545456,0.0,0.0,0.0909090909090909,0
61990,7,2.5277777777777777,323.7142857142857,322.42857142857144,0.0,0.0,0.1428571428571428,0
61998,16,3.713436736874237,497.3125,561.375,0.125,0.5,0.0,1
62047,6,2.911181411181411,438.0,458.3333333333333,0.0,0.0,0.0,1
62101,23,4.003002070393375,404.8695652173913,424.2608695652174,0.391304347826087,1.7391304347826086,0.0434782608695652,0
62118,5,1.2657142857142856,362.0,410.0,1.0,1.6,0.0,1
62129,7,5.2503401360544215,318.2857142857143,378.2857142857143,0.5714285714285714,8.0,0.0,1
62131,11,4.478407451134723,500.54545454545456,572.0909090909091,0.3636363636363636,2.5454545454545454,0.0,1
62133,6,10.8125,428.8333333333333,466.6666666666667,0.5,1.5,0.0,1
62172,7,2.707237440430718,275.1428571428572,286.2857142857143,0.0,0.0,0.0,1
62200,5,2.375,436.0,477.8,1.6,2.0,0.0,1
62220,7,3.3632653061224493,391.8571428571428,389.8571428571428,0.0,0.0,0.0,1
62234,11,2.793561993561993,421.0,441.09090909090907,2.909090909090909,3.1818181818181817,0.0,1
62238,7,1.5646876932591218,271.85714285714283,266.0,1.4285714285714286,4.428571428571429,0.0,1
62276,15,3.90984126984127,528.4,531.9333333333333,0.4666666666666667,1.3333333333333333,0.0,1
62307,6,2.463888888888889,677.3333333333334,568.8333333333334,1.0,1.5,0.1666666666666666,0
62325,5,2.889264069264069,393.8,434.6,0.6,2.0,0.0,1
62326,10,3.432110389610389,417.6,495.1,1.2,4.2,0.0,1
62328,5,1.3137240537240538,315.8,348.0,0.8,3.0,0.0,1
62435,6,3.0470441595441597,365.0,443.3333333333333,1.3333333333333333,2.0,0.0,1
62444,5,2.2666666666666666,421.4,403.4,3.4,1.8,0.0,1
62488,6,3.929761904761905,498.8333333333333,592.3333333333334,0.1666666666666666,1.8333333333333333,0.0,1
62501,9,2.261442415609082,308.3333333333333,328.44444444444446,0.1111111111111111,0.6666666666666666,0.0,1
62553,5,4.875726495726496,381.0,447.8,0.0,0.0,0.0,1
62556,5,5.164126984126984,534.8,568.0,0.0,0.0,0.0,1
62574,5,2.867460317460318,433.4,481.8,1.2,1.6,0.2,0
62623,6,2.30181623931624,369.5,461.8333333333333,1.1666666666666667,10.666666666666666,0.0,1
62647,6,2.38287037037037,393.6666666666667,439.5,0.0,0.0,0.0,1
62648,7,3.0020408163265304,417.57142857142856,401.57142857142856,0.1428571428571428,0.5714285714285714,0.0,1
62655,6,3.226070226070226,447.8333333333333,540.5,0.3333333333333333,5.666666666666667,0.0,1
62662,5,2.276948051948052,359.2,410.4,1.6,1.2,0.2,0
62677,5,3.981103896103896,409.0,453.8,0.0,0.0,0.0,1
62679,7,2.329204129204129,400.2857142857143,429.57142857142856,0.2857142857142857,0.8571428571428571,0.0,1
62686,7,1.7630852340936374,437.4285714285714,445.8571428571428,0.8571428571428571,1.2857142857142858,0.0,1
62712,5,3.3514285714285714,372.6,437.2,2.4,4.2,0.0,1
62721,7,3.326980162694448,458.4285714285714,522.2857142857143,0.2857142857142857,1.4285714285714286,0.0,1
62722,7,1.4082062895088103,321.57142857142856,356.42857142857144,0.8571428571428571,6.285714285714286,0.0,1
62723,5,3.423174603174602,523.4,536.2,1.0,1.2,0.0,1
62740,5,1.5431526806526803,421.8,432.0,1.8,4.8,0.0,1
62755,9,2.276146384479718,486.1111111111111,563.0,0.0,0.0,0.0,1
62761,5,2.6190598290598293,433.4,440.8,1.8,3.6,0.0,1
62765,5,2.0377272727272726,295.6,324.0,0.2,2.2,0.0,1
62768,5,1.27,328.8,357.0,2.2,1.4,0.0,1
62785,7,2.933333333333333,454.2857142857143,481.2857142857143,0.5714285714285714,1.2857142857142858,0.0,1
62786,5,3.161111111111111,266.2,286.4,0.4,2.0,0.0,1
62789,8,4.750157828282828,478.5,491.0,2.875,4.5,0.0,1
62808,5,3.331428571428572,362.8,359.8,0.2,1.0,0.0,1
62827,12,2.3038419913419914,314.1666666666667,353.1666666666667,0.0833333333333333,2.583333333333333,0.0,1
62834,5,2.925,384.8,412.8,0.4,3.6,0.0,1
62837,5,2.997863247863248,571.2,632.8,1.0,3.6,0.0,1
62857,8,4.401537698412699,594.5,557.25,0.0,0.0,0.0,1
62865,5,1.6792307692307695,392.2,432.8,0.6,1.0,0.0,1
62872,10,2.959702797202797,448.4,487.9,1.3,3.0,0.0,1
62877,10,3.332882395382396,453.1,540.0,1.1,3.0,0.0,1
62900,5,4.96,335.8,432.0,0.0,0.0,0.0,1
62912,11,2.2762035943854126,460.54545454545456,531.0909090909091,2.8181818181818183,0.2727272727272727,0.0,1
62913,6,5.124537037037038,725.8333333333334,688.5,0.1666666666666666,2.1666666666666665,0.0,1
62914,7,1.3303854875283447,487.8571428571428,541.0,1.8571428571428568,2.571428571428572,0.0,1
62915,7,2.122993672993673,337.57142857142856,353.2857142857143,0.0,0.0,0.0,1
62946,7,4.852164502164503,353.2857142857143,400.0,0.8571428571428571,3.857142857142857,0.0,1
62962,6,2.3625661375661378,406.6666666666667,404.5,1.6666666666666667,10.5,0.1666666666666666,0
62976,6,3.1474747474747478,443.5,467.1666666666667,0.0,0.0,0.0,1
62996,5,2.498730158730159,345.8,367.2,0.4,3.0,0.0,1
63015,6,2.508785658785659,407.3333333333333,452.5,3.333333333333333,3.0,0.0,1
63032,6,3.894444444444445,546.3333333333334,521.8333333333334,1.0,2.833333333333333,0.0,1
63033,6,2.8373015873015874,331.8333333333333,378.6666666666667,1.3333333333333333,1.0,0.0,1
63054,8,4.554166666666667,557.75,587.625,2.0,7.5,0.0,1
63061,5,3.493506493506493,439.4,505.4,0.6,4.8,0.0,1
63064,6,3.648809523809524,341.0,390.5,0.8333333333333334,3.5,0.0,1
63109,5,1.0536263736263736,253.0,268.0,1.0,1.8,0.0,1
63126,6,2.664309764309764,427.1666666666667,474.5,3.0,2.6666666666666665,0.1666666666666666,0
63132,5,5.383333333333334,424.6,523.6,7.6,2.4,0.2,0
63152,5,6.17,679.6,648.4,1.8,3.6,0.0,1
63175,5,2.5270580296896084,409.0,440.6,0.2,2.2,0.0,1
63178,5,1.897150072150072,404.6,454.2,2.6,2.0,0.0,1
63179,7,1.7941250478844464,375.8571428571428,409.7142857142857,0.8571428571428571,5.571428571428571,0.0,1
63181,5,2.880588235294117,407.2,422.4,0.8,2.4,0.0,1
63185,5,2.489090909090909,365.2,465.6,0.6,1.6,0.0,1
63195,5,2.355877192982456,335.4,363.8,6.4,1.6,0.0,1
63198,10,1.9870995670995677,463.5,477.0,1.8,12.0,0.0,1
63202,11,2.683671883671884,386.7272727272728,393.54545454545456,3.272727272727273,5.0,0.0,1
63203,12,2.8678571428571424,432.3333333333333,444.75,0.9166666666666666,1.0,0.0,1
63207,6,3.1673280423280423,526.3333333333334,434.6666666666667,1.3333333333333333,3.0,0.0,1
63208,8,2.251686507936508,384.125,436.5,2.0,8.125,0.0,1
63224,8,3.9101096513780336,375.5,424.75,1.125,11.0,0.0,1
63235,7,2.8124145591250853,449.0,517.5714285714286,0.4285714285714285,1.1428571428571428,0.0,1
63251,6,7.013888888888888,545.3333333333334,543.5,0.0,0.0,0.0,1
63264,5,3.332142857142857,300.2,259.0,0.4,2.6,0.0,1
63281,9,3.750805675805676,393.1111111111111,419.0,0.3333333333333333,1.1111111111111112,0.0,1
63283,7,3.928798185941044,483.7142857142857,525.8571428571429,0.4285714285714285,0.2857142857142857,0.0,1
63337,6,2.4000814000814,351.5,408.8333333333333,0.6666666666666666,1.5,0.0,1
63339,5,2.7235714285714283,345.4,394.6,1.8,6.8,0.0,1
63341,5,1.9351282051282053,500.8,528.6,0.2,1.2,0.0,1
63357,5,5.707222222222223,469.0,444.0,2.2,3.2,0.0,1
63385,7,3.490136054421769,481.2857142857143,482.1428571428572,0.7142857142857143,1.4285714285714286,0.0,1
63387,8,3.3115079365079363,430.625,497.125,1.25,3.375,0.0,1
63388,28,1.9997568899354612,370.7857142857143,398.0357142857143,2.2142857142857144,3.7857142857142856,0.1071428571428571,0
63420,5,3.3200000000000003,446.0,453.6,0.8,10.4,0.0,1
63446,7,4.373656898656899,391.8571428571428,392.7142857142857,0.8571428571428571,3.4285714285714284,0.0,1
63479,5,4.1103896103896105,413.0,419.4,0.4,2.6,0.0,1
63493,7,9.210884353741497,601.4285714285714,569.5714285714286,0.5714285714285714,4.714285714285714,0.0,1
63511,6,2.8568160597572363,612.0,506.1666666666667,5.0,4.0,0.1666666666666666,0
63516,6,2.571428571428571,315.3333333333333,362.3333333333333,1.0,2.0,0.0,1
63521,5,3.5775396825396824,471.6,555.6,4.6,4.2,0.0,1
63523,7,2.152051123479695,402.1428571428572,420.8571428571428,1.1428571428571428,0.8571428571428571,0.0,1
63530,6,6.414417989417989,412.5,464.1666666666667,0.1666666666666666,0.8333333333333334,0.0,1
63531,6,7.016666666666667,350.3333333333333,360.5,0.3333333333333333,1.3333333333333333,0.0,1
63557,12,3.692526455026455,476.3333333333333,457.3333333333333,11.25,3.5,0.0,1
63599,5,1.5725972273340694,394.0,481.6,0.2,0.8,0.0,1
63600,7,4.621428571428572,365.0,383.1428571428572,0.0,0.0,0.1428571428571428,0
63601,7,2.1851886209029066,403.8571428571428,401.7142857142857,1.4285714285714286,3.142857142857143,0.1428571428571428,0
63643,6,3.2533119658119656,384.6666666666667,411.0,0.0,0.0,0.0,1
63644,6,2.661995411995412,453.1666666666667,478.6666666666667,0.0,0.0,0.0,1
63665,6,2.9409722222222228,292.1666666666667,268.8333333333333,0.5,1.6666666666666667,0.0,1
63670,7,2.503628117913832,433.7142857142857,469.4285714285714,0.0,0.0,0.1428571428571428,0
63693,5,2.321825396825397,452.2,508.0,0.0,0.0,0.0,1
63709,6,2.3449074074074074,453.8333333333333,501.8333333333333,1.8333333333333333,8.0,0.0,1
63711,5,2.4,385.4,406.2,1.2,4.8,0.0,1
63713,5,2.8523076923076927,374.8,447.4,0.4,1.6,0.0,1
63714,5,2.377417027417027,295.2,389.2,0.0,0.0,0.0,1
63731,8,3.5744391025641025,400.75,429.375,1.125,4.75,0.0,1
63732,11,3.981162272071363,347.09090909090907,356.8181818181818,3.1818181818181817,7.272727272727272,0.0909090909090909,0
63734,8,3.1063988095238093,364.375,387.5,1.625,2.25,0.0,1
63750,6,1.934429824561404,388.6666666666667,431.6666666666667,1.0,4.666666666666667,0.0,1
63763,5,2.017857142857143,418.4,466.8,0.8,1.6,0.0,1
63797,5,3.3842857142857143,441.0,495.8,0.0,0.0,0.0,1
63799,5,5.074025974025973,447.8,497.4,0.4,3.6,0.0,1
63826,6,3.0684704184704183,405.6666666666667,430.0,4.5,9.0,0.0,1
63845,11,2.78518426018426,435.7272727272728,556.9090909090909,1.9090909090909087,1.818181818181818,0.0,1
63846,5,1.9466666666666668,299.4,351.6,0.2,1.8,0.0,1
63902,11,1.864795008912656,450.09090909090907,494.27272727272725,1.0909090909090908,2.1818181818181817,0.0,1
63905,5,3.410779220779221,443.0,423.4,0.0,0.0,0.0,1
63913,6,2.184854497354497,354.5,367.6666666666667,0.0,0.0,0.1666666666666666,0
63926,6,3.401587301587302,591.6666666666666,642.8333333333334,0.3333333333333333,0.6666666666666666,0.0,1
63936,13,3.231257844719383,441.38461538461536,495.61538461538464,0.3076923076923077,1.2307692307692308,0.0,1
63947,7,1.7366831581117297,359.2857142857143,398.8571428571428,0.5714285714285714,4.714285714285714,0.0,1
63977,10,4.220707625707626,509.8,576.5,1.4,1.8,0.0,1
64029,6,2.7347462722462725,543.0,552.5,0.5,1.6666666666666667,0.0,1
64030,5,4.992063492063492,507.8,576.2,0.0,0.0,0.0,1
64036,5,4.66,522.2,533.4,0.0,0.0,0.0,1
64066,5,1.962237762237762,487.4,513.0,0.0,0.0,0.2,0
64067,7,1.3662337662337662,386.7142857142857,409.0,0.7142857142857143,1.4285714285714286,0.0,1
64088,5,3.039898989898989,415.6,489.2,0.0,0.0,0.4,0
64098,7,2.208730158730159,363.2857142857143,387.57142857142856,0.2857142857142857,4.571428571428571,0.0,1
64099,6,10.205898268398268,377.3333333333333,430.8333333333333,0.0,0.0,0.0,1
64100,8,3.0921245421245422,382.25,411.0,0.25,0.5,0.0,1
64134,9,3.3117724867724867,494.6666666666667,538.6666666666666,1.6666666666666667,1.4444444444444444,0.1111111111111111,0
64183,7,4.243846629560915,360.0,373.57142857142856,0.0,0.0,0.0,1
64184,7,3.691898577612864,382.57142857142856,417.2857142857143,0.1428571428571428,1.0,0.0,1
64185,7,4.033446712018141,452.2857142857143,489.7142857142857,0.7142857142857143,2.857142857142857,0.0,1
64221,10,2.7557967032967032,441.0,504.7,3.5,9.1,0.0,1
64258,5,2.1414285714285715,377.0,401.6,1.0,2.8,0.0,1
64296,12,2.053337865837866,339.3333333333333,386.5,0.4166666666666667,5.25,0.0833333333333333,0
64300,7,7.1571428571428575,402.57142857142856,417.0,2.0,18.571428571428573,0.0,1
64308,5,6.95,620.4,694.8,1.2,8.4,0.0,1
64309,5,2.533095238095238,333.4,368.8,0.0,0.0,0.0,1
64314,5,3.730555555555556,627.2,650.4,1.6,1.0,0.2,0
64316,11,4.8747580850522025,527.0909090909091,537.9090909090909,0.9090909090909092,5.363636363636363,0.0,1
64352,6,2.6020807895807896,483.8333333333333,516.0,0.8333333333333334,2.333333333333333,0.0,1
64355,6,2.274915824915825,328.6666666666667,330.1666666666667,0.1666666666666666,1.1666666666666667,0.0,1
64370,8,5.813492063492063,424.0,456.75,0.75,3.5,0.0,1
64372,6,3.99537037037037,493.0,529.3333333333334,1.0,2.0,0.0,1
64389,6,4.002380952380952,593.1666666666666,563.8333333333334,1.6666666666666667,6.5,0.0,1
64418,6,2.638558201058201,381.6666666666667,373.8333333333333,1.5,5.5,0.0,1
64436,12,2.380708643208643,445.5,497.75,1.3333333333333333,1.6666666666666667,0.0,1
64440,8,5.279601648351648,600.0,613.375,2.125,3.125,0.0,1
64442,5,6.206666666666666,494.4,496.6,2.2,2.4,0.0,1
64449,5,3.323809523809524,429.0,492.0,1.4,2.8,0.0,1
64452,5,11.763333333333332,572.4,615.6,0.2,1.2,0.0,1
64476,5,1.7166666666666663,401.6,383.2,0.6,1.2,0.0,1
64481,6,8.477380952380953,477.3333333333333,462.5,1.3333333333333333,1.5,0.0,1
64505,8,1.973552836052836,346.75,385.875,3.75,6.0,0.0,1
64520,5,5.519523809523809,599.4,566.4,3.6,3.6,0.0,1
64540,7,4.184126984126984,427.57142857142856,418.0,1.8571428571428568,0.5714285714285714,0.0,1
64546,6,2.817724867724868,484.5,498.6666666666667,0.8333333333333334,1.0,0.0,1
64555,5,6.566666666666667,510.0,519.2,2.0,3.6,0.0,1
64566,6,2.539351851851852,476.8333333333333,377.1666666666667,7.666666666666667,2.5,0.0,1
64573,5,0.8232234432234431,265.4,245.4,0.4,1.2,0.0,1
64574,6,1.6348748473748476,353.0,326.6666666666667,1.6666666666666667,6.0,0.0,1
64588,13,3.628855119239735,461.2307692307692,476.38461538461536,1.1538461538461535,0.7692307692307693,0.0,1
64612,7,3.103628117913832,446.8571428571428,471.7142857142857,2.0,1.7142857142857142,0.0,1
64613,6,2.277139527139527,386.8333333333333,421.3333333333333,1.0,3.5,0.0,1
64664,16,4.451984473859474,433.0625,457.6875,0.3125,1.125,0.0,1
64674,7,4.217006802721088,339.2857142857143,395.0,1.5714285714285714,5.0,0.0,1
64677,5,4.673701298701299,412.2,390.8,0.0,0.0,0.0,1
64701,10,1.613467227217227,319.0,346.3,0.3,1.6,0.0,1
64703,7,4.492945874001775,497.7142857142857,537.0,8.857142857142858,8.0,0.0,1
64733,5,3.2404761904761905,462.0,464.0,0.4,3.0,0.0,1
64753,5,2.5166666666666666,440.8,443.6,4.8,13.2,0.0,1
64780,6,1.4756944444444444,260.5,309.1666666666667,0.1666666666666666,0.8333333333333334,0.0,1
64801,7,4.186471861471861,549.8571428571429,611.4285714285714,7.142857142857143,2.2857142857142856,0.0,1
64802,6,3.0370370370370368,418.0,441.1666666666667,0.0,0.0,0.0,1
64811,5,4.704444444444444,701.8,587.4,0.2,1.8,0.0,1
64831,8,2.559970238095238,475.5,425.625,0.25,0.875,0.0,1
64835,10,2.9438492063492063,474.2,499.5,0.0,0.0,0.0,1
64836,5,3.822222222222222,417.6,409.6,1.4,1.2,0.0,1
64851,5,2.5052380952380955,395.4,450.2,0.8,1.8,0.0,1
64858,7,1.895277341705913,451.4285714285714,479.1428571428572,2.7142857142857144,2.857142857142857,0.0,1
64859,5,5.217777777777778,433.0,468.0,2.6,4.4,0.0,1
64867,7,2.204931972789116,407.0,456.0,3.4285714285714284,0.2857142857142857,0.0,1
64892,5,3.1694444444444443,395.6,467.4,1.0,6.4,0.0,1
64913,5,2.9432539682539685,385.4,484.0,0.0,0.0,0.0,1
64933,6,2.2792087542087542,319.1666666666667,349.8333333333333,0.0,0.0,0.0,1
64936,8,2.5741071428571427,397.125,473.25,0.625,3.0,0.0,1
64951,7,2.9076376004947435,380.8571428571428,375.57142857142856,0.7142857142857143,2.142857142857143,0.0,1
64964,6,2.07718253968254,364.5,351.0,20.666666666666668,2.5,0.0,1
64992,11,1.7343267843267844,392.54545454545456,386.1818181818182,0.9090909090909092,1.6363636363636365,0.1818181818181818,0
64993,8,3.2959280303030303,434.75,445.25,0.125,0.125,0.0,1
65010,6,6.9753968253968255,596.0,669.1666666666666,1.8333333333333333,3.333333333333333,0.0,1
65023,5,2.411111111111111,450.6,454.4,0.4,5.2,0.0,1
65066,5,3.1166666666666667,514.8,589.8,0.8,2.6,0.0,1
65082,5,4.775,430.4,494.4,0.4,0.8,0.0,1
65093,5,2.555555555555556,440.8,456.2,0.4,1.6,0.0,1
65113,6,2.823280423280423,408.1666666666667,429.3333333333333,1.5,4.0,0.0,1
65117,5,4.255714285714285,492.0,531.6,3.0,4.8,0.0,1
65177,5,4.927777777777778,629.6,641.8,1.0,2.4,0.0,1
65182,8,2.093001575630252,394.75,425.625,0.375,2.0,0.0,1
65212,15,2.8227228327228326,422.9333333333333,528.4666666666667,1.9333333333333331,7.2,0.0666666666666666,0
65245,7,1.0421956661452458,280.42857142857144,301.1428571428572,1.2857142857142858,6.0,0.1428571428571428,0
65246,5,2.783150183150183,443.2,459.6,1.0,1.6,0.0,1
65247,7,1.7365218814798646,431.7142857142857,416.1428571428572,0.5714285714285714,4.285714285714286,0.1428571428571428,0
65257,10,2.1612445887445886,327.1,405.3,1.8,5.4,0.0,1
65282,5,2.7995098039215685,441.8,449.4,1.0,1.2,0.0,1
65296,7,1.6921245421245423,389.4285714285714,394.7142857142857,0.7142857142857143,0.8571428571428571,0.0,1
65303,6,1.8248186998187,381.8333333333333,412.1666666666667,2.0,7.0,0.0,1
65304,8,3.820454545454545,528.375,568.375,0.0,0.0,0.0,1
65338,9,4.916490299823633,490.22222222222223,494.55555555555554,0.1111111111111111,0.4444444444444444,0.0,1
65353,5,2.423347763347764,377.0,390.2,0.0,0.0,0.0,1
65363,6,4.658754208754209,490.8333333333333,537.3333333333334,2.333333333333333,13.333333333333334,0.0,1
65389,6,4.474679487179487,591.1666666666666,621.0,0.0,0.0,0.0,1
65410,6,2.7841269841269844,326.0,330.1666666666667,1.3333333333333333,3.0,0.0,1
65470,6,2.4007936507936507,366.5,347.0,0.1666666666666666,0.3333333333333333,0.0,1
65471,5,2.545970695970696,446.4,482.6,0.4,1.0,0.0,1
65490,5,3.4784920634920637,493.8,525.6,2.0,1.6,0.0,1
65505,5,2.5945454545454547,414.2,499.4,0.2,1.6,0.2,0
65567,5,1.6368589743589743,305.4,371.8,0.0,0.0,0.0,1
65626,12,3.176864917489917,267.3333333333333,278.0833333333333,0.3333333333333333,4.666666666666667,0.0,1
65645,8,3.0296085858585857,474.125,528.875,1.0,3.0,0.0,1
65665,5,2.808809523809524,563.4,553.4,0.8,1.8,0.0,1
65667,5,2.691439393939394,495.4,533.6,7.6,6.6,0.0,1
65719,5,3.1222222222222222,457.0,501.2,0.0,0.0,0.0,1
65721,7,2.758317872603587,393.7142857142857,438.1428571428572,0.2857142857142857,0.7142857142857143,0.0,1
65723,10,3.3938023088023086,465.1,482.0,1.5,4.0,0.0,1
65763,5,2.3145604395604398,369.2,420.8,0.0,0.0,0.0,1
65769,7,3.807369614512472,436.0,472.1428571428572,1.2857142857142858,4.714285714285714,0.0,1
65787,5,2.280555555555556,435.6,422.0,1.8,4.8,0.4,0
65794,7,2.106122448979592,371.0,384.1428571428572,2.4285714285714284,4.285714285714286,0.0,1
65849,7,2.527777777777778,407.8571428571428,469.7142857142857,5.285714285714286,12.0,0.0,1
65884,34,2.457560576678224,435.7058823529412,484.88235294117646,0.2058823529411764,0.9411764705882352,0.0294117647058823,0
65901,14,4.175170068027211,431.3571428571428,454.7142857142857,0.0714285714285714,0.4285714285714285,0.0,1
65932,5,2.2079761904761908,336.2,341.2,1.8,1.2,0.2,0
65936,6,3.706150793650794,500.0,550.1666666666666,1.0,3.0,0.0,1
65951,7,3.4302721088435377,422.4285714285714,416.57142857142856,1.0,4.857142857142857,0.0,1
65971,5,3.026190476190476,365.8,355.4,0.0,0.0,0.2,0
65973,14,3.263847660276232,347.5,414.5,1.3571428571428572,7.285714285714286,0.0,1
66005,17,2.4013160522676094,384.2941176470589,395.11764705882354,2.117647058823529,2.4705882352941178,0.0,1
66025,9,3.1425688509021845,528.8888888888889,548.2222222222222,1.8888888888888888,3.111111111111111,0.0,1
66038,5,3.0242857142857145,475.8,412.6,6.6,10.4,0.0,1
66060,6,5.571969696969696,533.6666666666666,559.5,4.166666666666667,7.333333333333333,0.0,1
66074,17,3.9729117287940814,607.5294117647059,643.7647058823529,7.9411764705882355,9.882352941176473,0.0588235294117647,0
66078,7,3.024319727891157,371.8571428571428,374.2857142857143,0.0,0.0,0.0,1
66121,8,2.165638528138528,514.0,580.0,0.25,2.125,0.0,1
66179,8,3.2465277777777777,350.25,411.375,0.5,4.875,0.0,1
66218,9,1.6412818662818662,342.1111111111111,343.22222222222223,8.333333333333334,1.0,0.0,1
66219,14,5.39594671201814,546.6428571428571,607.9285714285714,1.0714285714285714,2.142857142857143,0.0,1
66232,5,3.333333333333333,412.6,355.0,0.4,1.0,0.0,1
66233,6,2.330026455026456,294.5,291.0,0.0,0.0,0.0,1
66257,6,1.7457264957264955,300.5,369.8333333333333,7.333333333333333,4.5,0.0,1
66260,6,4.46001221001221,462.1666666666667,444.8333333333333,0.8333333333333334,4.666666666666667,0.0,1
66282,6,4.366810966810967,458.3333333333333,473.6666666666667,0.6666666666666666,7.0,0.0,1
66283,5,3.1726190476190474,439.4,494.0,0.8,6.8,0.0,1
66334,6,2.45990675990676,325.0,349.6666666666667,0.0,0.0,0.0,1
66349,14,2.2911896217817267,405.5,438.2857142857143,0.5,1.1428571428571428,0.0,1
66350,12,3.626906658156658,336.25,393.25,0.3333333333333333,1.75,0.0,1
66481,5,1.5425396825396829,415.2,481.4,2.6,2.4,0.2,0
66495,5,1.41973581973582,280.4,312.0,3.2,5.0,0.0,1
66528,5,3.5716666666666668,462.6,554.6,2.2,1.2,0.0,1
66532,9,2.3822109988776656,327.8888888888889,364.55555555555554,0.6666666666666666,0.6666666666666666,0.0,1
66615,7,1.993773873185638,435.7142857142857,463.2857142857143,3.857142857142857,4.285714285714286,0.0,1
66621,8,6.2927884615384615,706.875,571.5,3.375,1.875,0.0,1
66647,12,2.5812733562733565,396.0,414.5833333333333,0.25,1.3333333333333333,0.0833333333333333,0
66656,6,2.555699855699856,448.5,506.8333333333333,1.5,4.5,0.0,1
66659,5,2.458571428571429,274.8,261.2,10.0,7.6,0.2,0
66722,5,2.4816666666666665,328.2,377.4,0.4,2.6,0.0,1
66732,7,2.809103991246848,456.7142857142857,483.7142857142857,0.0,0.0,0.0,1
66749,7,2.7463369963369964,483.7142857142857,544.7142857142857,0.5714285714285714,1.7142857142857142,0.0,1
66793,7,3.4627420198848773,383.7142857142857,434.4285714285714,1.0,4.285714285714286,0.0,1
66804,6,4.668055555555555,634.0,608.3333333333334,6.833333333333333,6.666666666666667,0.0,1
66814,7,2.9454766521993414,424.2857142857143,489.4285714285714,3.7142857142857135,10.285714285714286,0.0,1
66820,9,2.404320987654321,338.3333333333333,406.3333333333333,0.8888888888888888,2.2222222222222223,0.0,1
66823,6,1.6356902356902356,410.5,464.5,0.3333333333333333,0.5,0.0,1
66846,5,3.1424025974025973,545.2,572.4,0.8,4.2,0.0,1
66886,13,2.667371517371518,465.5384615384616,480.5384615384616,1.3846153846153846,3.4615384615384617,0.0,1
66897,5,1.3260911637382224,339.6,360.4,0.0,0.0,0.0,1
66921,5,1.7488095238095238,406.4,444.6,2.6,4.8,0.0,1
67019,5,2.751428571428572,449.2,457.0,1.6,1.2,0.0,1
67048,5,3.25,482.0,516.0,1.8,4.2,0.2,0
67061,7,2.816893424036281,481.7142857142857,564.5714285714286,0.4285714285714285,1.4285714285714286,0.0,1
67063,7,7.634126984126984,542.4285714285714,542.1428571428571,3.2857142857142856,19.285714285714285,0.0,1
67064,9,2.824657441324108,397.8888888888889,431.77777777777777,0.2222222222222222,0.6666666666666666,0.0,1
67084,5,2.070112893642305,322.4,372.2,0.8,3.2,0.0,1
67105,5,3.994949494949495,404.4,470.2,1.2,3.0,0.0,1
67132,23,1.621490948664862,425.3043478260869,482.69565217391306,4.478260869565218,1.9565217391304348,0.0,1
67220,5,4.358484848484848,456.2,527.6,0.6,2.0,0.2,0
67247,5,6.183076923076923,609.2,508.8,2.4,3.6,0.0,1
67249,8,1.7599626068376069,298.125,319.125,0.125,1.75,0.0,1
67290,7,4.56187641723356,348.1428571428572,386.2857142857143,0.2857142857142857,1.1428571428571428,0.0,1
67300,7,3.4541125541125544,380.0,465.0,1.0,4.0,0.0,1
67309,8,3.2582431457431458,481.375,533.75,3.625,2.0,0.0,1
67323,5,2.7939495798319327,470.4,472.6,0.0,0.0,0.0,1
67324,5,4.011111111111111,434.0,439.6,0.4,0.6,0.0,1
67327,6,5.773148148148148,545.1666666666666,597.6666666666666,0.1666666666666666,1.1666666666666667,0.0,1
67328,5,2.6066666666666665,318.2,321.0,0.2,1.0,0.0,1
67329,6,5.722222222222222,380.0,391.8333333333333,0.1666666666666666,2.0,0.0,1
67351,5,1.4732323232323232,388.8,454.0,2.2,4.8,0.0,1
67353,7,2.6753780533192297,457.57142857142856,426.8571428571428,0.2857142857142857,0.7142857142857143,0.0,1
67363,6,2.461640211640212,380.5,392.6666666666667,0.0,0.0,0.0,1
67379,6,8.512626262626263,462.5,472.8333333333333,3.333333333333333,3.5,0.0,1
67383,6,4.523412698412698,454.8333333333333,484.1666666666667,0.3333333333333333,0.5,0.0,1
67384,12,5.475737688237689,419.9166666666667,461.0,1.5,1.6666666666666667,0.0,1
67428,10,2.984500891265597,449.1,523.0,0.0,0.0,0.0,1
67429,9,1.649867724867725,232.22222222222223,303.55555555555554,0.0,0.0,0.0,1
67431,10,1.918215030583452,365.1,416.1,0.0,0.0,0.0,1
67456,5,1.0112193362193362,346.4,369.6,0.6,2.4,0.0,1
67461,5,1.3369669546140135,342.6,351.0,0.4,2.4,0.0,1
67462,6,5.203174603174603,392.6666666666667,382.6666666666667,2.0,5.833333333333333,0.0,1
67463,9,2.251984126984127,303.77777777777777,356.77777777777777,0.1111111111111111,0.6666666666666666,0.0,1
67474,5,3.733333333333333,487.8,589.6,0.2,1.0,0.0,1
67482,5,2.853333333333333,468.4,517.6,3.6,2.4,0.0,1
67492,5,5.572222222222222,440.2,512.8,2.8,9.6,0.0,1
67494,5,4.873333333333333,428.2,433.6,0.6,3.2,0.0,1
67549,6,3.4280423280423284,385.0,459.3333333333333,3.0,11.666666666666666,0.0,1
67550,8,3.554788961038961,377.125,436.125,0.5,7.875,0.0,1
67574,11,2.1628421934571667,297.27272727272725,324.0,0.7272727272727273,1.0909090909090908,0.1818181818181818,0
67600,7,2.013888888888889,363.7142857142857,345.1428571428572,1.2857142857142858,5.714285714285714,0.0,1
67603,7,4.374458874458875,516.0,544.1428571428571,0.4285714285714285,0.4285714285714285,0.0,1
67610,7,2.6171495171495174,447.1428571428572,476.4285714285714,0.1428571428571428,3.2857142857142856,0.0,1
67639,5,3.248730158730159,465.4,452.0,0.0,0.0,0.0,1
67640,5,2.9261904761904765,352.6,372.4,0.0,0.0,0.0,1
67679,25,4.050969474969475,361.36,387.08,0.48,1.96,0.0,1
67701,5,2.228333333333333,374.4,381.8,0.0,0.0,0.0,1
67704,6,2.489850427350427,467.5,509.5,4.5,4.5,0.0,1
67705,9,1.7886243386243388,529.4444444444445,473.8888888888889,4.888888888888889,8.222222222222221,0.0,1
67706,5,5.267857142857143,509.4,508.6,0.4,10.0,0.0,1
67707,9,2.46984126984127,466.3333333333333,488.22222222222223,0.3333333333333333,3.6666666666666665,0.0,1
67708,9,5.460798460798461,380.22222222222223,446.1111111111111,1.0,2.6666666666666665,0.1111111111111111,0
67737,9,2.051256613756613,355.77777777777777,395.0,0.1111111111111111,0.6666666666666666,0.0,1
67779,5,5.666666666666666,371.8,385.4,0.0,0.0,0.0,1
67799,5,2.6794444444444445,472.0,469.2,2.0,12.8,0.0,1
67808,8,2.723992000646412,523.625,578.625,0.0,0.0,0.0,1
67825,6,2.5416666666666665,321.5,389.5,0.0,0.0,0.0,1
67840,6,2.7971357346357344,401.1666666666667,480.8333333333333,0.6666666666666666,3.5,0.0,1
67845,7,3.953501400560224,430.8571428571428,486.4285714285714,2.4285714285714284,6.428571428571429,0.0,1
67951,16,5.05145202020202,571.375,574.6875,2.4375,2.5,0.0,1
67959,10,5.585,522.5,514.8,0.2,3.8,0.0,1
67960,7,3.092700156985871,360.4285714285714,346.2857142857143,0.2857142857142857,0.7142857142857143,0.0,1
67962,7,2.130952380952381,436.0,420.57142857142856,0.2857142857142857,1.2857142857142858,0.0,1
67971,10,3.117857142857143,384.7,388.1,0.8,3.6,0.0,1
67998,5,3.29040404040404,460.2,419.6,1.8,2.4,0.0,1
68008,5,2.347777777777778,495.4,469.8,6.4,16.0,0.0,1
68013,9,3.548979107312441,595.2222222222222,675.3333333333334,1.8888888888888888,14.77777777777778,0.0,1
68014,9,1.3488841405508072,318.1111111111111,381.8888888888889,3.111111111111111,10.11111111111111,0.2222222222222222,0
68028,5,1.9513597513597516,313.8,359.0,0.4,2.4,0.0,1
68031,24,6.498203403350463,623.9583333333334,654.0,1.2916666666666667,2.458333333333333,0.0,1
68042,7,2.2025767882910743,352.57142857142856,463.1428571428572,5.285714285714286,9.142857142857142,0.2857142857142857,0
68056,5,3.9333333333333336,531.2,586.0,0.0,0.0,0.0,1
68069,5,6.3533333333333335,493.0,495.6,2.6,0.6,0.0,1
68094,6,2.877124183006536,343.3333333333333,373.0,1.8333333333333333,3.5,0.0,1
68157,7,1.849514351195024,316.85714285714283,372.7142857142857,0.5714285714285714,1.2857142857142858,0.0,1
68159,11,4.10458707958708,422.3636363636364,481.09090909090907,0.9090909090909092,1.818181818181818,0.0,1
68190,7,1.4686353329210473,329.7142857142857,376.4285714285714,0.0,0.0,0.0,1
68191,8,1.6663388694638694,314.75,306.5,0.0,0.0,0.0,1
68213,6,2.7898809523809525,407.6666666666667,396.6666666666667,2.333333333333333,2.0,0.0,1
68223,8,1.8876984126984129,337.375,351.5,0.75,1.75,0.0,1
68266,6,4.693578643578643,573.5,572.5,0.0,0.0,0.0,1
68302,6,3.1314814814814813,473.5,563.8333333333334,0.6666666666666666,2.6666666666666665,0.0,1
68385,5,1.9906349206349203,291.8,339.6,0.0,0.0,0.0,1
68430,6,1.72406629318394,296.8333333333333,340.1666666666667,0.0,0.0,0.0,1
68437,14,2.005284043441938,404.9285714285714,475.2857142857143,1.0714285714285714,6.857142857142857,0.0,1
68438,10,3.6121878121878126,454.0,471.4,1.6,5.6,0.0,1
68442,7,1.825510204081633,435.7142857142857,467.0,0.0,0.0,0.0,1
68445,7,4.221598639455783,367.57142857142856,403.4285714285714,0.1428571428571428,2.857142857142857,0.0,1
68451,6,2.516880341880342,316.3333333333333,366.8333333333333,1.6666666666666667,5.666666666666667,0.0,1
68494,7,5.5482374768089056,483.8571428571428,532.2857142857143,1.1428571428571428,3.142857142857143,0.0,1
68536,15,2.8640352240352245,395.8666666666667,426.06666666666666,1.6666666666666667,3.6666666666666665,0.0666666666666666,0
68545,7,2.305735930735931,452.2857142857143,486.0,0.1428571428571428,2.0,0.0,1
68570,5,2.48956043956044,376.6,402.2,0.4,2.2,0.0,1
68579,6,2.447234247234247,378.5,455.1666666666667,0.0,0.0,0.0,1
68582,6,3.862148962148962,503.3333333333333,496.0,1.0,3.0,0.0,1
68590,8,4.817757936507936,587.5,579.875,3.875,4.0,0.0,1
68599,7,4.68470695970696,360.7142857142857,460.57142857142856,2.2857142857142856,6.857142857142857,0.0,1
68648,5,3.214285714285714,432.0,504.8,0.2,2.0,0.0,1
68688,5,2.663809523809524,355.2,391.4,0.2,1.8,0.0,1
68690,5,1.429935897435897,343.6,335.2,0.2,1.8,0.0,1
68698,11,1.5982142857142856,564.0,626.2727272727273,1.5454545454545454,3.1818181818181817,0.0909090909090909,0
68709,5,6.130303030303031,438.8,511.4,4.2,1.2,0.0,1
68712,5,2.2775641025641025,422.0,487.8,2.6,6.0,0.0,1
68779,14,9.947619047619048,635.2857142857143,667.7857142857143,0.6428571428571429,4.071428571428571,0.0,1
68808,10,1.913123192596877,330.6,350.9,1.8,6.0,0.0,1
68835,9,2.1618165784832453,341.55555555555554,381.1111111111111,0.8888888888888888,4.0,0.1111111111111111,0
68890,6,3.334294871794872,579.0,546.5,3.1666666666666665,6.833333333333333,0.5,0
68922,7,2.2935064935064937,419.1428571428572,478.4285714285714,0.5714285714285714,1.4285714285714286,0.0,1
68966,7,3.0923752834467124,407.7142857142857,417.2857142857143,0.0,0.0,0.0,1
69004,6,4.24537037037037,532.3333333333334,653.5,4.166666666666667,5.5,0.0,1
69007,10,4.129516594516595,506.5,580.2,1.9,2.4,0.1,0
69020,5,1.5177489177489176,302.4,323.4,0.0,0.0,0.0,1
69028,5,10.58,574.8,598.4,0.4,1.6,0.0,1
69047,5,3.4668831168831167,387.2,425.4,0.2,2.0,0.0,1
69048,5,7.041269841269842,548.2,584.4,1.4,2.4,0.0,1
69054,5,2.673772893772894,470.8,471.4,0.6,0.8,0.0,1
69101,10,3.976111111111112,417.7,493.9,0.2,1.2,0.0,1
69102,10,7.741666666666667,450.5,510.1,0.4,6.6,0.0,1
69124,12,3.895517676767677,393.75,413.3333333333333,0.0,0.0,0.0,1
69125,8,3.4499458874458875,416.125,395.875,0.125,1.0,0.0,1
69130,7,1.2064213564213566,240.42857142857144,236.42857142857144,1.2857142857142858,3.7142857142857135,0.0,1
69131,5,2.0339766081871344,294.8,303.4,1.4,3.6,0.0,1
69132,12,4.114989177489178,539.75,470.5833333333333,0.0,0.0,0.0833333333333333,0
69133,14,2.7254774986917845,337.35714285714283,380.0,0.5714285714285714,1.1428571428571428,0.0,1
69159,5,1.5366666666666666,329.0,395.6,1.0,2.8,0.0,1
69215,5,4.871428571428572,468.2,472.4,0.0,0.0,0.0,1
69235,6,2.513804713804714,370.1666666666667,389.6666666666667,3.6666666666666665,9.166666666666666,0.0,1
69241,5,2.7618470418470418,390.8,381.8,0.4,4.4,0.0,1
69252,7,2.727283640729019,446.1428571428572,439.1428571428572,0.4285714285714285,2.571428571428572,0.0,1
69255,5,3.4442424242424243,463.8,402.0,1.8,9.0,0.0,1
69288,9,2.1477994227994226,326.8888888888889,324.0,0.2222222222222222,1.5555555555555556,0.1111111111111111,0
69295,5,4.301363636363637,327.4,400.2,1.0,5.4,0.0,1
69297,6,3.6615740740740734,555.1666666666666,564.5,2.333333333333333,5.0,0.0,1
69357,9,2.5467772967772966,382.6666666666667,429.77777777777777,2.111111111111111,0.8888888888888888,0.0,1
69360,16,4.324648268398269,439.5,513.125,0.25,0.5625,0.0,1
69361,18,2.4765676918540698,547.2777777777778,563.7222222222222,0.5,3.333333333333333,0.0,1
69393,6,3.0243783993783997,492.8333333333333,488.1666666666667,0.0,0.0,0.0,1
69409,6,3.779100529100529,416.8333333333333,435.3333333333333,1.3333333333333333,6.666666666666667,0.0,1
69410,5,3.903333333333333,462.2,458.8,2.6,4.8,0.0,1
69425,5,2.50469696969697,486.8,507.0,11.6,18.4,0.0,1
69458,10,2.4424714174714177,424.1,490.3,1.4,2.1,0.0,1
69465,5,2.980277777777778,384.6,412.8,1.4,6.0,0.0,1
69474,7,5.309163059163059,616.2857142857143,687.7142857142857,0.8571428571428571,10.714285714285714,0.0,1
69483,8,4.146875,511.375,554.375,0.125,0.375,0.0,1
69495,5,4.066666666666667,336.0,380.2,0.2,1.0,0.0,1
69563,5,1.6394871794871797,387.2,390.2,0.0,0.0,0.0,1
69569,5,2.944949494949495,324.2,399.4,1.8,1.8,0.0,1
69592,7,2.9930664573521715,389.1428571428572,393.0,0.0,0.0,0.0,1
69605,5,2.1666666666666665,401.8,441.6,0.0,0.0,0.2,0
69628,5,4.296666666666667,616.4,559.4,0.2,0.6,0.0,1
69629,5,10.414545454545454,502.4,456.0,0.6,1.6,0.0,1
69637,14,2.0031455699688783,450.7142857142857,466.3571428571428,1.5714285714285714,5.357142857142857,0.0,1
69665,5,2.321933621933622,584.4,614.8,12.0,2.8,0.0,1
69667,5,2.827857142857143,466.0,524.2,0.0,0.0,0.0,1
69726,5,3.038484848484848,451.2,473.8,2.0,6.8,0.0,1
69731,6,5.260042735042735,342.6666666666667,343.6666666666667,0.3333333333333333,2.333333333333333,0.0,1
69732,6,3.040277777777778,362.8333333333333,389.8333333333333,2.0,3.5,0.0,1
69737,5,1.7534093357622769,343.2,379.2,0.2,1.0,0.0,1
69770,6,8.212962962962964,530.1666666666666,526.0,1.3333333333333333,2.5,0.0,1
69806,5,1.7013888888888888,352.0,438.4,1.0,1.0,0.0,1
69811,19,5.638354335722757,449.3157894736842,483.7894736842105,3.0,13.421052631578949,0.0526315789473684,0
69812,15,3.273981203981204,424.06666666666666,442.4666666666666,0.2,2.0,0.0,1
69861,6,1.9189814814814816,332.3333333333333,360.1666666666667,4.666666666666667,6.0,0.1666666666666666,0
69868,5,3.177777777777778,518.8,555.2,1.2,1.6,0.0,1
69871,9,1.8406196467599976,474.6666666666667,477.55555555555554,4.555555555555555,6.777777777777778,0.0,1
69911,8,2.116517857142857,421.0,405.25,0.25,1.25,0.0,1
69930,6,4.270502645502646,553.6666666666666,504.1666666666667,0.0,0.0,0.1666666666666666,0
69944,6,1.3875,276.5,316.6666666666667,0.5,3.0,0.0,1
69953,5,3.861111111111112,376.8,461.0,0.2,2.2,0.0,1
69968,9,3.5015066632713694,326.0,387.22222222222223,3.6666666666666665,4.666666666666667,0.0,1
69969,10,3.2172222222222224,559.5,580.8,0.3,0.6,0.0,1
69970,9,2.441005291005291,385.55555555555554,418.44444444444446,1.0,5.0,0.0,1
69973,5,3.82051282051282,432.4,537.4,2.6,6.6,0.0,1
69974,5,2.127222222222222,327.6,330.2,1.2,11.4,0.0,1
69997,6,2.4433862433862434,410.0,477.3333333333333,0.1666666666666666,1.8333333333333333,0.1666666666666666,0
70018,14,2.2259086968120583,391.3571428571428,429.6428571428572,0.0714285714285714,0.3571428571428571,0.0,1
70114,9,2.4241101491101493,349.44444444444446,413.8888888888889,0.3333333333333333,1.7777777777777777,0.0,1
70132,5,4.457142857142857,396.4,370.2,0.6,1.4,0.0,1
70144,5,2.054978354978355,385.6,450.0,0.6,4.4,0.0,1
70148,22,3.440291400518673,391.95454545454544,405.6818181818182,0.8636363636363636,1.0909090909090908,0.0,1
70153,8,3.695684523809524,642.875,564.625,1.25,1.0,0.0,1
70154,5,3.253571428571429,384.2,380.8,1.8,3.2,0.0,1
70207,5,3.997619047619048,602.2,601.8,4.6,1.6,0.0,1
70222,16,3.857150314962815,414.0625,426.875,0.1875,1.125,0.0,1
70232,5,5.332142857142857,466.2,405.6,0.4,2.0,0.0,1
70234,7,1.6285714285714286,273.42857142857144,290.57142857142856,0.7142857142857143,2.571428571428572,0.0,1
70250,5,4.931168831168831,434.8,464.6,0.0,0.0,0.0,1
70251,5,3.986111111111112,409.2,417.2,3.6,2.0,0.0,1
70312,10,4.285952380952381,509.0,505.7,0.2,1.1,0.0,1
70329,12,3.246801809301809,606.1666666666666,661.5,4.083333333333333,4.0,0.0,1
70372,5,4.793888888888889,554.8,521.2,0.6,2.2,0.0,1
70383,5,2.671666666666667,343.0,381.2,2.8,2.0,0.0,1
70385,5,2.4411111111111112,449.8,467.2,0.0,0.0,0.0,1
70386,6,4.718253968253968,479.1666666666667,502.8333333333333,0.1666666666666666,0.6666666666666666,0.0,1
70387,8,2.523710317460317,328.25,335.125,0.875,1.5,0.0,1
70436,5,2.2542857142857144,465.4,472.4,0.6,1.4,0.0,1
70485,5,2.3562576312576318,396.8,406.0,3.6,6.0,0.0,1
70533,8,1.6001713564213564,453.75,478.875,1.875,1.0,0.0,1
70535,5,3.3847619047619046,533.2,466.6,2.8,3.6,0.0,1
70577,5,2.762828282828283,385.2,444.6,0.0,0.0,0.0,1
70579,5,2.9333333333333336,306.8,332.6,0.2,4.8,0.0,1
70580,6,4.133035714285714,436.5,493.1666666666667,0.5,1.0,0.1666666666666666,0
70581,5,2.5395887445887446,505.0,538.0,2.2,9.4,0.0,1
70592,5,1.8487373737373736,392.6,371.8,0.0,0.0,0.2,0
70618,11,6.167596129360835,389.6363636363636,462.1818181818182,2.727272727272727,12.181818181818182,0.0909090909090909,0
70619,5,4.049206349206349,400.4,491.8,3.6,3.0,0.0,1
70670,15,5.708095238095238,377.8,392.53333333333336,3.933333333333333,6.4,0.0666666666666666,0
70706,5,1.994444444444444,334.6,379.6,1.6,2.8,0.0,1
70739,5,2.4887878787878788,511.6,546.0,3.8,4.2,0.2,0
70745,5,1.84737556561086,356.0,363.0,3.4,9.0,0.0,1
70788,5,3.5916666666666663,376.0,428.8,0.2,1.0,0.0,1
70824,5,2.1222222222222222,327.0,379.0,0.6,3.2,0.0,1
70844,5,3.863333333333333,546.0,547.8,3.4,4.2,0.0,1
70866,5,3.725,445.8,490.8,1.4,4.2,0.0,1
70873,8,2.4595886752136757,392.75,438.125,1.375,3.0,0.0,1
71001,5,3.7083333333333335,328.2,320.8,0.0,0.0,0.0,1
71057,5,3.727142857142857,503.8,549.4,0.2,1.4,0.0,1
71077,15,2.7357785804380232,464.6,485.73333333333335,0.5333333333333333,0.6666666666666666,0.1333333333333333,0
71145,5,5.126666666666667,444.6,465.8,0.0,0.0,0.0,1
71166,5,2.159177489177489,371.0,382.2,0.2,1.8,0.0,1
71175,6,2.6489898989898992,513.3333333333334,519.5,2.833333333333333,2.0,0.0,1
71179,5,3.438333333333333,337.6,370.2,0.6,2.0,0.0,1
71180,6,3.735648148148148,351.5,389.3333333333333,0.3333333333333333,2.5,0.0,1
71190,7,1.5779930853460264,320.2857142857143,333.42857142857144,1.8571428571428568,5.714285714285714,0.0,1
71192,9,7.010161135161135,527.8888888888889,587.3333333333334,0.1111111111111111,0.8888888888888888,0.0,1
71236,6,5.04047619047619,546.8333333333334,601.1666666666666,0.1666666666666666,1.8333333333333333,0.0,1
71246,8,3.607291666666667,427.125,494.75,1.25,8.25,0.0,1
71354,5,3.853846153846154,416.2,479.0,1.4,11.4,0.0,1
71412,6,2.2435029567382507,405.8333333333333,453.0,0.0,0.0,0.0,1
71414,7,2.623510616367759,465.2857142857143,531.5714285714286,2.4285714285714284,0.5714285714285714,0.0,1
71458,8,3.532039141414141,475.25,498.625,0.625,2.5,0.0,1
71467,8,5.5015625,523.125,583.5,5.0,1.5,0.0,1
71481,5,1.9453501400560225,373.2,403.6,1.0,1.6,0.0,1
71486,7,2.965021008403361,445.2857142857143,508.8571428571428,2.2857142857142856,2.571428571428572,0.0,1
71488,6,2.0275132275132277,417.0,493.3333333333333,0.0,0.0,0.1666666666666666,0
71509,5,4.816666666666667,327.2,381.8,6.0,6.6,0.0,1
71519,13,6.043473193473194,516.2307692307693,557.9230769230769,1.7692307692307692,5.923076923076923,0.0,1
71520,14,3.83538703360132,624.3571428571429,570.6428571428571,3.7857142857142856,1.2857142857142858,0.0,1
71521,5,1.7654188948306593,340.0,368.4,3.0,3.0,0.0,1
71545,13,3.351710682479913,427.5384615384616,449.61538461538464,0.6153846153846154,1.8461538461538465,0.0,1
71568,6,2.2523809523809524,413.8333333333333,418.0,3.6666666666666665,2.5,0.0,1
71574,6,3.411752136752137,391.5,444.6666666666667,0.5,2.5,0.0,1
71579,6,5.3270202020202015,589.3333333333334,596.3333333333334,0.5,2.0,0.0,1
71585,6,3.2785353535353536,462.0,521.3333333333334,0.0,0.0,0.0,1
71712,6,2.330381192881193,271.5,338.8333333333333,2.6666666666666665,4.5,0.0,1
71722,7,2.8200113378684804,396.4285714285714,449.2857142857143,3.2857142857142856,7.428571428571429,0.0,1
71753,5,2.643174603174603,342.2,378.6,1.6,1.2,0.0,1
71754,6,2.3009920634920635,374.6666666666667,404.1666666666667,3.5,10.333333333333334,0.0,1
71778,6,2.15,381.0,409.0,1.5,11.333333333333334,0.0,1
71793,6,2.398015873015873,323.8333333333333,356.8333333333333,0.1666666666666666,2.1666666666666665,0.0,1
71853,7,4.436202686202686,564.5714285714286,594.5714285714286,0.4285714285714285,1.5714285714285714,0.2857142857142857,0
71863,6,2.478123728123728,384.1666666666667,467.1666666666667,0.6666666666666666,2.0,0.0,1
71873,7,2.133673469387755,290.57142857142856,287.57142857142856,1.4285714285714286,2.142857142857143,0.1428571428571428,0
71891,5,2.468809523809524,370.6,453.2,1.0,4.2,0.0,1
71892,5,2.9146825396825395,416.8,497.6,1.8,5.4,0.0,1
71940,9,2.8213488762508367,404.1111111111111,469.0,0.1111111111111111,0.2222222222222222,0.0,1
71963,6,3.2757936507936507,423.0,462.5,2.833333333333333,2.5,0.0,1
71989,5,5.601111111111111,527.0,530.6,0.0,0.0,0.0,1
72134,7,3.757142857142857,501.2857142857143,570.5714285714286,0.8571428571428571,4.285714285714286,0.0,1
72137,8,3.96595695970696,402.75,436.875,0.25,0.75,0.0,1
72149,8,1.905122522493846,403.0,420.625,9.375,10.25,0.0,1
72161,6,3.4441137566137563,413.8333333333333,388.5,1.6666666666666667,2.0,0.1666666666666666,0
72187,6,3.765740740740741,373.6666666666667,409.5,1.8333333333333333,0.5,0.0,1
72216,7,5.066439909297053,624.4285714285714,608.5714285714286,1.4285714285714286,0.2857142857142857,0.0,1
72217,6,2.3386243386243386,316.6666666666667,367.5,0.8333333333333334,2.0,0.0,1
72233,6,3.3497863247863253,503.0,488.6666666666667,0.0,0.0,0.0,1
72255,7,3.278571428571429,320.85714285714283,321.7142857142857,0.2857142857142857,7.428571428571429,0.0,1
72286,5,5.192791783380018,400.4,412.6,1.0,2.8,0.0,1
72296,10,3.1318903318903315,362.1,407.4,0.3,1.3,0.0,1
72324,7,2.67998866213152,372.8571428571428,444.1428571428572,1.4285714285714286,2.571428571428572,0.0,1
72326,7,3.339089481946625,568.5714285714286,539.5714285714286,0.5714285714285714,1.8571428571428568,0.1428571428571428,0
72328,5,1.1955353126405757,340.6,362.8,0.2,0.6,0.2,0
72332,9,2.2535874619207954,340.6666666666667,355.6666666666667,1.3333333333333333,1.6666666666666667,0.0,1
72348,11,3.6065656565656568,350.09090909090907,394.1818181818182,1.3636363636363635,1.3636363636363635,0.0,1
72350,11,2.649993440902532,414.27272727272725,469.1818181818182,0.4545454545454545,1.4545454545454546,0.0,1
72357,11,1.9841073068345796,356.09090909090907,416.0,1.6363636363636365,3.0,0.0,1
72365,5,2.065,403.2,446.0,0.6,1.6,0.0,1
72407,6,3.766269841269841,318.6666666666667,377.5,0.5,4.333333333333333,0.0,1
72422,5,1.5706646294881588,341.8,378.2,0.8,0.8,0.0,1
72432,5,3.8116666666666665,477.0,492.2,0.0,0.0,0.0,1
72470,5,4.110714285714286,517.4,556.0,0.0,0.0,0.0,1
72471,5,2.5614285714285714,481.8,548.2,2.6,13.6,0.0,1
72487,6,2.98154761904762,362.5,390.1666666666667,0.8333333333333334,1.1666666666666667,0.0,1
72546,5,1.6546253746253747,354.0,390.2,0.2,2.8,0.2,0
72563,7,3.0141568748711607,375.4285714285714,407.7142857142857,0.1428571428571428,2.142857142857143,0.0,1
72618,8,1.9431547619047616,414.625,419.0,0.125,0.625,0.0,1
72638,8,2.96155303030303,456.875,487.625,1.0,1.5,0.125,0
72643,5,5.466666666666667,385.0,414.2,0.2,0.8,0.0,1
72649,5,3.1725824175824178,559.4,577.0,1.2,0.6,0.0,1
72669,6,1.2225961538461538,381.0,426.8333333333333,2.333333333333333,4.0,0.0,1
72673,5,2.8857142857142857,323.6,358.2,0.4,2.2,0.0,1
72727,6,3.11957671957672,459.5,445.3333333333333,1.5,6.666666666666667,0.0,1
72767,15,1.7252813852813853,314.46666666666664,316.8,0.9333333333333332,2.0,0.0,1
72774,8,3.042261904761905,432.25,478.125,1.0,2.25,0.0,1
72786,6,3.0071428571428576,389.6666666666667,486.6666666666667,2.6666666666666665,11.333333333333334,0.0,1
72787,17,1.926896469543528,286.47058823529414,302.94117647058823,0.2941176470588235,1.2352941176470589,0.0588235294117647,0
72814,12,2.965740740740741,451.6666666666667,473.9166666666667,0.0,0.0,0.0,1
72815,13,3.467222835643888,349.0,373.9230769230769,0.2307692307692307,0.9230769230769232,0.0,1
72839,6,2.029665242165242,296.1666666666667,327.3333333333333,0.6666666666666666,0.6666666666666666,0.0,1
72840,6,1.9619245678069208,349.0,414.0,1.1666666666666667,1.5,0.0,1
72841,10,3.2105194805194808,487.9,544.4,0.1,0.5,0.0,1
72855,5,1.9737373737373736,500.2,495.4,4.2,8.4,0.0,1
72873,5,8.781428571428572,533.2,519.0,5.0,3.0,0.0,1
72903,6,2.722895622895623,479.6666666666667,575.1666666666666,1.1666666666666667,2.0,0.0,1
72904,5,3.037900432900433,464.4,537.2,0.6,1.2,0.0,1
72928,5,7.356904761904762,406.0,452.8,0.2,3.4,0.0,1
72939,6,1.961219336219336,465.8333333333333,489.0,4.333333333333333,1.1666666666666667,0.0,1
72943,8,1.9228219696969695,354.125,427.375,1.0,1.875,0.0,1
72983,9,3.9789173789173793,282.6666666666667,351.77777777777777,0.4444444444444444,2.6666666666666665,0.1111111111111111,0
72984,6,2.477272727272727,372.8333333333333,435.5,1.0,9.333333333333334,0.0,1
73029,5,2.6166666666666667,506.4,519.0,3.4,2.8,0.0,1
73064,5,2.3267288267288264,344.6,393.8,0.6,5.4,0.0,1
73067,6,1.4297979797979796,255.16666666666663,288.6666666666667,0.0,0.0,0.1666666666666666,0
73068,6,2.8430555555555554,610.3333333333334,593.8333333333334,0.6666666666666666,2.6666666666666665,0.0,1
73084,7,3.784539270253556,422.8571428571428,465.7142857142857,0.0,0.0,0.0,1
73096,10,2.196796536796537,367.3,409.7,2.3,3.2,0.0,1
73156,6,4.442612942612943,495.0,575.3333333333334,4.0,5.333333333333333,0.0,1
73172,7,1.594331065759637,388.8571428571428,443.0,4.285714285714286,6.857142857142857,0.0,1
73203,6,1.9445194239311887,316.0,309.8333333333333,0.5,7.333333333333333,0.0,1
73234,6,5.366666666666667,541.1666666666666,503.1666666666667,0.3333333333333333,1.3333333333333333,0.0,1
73261,5,1.7755050505050505,331.0,395.2,0.2,2.0,0.0,1
73262,5,3.2544444444444443,388.8,351.4,5.0,4.6,0.0,1
73269,5,1.1162878787878787,442.4,462.6,0.6,3.2,0.0,1
73276,5,5.2275757575757575,522.0,647.2,0.6,1.0,0.2,0
73278,6,3.20959595959596,414.6666666666667,408.1666666666667,1.1666666666666667,2.333333333333333,0.1666666666666666,0
73292,5,5.333333333333334,480.4,497.2,0.0,0.0,0.0,1
73293,5,4.586666666666667,516.0,509.8,0.0,0.0,0.2,0
73295,5,4.428888888888889,580.0,516.8,0.0,0.0,0.0,1
73386,6,4.416245791245792,516.0,534.8333333333334,0.5,1.1666666666666667,0.0,1
73395,5,2.0935897435897437,402.4,467.8,0.6,1.8,0.0,1
73438,6,3.5527777777777776,306.0,401.6666666666667,0.0,0.0,0.0,1
73440,6,3.854419191919192,421.0,491.3333333333333,0.0,0.0,0.0,1
73445,5,5.755238095238095,353.2,366.0,0.0,0.0,0.0,1
73520,7,3.363095238095238,496.0,475.4285714285714,2.0,1.8571428571428568,0.0,1
73524,5,2.8025396825396824,490.2,579.6,0.2,0.4,0.0,1
73545,5,1.9860606060606056,340.4,393.4,0.8,6.0,0.0,1
73569,8,2.8350694444444446,460.125,503.0,0.5,2.0,0.0,1
73595,5,3.752698412698413,400.6,428.8,0.6,3.6,0.0,1
73604,5,1.3771428571428572,314.2,356.6,0.6,1.2,0.0,1
73615,6,3.064646464646465,573.6666666666666,599.1666666666666,0.0,0.0,0.0,1
73627,18,2.962234987234988,395.77777777777777,416.72222222222223,0.4444444444444444,3.055555555555556,0.0,1
73732,6,5.616402116402116,614.1666666666666,625.6666666666666,1.5,1.6666666666666667,0.0,1
73733,5,4.2125,513.0,532.0,4.8,3.2,0.0,1
73735,10,2.529831932773109,371.3,393.2,2.0,2.0,0.1,0
73743,5,2.3179487179487177,379.8,341.2,1.6,1.6,0.0,1
73764,9,4.382014590347924,482.6666666666667,499.55555555555554,0.8888888888888888,0.6666666666666666,0.0,1
73765,5,1.5422619047619048,390.8,424.8,0.2,1.6,0.0,1
73773,5,5.601942501942501,449.2,423.2,0.2,1.4,0.0,1
73827,8,3.7129329004329,473.0,490.5,1.125,0.75,0.0,1
73828,8,1.9729166666666669,262.375,275.5,1.375,4.0,0.0,1
73879,7,2.262183055040198,412.2857142857143,476.57142857142856,0.1428571428571428,0.8571428571428571,0.0,1
73904,10,4.946688311688312,540.6,497.7,0.1,0.8,0.0,1
73905,5,5.792063492063492,535.2,536.8,2.2,2.8,0.0,1
73966,6,1.712571225071225,350.6666666666667,429.1666666666667,0.3333333333333333,1.8333333333333333,0.0,1
73996,7,2.424829931972789,351.0,348.0,0.0,0.0,0.0,1
74037,9,3.1572174738841405,529.4444444444445,526.5555555555555,1.0,2.7777777777777777,0.0,1
74098,10,2.912311707899943,364.3,392.7,1.1,0.3,0.0,1
74121,5,3.091428571428572,364.0,421.6,0.6,1.6,0.2,0
74150,5,3.0129870129870127,496.6,606.2,0.2,0.4,0.0,1
74254,7,2.720425606139892,523.4285714285714,541.2857142857143,1.1428571428571428,1.7142857142857142,0.0,1
74260,8,1.018014579020014,253.125,275.375,6.5,12.0,0.0,1
74295,12,4.837962962962963,631.0833333333334,641.4166666666666,7.083333333333333,3.333333333333333,0.0,1
74298,5,4.510714285714286,585.2,662.2,0.0,0.0,0.0,1
74321,10,6.2057142857142855,495.6,481.4,1.0,0.5,0.0,1
74410,14,2.743832853654282,479.2142857142857,508.5,3.142857142857143,6.857142857142857,0.0,1
74438,5,3.0123737373737374,548.0,665.4,4.4,4.2,0.0,1
74456,7,2.63525641025641,424.57142857142856,446.1428571428572,1.8571428571428568,1.8571428571428568,0.0,1
74459,8,2.30436507936508,481.375,511.75,1.625,0.5,0.0,1
74464,21,2.9921081563938707,416.4285714285714,460.3809523809524,0.3333333333333333,2.2857142857142856,0.0476190476190476,0
74475,5,2.582222222222222,393.8,443.6,0.0,0.0,0.0,1
74480,5,4.170238095238095,543.4,592.0,0.8,1.0,0.0,1
74494,5,2.0904273504273503,395.2,467.0,0.6,1.6,0.0,1
74585,7,4.2609390609390605,477.57142857142856,551.7142857142857,6.142857142857143,7.142857142857143,0.1428571428571428,0
74612,6,1.5875,345.6666666666667,376.8333333333333,2.0,2.5,0.0,1
74628,5,2.161904761904762,384.0,472.0,0.0,0.0,0.0,1
74645,6,2.051587301587302,405.8333333333333,421.6666666666667,1.3333333333333333,3.333333333333333,0.0,1
74649,5,5.066239316239317,375.0,446.0,0.6,1.0,0.0,1
74650,5,2.274141414141414,440.6,450.0,2.2,1.8,0.0,1
74682,6,1.328102453102453,360.1666666666667,416.3333333333333,1.3333333333333333,1.3333333333333333,0.1666666666666666,0
74709,7,4.586219336219336,308.42857142857144,391.8571428571428,0.8571428571428571,3.2857142857142856,0.0,1
74719,7,5.585714285714286,386.2857142857143,386.0,2.857142857142857,2.0,0.0,1
74733,5,4.357777777777779,315.6,390.6,0.0,0.0,0.0,1
74766,7,3.6391236165672254,434.2857142857143,482.7142857142857,0.0,0.0,0.0,1
74774,5,4.016666666666667,396.2,465.8,0.2,1.6,0.0,1
74781,5,3.080714285714285,473.2,459.2,1.8,10.4,0.0,1
74804,8,2.644047619047619,372.75,421.75,0.625,2.0,0.0,1
74811,5,1.657875457875458,306.6,336.0,0.0,0.0,0.0,1
74812,5,2.1663675213675218,338.8,385.2,0.8,3.6,0.0,1
74816,6,3.092628205128205,535.0,592.0,1.6666666666666667,4.5,0.0,1
74827,5,5.3933333333333335,488.6,500.4,0.6,2.8,0.0,1
74844,9,4.559082892416225,569.7777777777778,581.2222222222222,2.111111111111111,4.444444444444445,0.0,1
74875,6,2.482608132608133,431.3333333333333,474.1666666666667,0.1666666666666666,0.8333333333333334,0.1666666666666666,0
74896,6,3.875709475709476,384.6666666666667,448.0,0.0,0.0,0.0,1
74911,5,2.0265151515151514,349.8,330.6,0.2,1.0,0.0,1
74912,13,3.281177156177156,461.9230769230769,452.84615384615387,2.3076923076923075,9.692307692307692,0.0,1
74929,5,1.5837121212121212,344.8,393.2,0.6,2.4,0.0,1
74935,8,1.1379904817404818,312.125,364.0,2.125,1.875,0.0,1
74985,14,3.756962481962482,450.7142857142857,480.7142857142857,0.5714285714285714,1.2857142857142858,0.0,1
74986,6,3.6129629629629623,518.5,557.6666666666666,1.1666666666666667,0.5,0.0,1
75016,8,2.3680898962148964,413.5,465.5,0.875,1.25,0.0,1
75069,5,2.031255411255411,339.2,339.6,0.0,0.0,0.0,1
75082,9,1.993894993894994,437.1111111111111,471.8888888888889,1.1111111111111112,1.6666666666666667,0.0,1
75108,9,2.9000000000000004,372.22222222222223,377.0,1.7777777777777777,6.111111111111111,0.0,1
75123,5,2.41,366.8,407.8,0.2,2.2,0.0,1
75124,5,1.6511111111111112,316.0,342.6,0.2,6.2,0.0,1
75129,5,3.584761904761905,527.2,540.6,1.4,8.0,0.0,1
75173,5,2.0228571428571427,309.4,316.8,0.0,0.0,0.2,0
75174,8,2.17084478021978,352.875,347.375,1.375,2.75,0.125,0
75240,16,2.528089792152292,494.75,533.125,3.1875,2.625,0.0,1
75241,11,4.727813852813853,415.1818181818182,430.9090909090909,2.636363636363636,5.454545454545454,0.0,1
75260,5,1.6646153846153848,302.2,325.8,0.0,0.0,0.0,1
75284,5,3.71,434.0,462.0,0.4,1.6,0.0,1
75297,8,2.6750992063492065,490.75,446.625,0.0,0.0,0.0,1
75319,5,4.429090909090909,344.2,379.4,0.0,0.0,0.0,1
75337,11,1.540845429080723,312.1818181818182,329.0,1.9090909090909087,5.818181818181818,0.0909090909090909,0
75359,6,1.7968253968253969,350.3333333333333,363.5,3.1666666666666665,3.0,0.1666666666666666,0
75373,6,2.5444444444444443,293.6666666666667,277.3333333333333,0.0,0.0,0.0,1
75386,5,3.786363636363636,408.2,476.4,1.4,6.6,0.0,1
75402,6,1.5518518518518516,302.5,319.0,6.666666666666667,0.6666666666666666,0.0,1
75412,12,3.5226190476190475,373.4166666666667,404.25,0.0833333333333333,0.8333333333333334,0.0,1
75435,6,2.4322510822510823,323.0,343.8333333333333,0.5,2.333333333333333,0.0,1
75437,6,1.826190476190476,287.3333333333333,309.1666666666667,0.8333333333333334,4.333333333333333,0.0,1
75440,6,3.30625,481.3333333333333,509.8333333333333,5.833333333333333,16.0,0.0,1
75459,5,3.6516666666666655,461.4,566.4,0.6,5.0,0.0,1
75460,7,1.7044114615543189,248.28571428571428,278.0,0.0,0.0,0.0,1
75487,7,8.330357142857142,663.0,680.8571428571429,1.5714285714285714,3.4285714285714284,0.0,1
75544,5,3.816190476190477,486.4,556.0,1.4,6.8,0.0,1
75545,5,1.9060606060606065,412.4,428.6,0.6,1.2,0.2,0
75555,5,2.614444444444445,395.4,454.8,1.6,0.8,0.0,1
75580,5,8.326190476190476,713.8,563.6,6.6,18.4,0.0,1
75604,6,5.902777777777778,519.0,435.8333333333333,0.6666666666666666,0.5,0.0,1
75616,6,2.1407814407814407,309.8333333333333,333.1666666666667,0.8333333333333334,4.5,0.0,1
75635,5,2.8778571428571427,438.8,474.6,0.4,0.2,0.0,1
75643,5,3.0384126984126985,487.6,532.6,1.6,6.2,0.2,0
75697,5,1.5357051282051282,335.4,344.0,0.0,0.0,0.0,1
75706,6,1.5595238095238095,296.6666666666667,301.6666666666667,0.1666666666666666,1.3333333333333333,0.0,1
75707,5,1.6323232323232326,431.2,423.8,0.6,1.6,0.0,1
75730,6,3.663131313131313,369.8333333333333,371.5,1.3333333333333333,3.6666666666666665,0.0,1
75764,5,1.7182417582417582,270.2,305.0,5.6,16.8,0.0,1
75815,11,3.8423437673437673,641.4545454545455,601.7272727272727,1.6363636363636365,2.1818181818181817,0.0909090909090909,0
75866,5,2.6161616161616164,482.6,531.2,0.2,4.4,0.0,1
75892,6,1.4407610907610906,370.5,386.5,0.6666666666666666,2.333333333333333,0.0,1
75915,6,2.403556166056166,388.8333333333333,421.6666666666667,0.1666666666666666,1.1666666666666667,0.0,1
75916,5,2.3881746031746034,512.6,558.8,2.6,1.6,0.0,1
75917,6,1.792328042328042,457.6666666666667,458.3333333333333,1.0,5.166666666666667,0.1666666666666666,0
75927,5,2.141702741702741,397.2,405.2,0.2,2.2,0.0,1
75945,5,2.2189234449760766,573.0,600.6,1.0,2.4,0.0,1
75984,6,3.966203703703704,511.5,593.5,3.6666666666666665,8.0,0.0,1
76004,5,2.6678571428571427,352.4,393.2,1.4,2.4,0.0,1
76084,7,6.789115646258503,523.7142857142857,544.1428571428571,0.0,0.0,0.0,1
76120,6,2.0759680134680134,408.1666666666667,475.1666666666667,0.1666666666666666,1.6666666666666667,0.0,1
76170,5,4.887777777777777,306.6,371.8,1.2,11.4,0.0,1
76192,6,3.347222222222222,406.3333333333333,437.6666666666667,0.1666666666666666,1.5,0.0,1
76193,5,4.582121212121212,419.4,482.8,0.8,3.2,0.0,1
76200,8,2.020508658008658,321.625,334.25,0.125,2.125,0.125,0
76201,6,3.3078703703703702,606.5,561.8333333333334,0.0,0.0,0.0,1
76204,7,1.759647495361781,304.0,293.42857142857144,1.5714285714285714,5.142857142857143,0.1428571428571428,0
76211,9,3.5987153278819943,579.3333333333334,629.2222222222222,7.333333333333333,8.666666666666666,0.0,1
76233,5,1.87974025974026,390.6,385.8,0.8,2.8,0.0,1
76263,7,5.299319727891157,499.4285714285714,462.2857142857143,0.8571428571428571,3.0,0.0,1
76267,5,2.01,372.2,367.6,0.4,3.2,0.0,1
76310,5,3.762222222222222,637.6,601.4,0.0,0.0,0.0,1
76360,7,4.316378859236003,431.8571428571428,463.2857142857143,0.1428571428571428,0.7142857142857143,0.0,1
76361,6,3.693589743589744,463.5,482.6666666666667,3.5,2.0,0.0,1
76367,11,5.07943722943723,490.09090909090907,500.09090909090907,0.3636363636363636,1.0909090909090908,0.0,1
76439,5,2.371428571428571,398.4,405.6,3.2,4.4,0.0,1
76460,7,2.809307359307359,530.7142857142857,537.4285714285714,2.0,1.4285714285714286,0.1428571428571428,0
76565,7,1.6062271062271063,279.0,295.7142857142857,1.2857142857142858,4.285714285714286,0.1428571428571428,0
76591,5,1.738573762838469,310.2,265.2,4.2,4.8,0.0,1
76605,5,3.265179265179265,403.6,428.8,9.6,6.6,0.2,0
76609,5,4.978571428571429,424.8,423.8,0.0,0.0,0.0,1
76610,6,4.9668803418803416,694.8333333333334,616.3333333333334,0.0,0.0,0.0,1
76700,6,6.083333333333333,583.0,606.6666666666666,0.8333333333333334,4.333333333333333,0.0,1
76712,12,2.920950577200577,400.8333333333333,411.9166666666667,0.5833333333333334,5.833333333333333,0.0,1
76744,7,2.8501623376623373,446.7142857142857,477.2857142857143,0.1428571428571428,1.5714285714285714,0.0,1
76747,8,2.513095238095238,379.75,443.125,5.0,2.25,0.0,1
76753,6,2.194642857142857,327.0,285.3333333333333,0.0,0.0,0.0,1
76823,5,2.3695304695304693,329.0,352.2,2.0,2.8,0.0,1
76832,5,2.565,349.2,352.4,0.4,4.8,0.2,0
76881,9,2.5766417678182387,263.1111111111111,321.22222222222223,1.5555555555555556,2.333333333333333,0.0,1
76896,11,2.652385745567564,415.8181818181818,428.54545454545456,1.3636363636363635,2.0,0.0,1
76897,9,1.9066778900112231,409.6666666666667,355.44444444444446,2.2222222222222223,6.333333333333333,0.0,1
76912,5,2.72012987012987,545.4,554.0,0.0,0.0,0.0,1
76920,6,3.779166666666667,561.5,580.6666666666666,3.6666666666666665,2.0,0.0,1
76926,5,5.8566666666666665,428.2,414.0,0.6,4.0,0.0,1
76927,5,5.116666666666667,365.2,427.2,1.0,3.2,0.0,1
76994,7,1.8807823129251704,383.7142857142857,344.57142857142856,2.7142857142857144,3.4285714285714284,0.0,1
77031,5,1.080128205128205,286.6,321.6,0.0,0.0,0.0,1
77100,5,4.05,555.2,589.6,1.8,3.0,0.0,1
77102,7,2.9046897546897545,430.4285714285714,439.2857142857143,2.2857142857142856,1.7142857142857142,0.0,1
77150,5,6.166666666666666,599.4,643.0,0.0,0.0,0.0,1
77158,6,3.093073593073593,340.8333333333333,368.6666666666667,1.3333333333333333,3.0,0.0,1
77170,9,2.681557095772782,458.3333333333333,536.3333333333334,0.2222222222222222,1.5555555555555556,0.0,1
77171,20,5.416895743145743,485.8,492.5,0.5,0.2,0.05,0
77270,9,2.4865319865319866,356.0,359.55555555555554,1.8888888888888888,1.3333333333333333,0.0,1
77273,6,2.844444444444445,479.5,492.6666666666667,0.0,0.0,0.1666666666666666,0
77341,5,1.872142857142857,426.8,485.6,2.2,4.2,0.0,1
77349,12,3.807401394901395,502.0833333333333,472.25,1.25,1.25,0.0,1
77356,9,2.310897435897436,511.77777777777777,508.0,1.4444444444444444,13.77777777777778,0.1111111111111111,0
77377,6,1.900432437932438,462.8333333333333,530.5,0.1666666666666666,1.5,0.0,1
77408,5,2.554047619047619,364.4,360.8,1.4,7.2,0.2,0
77454,5,3.003333333333333,332.2,327.4,0.4,3.6,0.0,1
77462,5,2.5344444444444445,377.6,394.4,0.0,0.0,0.0,1
77473,5,4.185714285714286,755.2,651.2,0.0,0.0,0.0,1
77592,5,1.777777777777778,359.6,418.0,0.0,0.0,0.0,1
77596,8,3.069289799253035,337.5,354.125,0.0,0.0,0.0,1
77597,9,3.6902356902356894,356.0,368.44444444444446,0.7777777777777778,2.888888888888889,0.0,1
77617,8,2.445718344155844,460.75,431.625,1.125,5.0,0.0,1
77633,5,6.540000000000001,697.6,614.4,0.8,3.6,0.0,1
77700,8,3.2431089743589743,410.875,447.625,1.125,0.75,0.0,1
77721,5,1.788412698412699,416.2,481.6,1.8,8.4,0.0,1
77736,5,6.643939393939394,565.6,648.4,0.4,6.0,0.0,1
77755,13,1.772982572982573,379.2307692307692,408.84615384615387,0.9230769230769232,3.230769230769231,0.0,1
77763,8,2.6351752414252414,445.25,447.5,0.5,1.625,0.0,1
77767,6,3.409722222222222,344.1666666666667,355.0,0.6666666666666666,1.5,0.0,1
77775,9,2.6714794464794465,434.55555555555554,450.0,0.8888888888888888,5.444444444444445,0.0,1
77793,8,3.654017857142857,472.875,469.25,1.125,1.5,0.0,1
77816,10,7.82090909090909,475.5,476.2,0.8,3.0,0.0,1
77817,7,2.192888064316636,441.2857142857143,471.7142857142857,0.1428571428571428,3.4285714285714284,0.0,1
77820,5,1.4411199911199912,283.8,307.8,2.8,3.2,0.0,1
77849,7,1.9814709100423389,450.8571428571428,530.5714285714286,3.142857142857143,1.1428571428571428,0.1428571428571428,0
77850,6,3.7379629629629623,520.5,499.3333333333333,1.3333333333333333,4.0,0.0,1
77851,6,4.782738095238095,559.5,519.1666666666666,1.1666666666666667,6.5,0.0,1
77866,27,3.312290898402009,444.8888888888889,503.5185185185185,4.851851851851852,4.333333333333333,0.074074074074074,0
77871,16,2.0026497807747807,311.9375,343.8125,1.25,4.125,0.0,1
77873,5,3.051111111111111,385.6,451.4,1.0,3.0,0.0,1
77879,5,4.545604395604395,328.6,312.8,0.4,3.2,0.0,1
77910,6,3.069932844932845,382.5,459.1666666666667,0.5,2.0,0.0,1
77933,10,4.204661172161172,381.3,409.2,0.4,0.8,0.0,1
77948,5,2.087294372294372,371.4,377.0,1.2,4.8,0.0,1
77970,5,4.5101010101010095,490.4,490.8,0.0,0.0,0.0,1
78069,13,1.537243525705064,402.0769230769231,454.61538461538464,5.769230769230769,3.230769230769231,0.0769230769230769,0
78074,7,2.271572871572872,405.0,408.4285714285714,0.0,0.0,0.1428571428571428,0
78118,7,2.9599824778396204,465.4285714285714,434.4285714285714,0.0,0.0,0.0,1
78139,5,2.17843137254902,474.4,503.4,0.0,0.0,0.0,1
78190,6,3.366101491101491,475.6666666666667,496.1666666666667,0.8333333333333334,1.0,0.0,1
78191,6,2.1392390289449112,315.5,356.3333333333333,1.0,6.0,0.0,1
78205,8,3.769158445720946,388.25,364.125,1.125,3.0,0.0,1
78209,5,1.4166666666666663,573.2,567.8,1.4,2.4,0.0,1
78227,13,3.984065934065934,327.9230769230769,380.9230769230769,0.3846153846153846,2.769230769230769,0.0769230769230769,0
78246,16,3.133085317460317,521.1875,564.75,0.125,2.25,0.0,1
78281,11,2.495021645021645,360.6363636363636,409.8181818181818,0.1818181818181818,0.7272727272727273,0.0,1
78284,6,2.587962962962963,527.6666666666666,546.1666666666666,1.0,1.3333333333333333,0.0,1
78378,6,5.0888888888888895,629.5,703.6666666666666,0.5,1.6666666666666667,0.0,1
78462,11,1.6984288438833894,429.09090909090907,425.0,0.1818181818181818,0.9090909090909092,0.0909090909090909,0
78506,8,2.40643315018315,491.25,560.25,3.25,7.0,0.0,1
78524,6,3.108333333333333,380.0,400.3333333333333,0.0,0.0,0.0,1
78531,5,3.5436005171299287,400.8,452.2,0.4,1.4,0.0,1
78552,6,3.156746031746032,412.5,430.3333333333333,0.0,0.0,0.0,1
78570,7,2.126798598227169,417.1428571428572,482.4285714285714,0.4285714285714285,4.571428571428571,0.0,1
78673,5,2.2054112554112555,400.6,496.8,0.4,10.4,0.0,1
78691,5,2.3344444444444443,378.8,387.6,0.0,0.0,0.0,1
78715,5,2.417619047619048,412.4,440.0,1.6,2.0,0.0,1
78742,6,3.1944444444444446,380.8333333333333,451.0,0.1666666666666666,0.8333333333333334,0.0,1
78763,5,1.8266666666666669,408.0,456.0,0.2,3.2,0.2,0
78868,7,2.3025510204081634,447.8571428571428,402.7142857142857,1.2857142857142858,1.2857142857142858,0.0,1
78913,10,2.9733333333333336,409.8,424.5,1.2,0.9,0.0,1
78940,8,2.696570616883117,526.0,520.5,3.0,13.5,0.0,1
78967,6,1.27768759018759,245.16666666666663,264.1666666666667,0.5,2.0,0.0,1
78975,6,2.8603082103082103,416.1666666666667,374.5,0.1666666666666666,0.8333333333333334,0.0,1
79048,5,4.25,626.6,526.4,4.2,5.6,0.0,1
79061,10,4.5904914529914524,550.1,550.1,1.0,6.8,0.0,1
79116,5,3.606818181818182,383.2,419.2,1.8,3.2,0.0,1
79120,5,2.1164935064935064,415.0,493.4,1.6,8.2,0.0,1
79156,11,4.6759324009324015,472.6363636363636,435.27272727272725,0.0,0.0,0.0,1
79157,8,3.4138392857142854,520.25,502.375,1.375,7.375,0.0,1
79180,6,2.0305555555555554,312.5,345.8333333333333,0.1666666666666666,2.833333333333333,0.0,1
79185,5,2.325555555555556,476.2,497.4,0.8,2.6,0.0,1
79206,5,2.2642857142857142,442.2,485.0,1.2,2.6,0.0,1
79273,6,5.166666666666667,486.8333333333333,522.8333333333334,2.0,1.0,0.1666666666666666,0
79281,5,2.8523809523809525,599.4,619.6,3.6,2.8,0.0,1
79308,14,1.9820274263551576,293.92857142857144,314.92857142857144,0.0714285714285714,1.0714285714285714,0.0,1
79320,9,2.759321850988518,431.55555555555554,477.1111111111111,0.2222222222222222,0.8888888888888888,0.0,1
79332,7,1.1177710318577192,452.0,467.4285714285714,2.0,3.7142857142857135,0.0,1
79342,5,1.9274725274725275,321.2,343.8,0.0,0.0,0.0,1
79379,6,3.1370370370370373,307.1666666666667,339.3333333333333,1.1666666666666667,2.5,0.0,1
79394,5,2.055982905982906,349.8,359.4,0.2,1.4,0.0,1
79411,7,3.306689342403628,371.1428571428572,365.2857142857143,5.142857142857143,2.571428571428572,0.0,1
79445,5,1.4103030303030302,265.0,333.2,1.2,2.6,0.0,1
79469,5,2.7115151515151514,396.8,434.8,4.8,24.0,0.0,1
79482,8,3.4267857142857143,335.375,354.875,4.125,1.0,0.0,1
79483,9,5.832659932659933,425.77777777777777,416.3333333333333,1.2222222222222223,1.3333333333333333,0.0,1
79502,8,2.711011904761905,350.0,398.5,1.625,4.5,0.0,1
79511,5,2.080989010989011,435.0,480.2,0.0,0.0,0.0,1
79559,5,4.946666666666667,392.4,481.0,0.0,0.0,0.0,1
79573,9,2.6488876863876865,401.44444444444446,378.3333333333333,7.111111111111111,14.444444444444445,0.0,1
79584,5,1.307948717948718,421.8,450.0,0.0,0.0,0.0,1
79589,28,2.749909812409812,381.0,390.2142857142857,0.4642857142857143,3.0,0.0,1
79635,5,1.3547575953458306,322.0,323.0,0.8,3.6,0.2,0
79646,6,1.8985771853418916,369.6666666666667,400.0,4.0,11.666666666666666,0.0,1
79681,7,2.07701504844362,318.7142857142857,361.0,2.7142857142857144,6.857142857142857,0.0,1
79716,13,3.1729225902302827,402.6923076923077,443.61538461538464,3.0,7.6923076923076925,0.0,1
79724,5,2.6277777777777778,494.4,543.0,1.4,0.8,0.0,1
79727,5,2.0377598407784165,367.4,379.0,0.6,2.4,0.0,1
79749,5,3.379761904761905,390.8,419.8,0.0,0.0,0.0,1
79774,6,4.847222222222222,464.1666666666667,439.6666666666667,1.3333333333333333,0.8333333333333334,0.0,1
79811,5,2.4914529914529915,322.8,345.2,4.2,2.4,0.0,1
79813,5,4.7023809523809526,442.0,521.8,0.4,0.8,0.0,1
79827,6,2.631024531024531,327.3333333333333,301.0,1.8333333333333333,5.666666666666667,0.0,1
79829,5,1.6222222222222222,351.8,344.2,1.4,3.6,0.0,1
79834,6,3.305555555555556,352.6666666666667,326.5,0.5,1.6666666666666667,0.0,1
79839,6,4.008333333333334,493.3333333333333,513.1666666666666,0.0,0.0,0.0,1
79842,6,3.551136363636364,495.1666666666667,472.0,1.3333333333333333,7.5,0.0,1
79843,6,3.0630952380952383,343.0,340.3333333333333,0.0,0.0,0.0,1
79844,11,2.606005106005106,361.3636363636364,383.09090909090907,1.7272727272727273,6.363636363636363,0.0,1
79870,5,3.028311688311688,765.4,735.2,0.0,0.0,0.0,1
79934,8,3.375892857142857,423.5,441.25,1.0,2.0,0.0,1
79946,5,1.6616161616161615,386.2,412.0,1.8,2.4,0.0,1
79948,7,3.133158904587476,317.42857142857144,359.1428571428572,0.4285714285714285,5.428571428571429,0.0,1
80061,9,3.792019400352734,385.22222222222223,452.22222222222223,0.0,0.0,0.1111111111111111,0
80120,5,1.7104761904761905,392.8,343.2,0.8,1.0,0.2,0
80152,7,2.089342403628118,294.42857142857144,299.42857142857144,0.5714285714285714,0.8571428571428571,0.1428571428571428,0
80173,7,2.3363945578231293,451.57142857142856,494.8571428571428,0.0,0.0,0.1428571428571428,0
80176,7,1.7865079365079366,368.1428571428572,430.1428571428572,0.0,0.0,0.0,1
80184,5,3.155670995670996,508.6,541.4,1.2,4.2,0.0,1
80210,9,2.078483245149912,303.44444444444446,327.1111111111111,0.1111111111111111,1.4444444444444444,0.0,1
80211,5,2.8189495798319326,471.0,525.2,0.0,0.0,0.4,0
80240,5,3.379761904761905,604.2,605.4,3.6,7.2,0.2,0
80244,7,3.344631558917273,504.4285714285714,554.8571428571429,1.7142857142857142,2.571428571428572,0.0,1
80277,5,1.2461538461538462,312.4,332.2,3.2,3.2,0.2,0
80310,5,2.623971861471861,493.2,530.6,1.0,13.6,0.0,1
80311,5,3.188888888888889,474.4,441.8,1.6,2.8,0.2,0
80312,5,3.4163636363636365,326.6,402.6,0.6,1.6,0.0,1
80338,7,4.999206349206348,473.4285714285714,469.4285714285714,0.1428571428571428,2.2857142857142856,0.0,1
80348,5,2.64,394.0,423.6,4.4,6.6,0.0,1
80352,6,2.1213924963924966,335.8333333333333,397.3333333333333,2.5,3.0,0.0,1
80353,5,1.9733333333333332,351.0,404.4,0.0,0.0,0.0,1
80414,5,4.081468531468532,340.4,385.2,0.8,4.0,0.0,1
80415,5,2.918888888888889,337.8,392.4,0.2,1.2,0.0,1
80420,5,4.043809523809523,389.4,414.4,1.8,3.4,0.0,1
80423,5,2.14,311.0,335.6,0.0,0.0,0.0,1
80424,9,4.630936347603015,473.1111111111111,508.44444444444446,0.6666666666666666,0.8888888888888888,0.1111111111111111,0
80439,9,1.97378115711449,396.55555555555554,407.6666666666667,0.4444444444444444,0.3333333333333333,0.0,1
80442,5,3.423842823842824,406.6,487.8,0.8,4.4,0.0,1
80448,29,2.556897795690899,462.41379310344826,497.82758620689657,2.2413793103448274,2.4827586206896552,0.0,1
80460,5,1.780151515151515,319.0,332.8,1.4,8.0,0.2,0
80502,7,3.5183673469387755,476.0,518.8571428571429,0.1428571428571428,0.8571428571428571,0.0,1
80536,6,6.882936507936509,404.0,466.5,1.1666666666666667,2.1666666666666665,0.0,1
80589,7,1.6438678035316692,402.8571428571428,461.8571428571428,10.428571428571429,12.857142857142858,0.0,1
80590,7,1.9172619047619048,366.4285714285714,451.0,5.714285714285714,7.285714285714286,0.0,1
80621,5,7.993333333333334,392.4,384.6,0.2,3.0,0.0,1
80666,16,5.640940656565657,602.8125,544.4375,0.75,7.0,0.0625,0
80675,18,3.371047779381113,349.6666666666667,358.1666666666667,1.2777777777777777,4.277777777777778,0.0,1
80682,14,3.78665342593914,391.7142857142857,454.1428571428572,1.2857142857142858,3.857142857142857,0.0,1
80686,5,2.003479853479853,396.8,421.8,1.0,2.2,0.0,1
80706,6,3.051346801346801,444.0,388.6666666666667,2.0,3.0,0.0,1
80749,6,4.458333333333333,479.3333333333333,491.3333333333333,0.1666666666666666,0.8333333333333334,0.0,1
80756,5,4.747272727272727,594.8,637.0,0.0,0.0,0.0,1
80826,6,3.9762205387205385,359.5,372.3333333333333,1.5,2.0,0.0,1
80873,12,2.2554075554075554,373.75,441.9166666666667,1.9166666666666667,2.083333333333333,0.0833333333333333,0
80943,5,4.254285714285714,450.2,401.6,0.4,3.2,0.2,0
80944,8,3.680952380952381,600.0,515.375,0.375,1.0,0.0,1
80954,5,2.15934065934066,435.8,485.6,2.6,7.8,0.2,0
80973,10,2.0032575757575755,303.3,365.4,0.5,2.8,0.1,0
80985,6,3.373809523809524,550.0,568.8333333333334,0.3333333333333333,1.3333333333333333,0.0,1
81001,5,5.052222222222222,560.2,566.4,3.6,4.0,0.0,1
81023,5,5.703333333333333,506.8,533.4,0.4,5.6,0.0,1
81024,5,7.273333333333333,519.0,532.6,0.2,1.0,0.0,1
81073,8,6.387648809523809,454.875,493.5,0.5,6.0,0.0,1
81074,8,7.337896825396825,434.125,535.5,0.125,1.0,0.0,1
81099,24,3.4984352453102456,558.5833333333334,522.0,0.0,0.0,0.0,1
81101,5,2.821420083184789,439.6,503.6,3.6,8.8,0.0,1
81124,12,2.5739027176527176,403.5,484.25,1.0,3.75,0.0,1
81137,21,2.2823218953471054,458.95238095238096,473.1428571428572,1.5238095238095235,2.571428571428572,0.0,1
81139,5,1.882857142857143,298.0,329.0,2.4,4.6,0.0,1
81145,5,3.1842157842157843,489.2,541.4,2.2,10.4,0.0,1
81152,5,2.966017316017316,396.2,401.8,0.6,6.6,0.0,1
81228,6,5.910714285714286,448.3333333333333,464.0,4.666666666666667,1.5,0.0,1
81257,6,1.8319444444444448,355.6666666666667,381.3333333333333,1.1666666666666667,7.833333333333333,0.0,1
81322,6,1.3995911495911495,278.6666666666667,295.3333333333333,0.1666666666666666,4.666666666666667,0.0,1
81338,5,1.7785714285714285,317.4,333.0,1.0,2.2,0.2,0
81353,8,3.200892857142857,443.5,508.875,1.0,1.5,0.0,1
81392,6,2.663215488215488,341.5,392.8333333333333,0.0,0.0,0.0,1
81402,5,1.3083333333333331,392.0,382.4,3.6,7.8,0.0,1
81463,5,2.2850865800865803,458.6,519.8,2.6,1.2,0.0,1
81537,5,2.604492566257272,460.2,540.6,1.6,15.6,0.0,1
81545,7,2.5697278911564623,381.0,437.2857142857143,0.7142857142857143,2.142857142857143,0.0,1
81575,6,3.8541666666666665,422.5,471.6666666666667,0.5,2.5,0.0,1
81618,7,2.0603174603174605,382.4285714285714,343.7142857142857,0.5714285714285714,2.2857142857142856,0.0,1
81645,5,4.606060606060606,475.4,525.4,0.0,0.0,0.0,1
81676,5,1.6438636363636363,300.4,359.6,1.4,2.4,0.2,0
81691,7,3.52069597069597,366.0,424.1428571428572,1.4285714285714286,3.0,0.0,1
81721,5,2.69,416.6,417.2,0.4,3.2,0.0,1
81764,8,2.520483193277311,339.0,393.375,0.25,1.375,0.0,1
81765,8,2.350915750915751,409.875,494.125,0.0,0.0,0.0,1
81773,5,4.177777777777778,492.0,503.8,0.4,3.8,0.0,1
81777,13,2.9768564768564767,386.3076923076923,456.3076923076923,0.6153846153846154,1.5384615384615383,0.0,1
81778,16,4.6698908730158735,438.5625,487.5625,0.125,0.125,0.0,1
81796,5,1.9967532467532467,280.6,316.4,0.0,0.0,0.0,1
81813,5,3.8418181818181822,650.0,552.0,0.6,1.2,0.0,1
81814,5,2.9564935064935063,434.8,426.6,0.8,3.6,0.0,1
81815,5,6.791622495151907,425.8,516.6,0.0,0.0,0.0,1
81818,6,3.4159544159544164,470.3333333333333,442.8333333333333,0.5,3.333333333333333,0.0,1
81858,14,2.588547423631457,391.7142857142857,450.9285714285714,0.0,0.0,0.0,1
81863,7,4.263448456305599,557.1428571428571,582.4285714285714,0.0,0.0,0.0,1
81887,5,1.815238095238095,397.8,458.8,0.4,5.2,0.0,1
81922,5,6.216666666666667,479.2,465.2,2.6,6.8,0.0,1
81928,5,2.298383838383838,417.4,412.6,3.6,3.0,0.0,1
82011,13,4.767681036911806,408.3076923076923,449.7692307692308,0.6153846153846154,1.1538461538461535,0.0,1
82033,5,1.7730891330891332,344.0,441.2,0.6,2.8,0.0,1
82040,6,2.85,401.6666666666667,418.3333333333333,3.8333333333333335,10.0,0.1666666666666666,0
82047,5,4.073737373737374,441.8,454.4,0.4,3.8,0.0,1
82061,8,4.740699404761905,497.0,573.375,0.0,0.0,0.0,1
82090,6,3.3505926943426942,545.5,584.1666666666666,0.3333333333333333,5.0,0.0,1
82108,5,2.027738095238095,381.2,397.8,0.6,2.0,0.0,1
82128,13,2.384371347606642,357.2307692307692,395.61538461538464,3.5384615384615383,2.769230769230769,0.0,1
82149,5,1.7975091575091575,328.0,304.8,0.6,1.4,0.0,1
82170,6,5.440740740740741,576.3333333333334,622.3333333333334,2.0,1.0,0.0,1
82199,6,3.4415343915343914,517.0,521.1666666666666,0.3333333333333333,6.666666666666667,0.0,1
82200,5,3.327121212121212,436.2,488.2,0.2,2.4,0.0,1
82201,6,2.374801587301587,381.0,423.1666666666667,0.3333333333333333,7.666666666666667,0.0,1
82317,7,2.4719851576994434,345.85714285714283,375.0,0.2857142857142857,4.285714285714286,0.0,1
82340,24,3.4783204064454067,369.7083333333333,483.75,0.4583333333333333,2.9166666666666665,0.0833333333333333,0
82354,5,2.8725,488.8,549.4,1.0,1.2,0.2,0
82443,6,3.6183631183631184,597.1666666666666,603.8333333333334,5.833333333333333,8.0,0.0,1
82445,5,4.492307692307692,388.8,370.0,1.0,6.0,0.0,1
82448,5,2.98,386.0,436.8,1.4,2.0,0.0,1
82523,6,1.4587542087542087,342.6666666666667,364.6666666666667,2.333333333333333,3.0,0.0,1
82554,5,2.522222222222222,544.0,572.2,3.2,7.2,0.0,1
82585,5,5.4833333333333325,527.2,597.4,0.4,2.8,0.0,1
82608,6,2.535840008518027,469.0,446.1666666666667,6.333333333333333,5.333333333333333,0.0,1
82667,11,2.9402392838890163,483.09090909090907,526.3636363636364,1.6363636363636365,2.5454545454545454,0.0,1
82716,6,4.528968253968254,513.8333333333334,586.3333333333334,3.0,4.0,0.0,1
82718,5,4.835714285714286,657.6,562.2,0.0,0.0,0.2,0
82754,5,3.2172727272727277,318.2,322.0,0.4,1.2,0.0,1
82777,6,3.0539682539682538,373.5,377.5,0.0,0.0,0.0,1
82793,5,2.785909090909091,492.2,546.6,0.2,1.0,0.0,1
82825,8,4.388690476190476,422.25,449.5,1.625,2.625,0.0,1
82848,9,2.878483245149912,446.44444444444446,451.8888888888889,1.2222222222222223,0.6666666666666666,0.0,1
82849,6,3.7465608465608464,422.0,451.5,3.8333333333333335,5.833333333333333,0.0,1
82876,5,1.7532773109243696,307.8,338.6,0.8,1.2,0.0,1
82892,5,2.9635714285714285,420.8,501.4,2.6,5.4,0.0,1
82907,8,1.9803418803418804,362.625,367.5,0.25,1.5,0.0,1
82934,5,2.390873440285205,484.8,533.2,0.8,4.2,0.0,1
82976,5,2.427233877233877,350.4,429.8,1.4,1.6,0.0,1
82978,5,2.199906629318394,303.0,324.6,4.4,18.6,0.0,1
83011,5,3.770000000000001,453.8,454.4,0.8,3.2,0.0,1
83052,5,3.795,423.0,467.8,0.2,1.0,0.0,1
83061,6,2.0168169793169795,312.5,358.1666666666667,0.0,0.0,0.0,1
83104,6,3.7718253968253967,489.1666666666667,536.1666666666666,0.1666666666666666,1.0,0.0,1
83134,8,3.550560897435897,387.75,318.875,0.125,0.875,0.0,1
83135,11,2.845867768595041,356.1818181818182,312.1818181818182,3.909090909090909,6.454545454545454,0.0909090909090909,0
83164,11,3.4206904206904203,284.72727272727275,316.54545454545456,0.4545454545454545,1.0909090909090908,0.0,1
83168,5,3.212940392940393,512.0,566.6,1.2,8.0,0.0,1
83184,9,2.1682539682539685,368.0,357.8888888888889,2.111111111111111,4.0,0.0,1
83187,7,3.272845804988662,437.4285714285714,487.1428571428572,0.0,0.0,0.0,1
83223,8,6.7913461538461535,397.875,417.875,1.375,6.0,0.0,1
83246,12,1.7793560606060606,346.0833333333333,403.3333333333333,1.3333333333333333,5.5,0.0833333333333333,0
83257,5,1.4308760683760684,266.8,295.2,0.8,4.0,0.0,1
83314,9,3.2097001763668427,468.77777777777777,506.6666666666667,0.1111111111111111,0.6666666666666666,0.0,1
83346,5,3.664102564102565,430.2,437.6,1.4,6.6,0.0,1
83350,5,2.1345830639948287,361.2,379.2,1.6,5.8,0.0,1
83393,5,1.407142857142857,389.4,416.0,1.2,2.0,0.0,1
83395,5,3.710989010989011,456.0,465.0,1.0,7.8,0.0,1
83429,6,2.218031189083821,314.5,368.5,0.6666666666666666,1.1666666666666667,0.0,1
83437,8,4.762019230769231,465.0,494.125,2.0,4.75,0.0,1
83443,7,3.894047619047619,408.2857142857143,450.7142857142857,4.714285714285714,5.142857142857143,0.0,1
83487,5,1.4058823529411764,378.0,425.6,0.0,0.0,0.0,1
83488,6,3.255050505050505,368.6666666666667,409.3333333333333,0.0,0.0,0.0,1
83500,5,2.225,430.2,374.8,1.6,3.0,0.2,0
83516,5,2.51,278.8,280.6,0.0,0.0,0.0,1
83530,7,2.5477195423624,444.7142857142857,490.4285714285714,2.0,4.714285714285714,0.0,1
83564,7,1.9880952380952384,413.8571428571428,385.8571428571428,1.2857142857142858,2.142857142857143,0.2857142857142857,0
83565,6,2.235241147741148,424.3333333333333,441.5,0.1666666666666666,2.6666666666666665,0.0,1
83579,8,5.798809523809524,558.25,519.125,0.5,2.625,0.0,1
83606,5,3.763492063492064,565.4,534.0,1.2,3.6,0.0,1
83637,5,1.7912698412698411,327.4,388.4,5.8,2.4,0.0,1
83720,8,3.3262581168831167,454.875,516.0,4.0,3.5,0.0,1
83734,6,4.271825396825396,481.0,455.8333333333333,1.1666666666666667,7.333333333333333,0.0,1
83827,6,6.275793650793651,479.5,481.3333333333333,0.5,4.333333333333333,0.0,1
83832,6,5.572222222222223,528.0,553.0,7.833333333333333,5.333333333333333,0.0,1
83834,6,6.075,377.0,376.0,1.8333333333333333,4.5,0.0,1
83835,5,1.4363492063492065,394.4,481.6,6.0,4.8,0.0,1
83861,10,1.856598956598957,420.0,496.2,0.7,2.8,0.0,1
83872,5,2.7544444444444443,416.6,408.4,2.2,7.2,0.0,1
83873,5,1.8115079365079363,478.0,492.8,3.0,7.2,0.0,1
83888,5,7.980769230769231,623.2,697.8,0.8,5.6,0.0,1
83890,6,3.809496753246753,505.6666666666667,504.5,7.333333333333333,7.666666666666667,0.0,1
83891,7,3.556214024071167,442.0,496.8571428571428,5.142857142857143,14.857142857142858,0.0,1
83946,5,7.893333333333333,536.8,546.6,0.4,7.2,0.0,1
83976,10,2.883664668664669,404.7,463.1,1.8,4.4,0.0,1
83979,7,3.412698412698413,437.8571428571428,460.7142857142857,0.8571428571428571,2.2857142857142856,0.0,1
83990,7,3.0195360195360195,420.57142857142856,471.2857142857143,0.1428571428571428,1.7142857142857142,0.0,1
84015,14,3.0073557394985966,368.5,370.7857142857143,1.5,0.8571428571428571,0.0,1
84074,5,2.2784184443007973,423.6,391.2,1.6,5.2,0.0,1
84088,6,2.140079365079365,334.6666666666667,341.3333333333333,0.6666666666666666,2.0,0.0,1
84103,6,3.778571428571429,304.1666666666667,326.0,0.8333333333333334,1.6666666666666667,0.1666666666666666,0
84104,18,3.327810461143794,425.6666666666667,430.77777777777777,1.1666666666666667,2.4444444444444446,0.0555555555555555,0
84140,5,2.199019607843137,336.4,368.0,0.2,0.8,0.0,1
84141,5,2.026243201243201,471.0,485.0,0.4,0.8,0.0,1
84142,5,2.255672514619883,448.0,505.2,0.8,2.4,0.0,1
84185,5,2.475757575757576,361.6,396.0,0.0,0.0,0.0,1
84215,7,5.8,489.4285714285714,524.4285714285714,0.1428571428571428,2.2857142857142856,0.0,1
84224,6,2.2555555555555555,338.8333333333333,414.6666666666667,0.3333333333333333,1.1666666666666667,0.0,1
84301,5,5.827272727272727,508.8,542.6,0.0,0.0,0.0,1
84338,6,2.645833333333333,346.1666666666667,377.5,0.5,1.3333333333333333,0.0,1
84359,7,2.6373273551844982,384.1428571428572,433.0,0.4285714285714285,3.7142857142857135,0.0,1
84360,6,2.766666666666667,449.1666666666667,363.8333333333333,17.5,4.0,0.0,1
84367,5,9.17551948051948,503.8,629.6,0.0,0.0,0.0,1
84368,6,2.84280303030303,334.1666666666667,334.3333333333333,1.0,4.0,0.0,1
84370,7,1.7880036630036629,361.1428571428572,326.57142857142856,1.1428571428571428,8.0,0.1428571428571428,0
84396,6,2.7050925925925924,355.5,348.3333333333333,0.3333333333333333,2.0,0.0,1
84435,8,3.322979797979798,414.625,441.875,1.25,6.0,0.0,1
84526,5,1.6910256410256408,324.2,292.0,0.4,3.0,0.0,1
84529,5,1.896969696969697,456.2,467.0,2.8,7.6,0.0,1
84542,5,4.897619047619047,443.2,510.0,1.4,4.8,0.0,1
84545,5,3.310164835164835,347.6,401.4,3.6,4.0,0.0,1
84546,5,2.390909090909091,382.0,350.6,0.2,1.6,0.0,1
84560,5,3.175396825396825,381.8,408.6,0.4,2.0,0.0,1
84572,5,5.478441558441558,559.6,569.8,0.0,0.0,0.0,1
84626,7,2.5034013605442174,383.8571428571428,418.2857142857143,1.2857142857142858,2.571428571428572,0.0,1
84638,6,4.738095238095238,358.1666666666667,371.1666666666667,0.0,0.0,0.0,1
84680,6,4.9523809523809526,587.6666666666666,590.5,0.3333333333333333,1.3333333333333333,0.0,1
84686,10,2.0925,411.6,479.7,0.0,0.0,0.0,1
84700,14,2.6777313955885385,561.0,581.4285714285714,2.2142857142857144,7.285714285714286,0.0,1
84732,5,3.0330158730158727,375.2,363.0,0.4,3.2,0.0,1
84736,6,2.492361111111111,459.5,480.3333333333333,0.1666666666666666,3.8333333333333335,0.0,1
84746,5,2.398168498168498,417.2,475.6,0.0,0.0,0.0,1
84768,5,3.3600000000000003,637.8,641.4,3.8,8.8,0.0,1
84774,5,7.26,466.4,456.6,0.6,4.4,0.0,1
84860,5,1.3428571428571427,284.4,325.4,1.6,6.8,0.0,1
84865,5,2.566558441558441,447.4,483.4,1.2,7.6,0.0,1
84885,7,2.6590136054421767,489.1428571428572,561.5714285714286,2.2857142857142856,1.1428571428571428,0.0,1
84889,15,5.082671957671958,552.3333333333334,591.3333333333334,0.4,1.2,0.0,1
84917,9,5.015656565656566,471.44444444444446,530.7777777777778,0.1111111111111111,1.2222222222222223,0.0,1
84918,5,5.372222222222222,540.6,536.4,6.2,4.8,0.0,1
84927,7,3.5014172335600904,451.4285714285714,490.7142857142857,1.5714285714285714,6.0,0.0,1
84957,10,2.6145697603050544,491.5,479.5,0.2,0.7,0.0,1
84958,5,2.6871794871794874,409.4,427.0,0.0,0.0,0.0,1
84974,14,3.664610389610389,365.5,384.6428571428572,0.0714285714285714,0.6428571428571429,0.0714285714285714,0
85006,6,2.875,298.8333333333333,340.0,2.6666666666666665,7.333333333333333,0.0,1
85029,7,3.885487528344672,319.57142857142856,345.42857142857144,6.428571428571429,3.4285714285714284,0.0,1
85071,10,2.033768674136321,399.5,441.2,0.1,0.6,0.0,1
85090,5,2.552063492063492,415.6,421.6,4.8,12.6,0.0,1
85160,6,4.147354497354497,381.0,416.0,0.0,0.0,0.0,1
85221,9,2.966249799583133,440.1111111111111,439.77777777777777,0.4444444444444444,2.0,0.0,1
85222,6,1.3844994058229352,309.6666666666667,321.8333333333333,0.0,0.0,0.0,1
85260,6,2.764935064935065,410.0,450.0,2.1666666666666665,3.0,0.1666666666666666,0
85261,13,3.701327838827839,462.2307692307692,495.38461538461536,0.4615384615384615,1.6153846153846154,0.0,1
85275,10,2.1465151515151515,371.1,366.4,0.1,1.0,0.1,0
85287,7,2.083269671504965,386.4285714285714,394.0,0.2857142857142857,2.2857142857142856,0.0,1
85288,12,2.870561763944117,389.9166666666667,436.3333333333333,0.8333333333333334,3.1666666666666665,0.0,1
85289,10,4.951932560903149,463.5,509.7,2.0,10.5,0.0,1
85315,7,3.15238416554206,497.2857142857143,558.8571428571429,0.7142857142857143,8.0,0.0,1
85324,5,2.7680555555555557,305.6,368.6,0.0,0.0,0.4,0
85326,5,3.928333333333333,444.4,517.2,0.0,0.0,0.2,0
85328,6,2.625915750915751,358.1666666666667,414.3333333333333,0.1666666666666666,0.5,0.0,1
85329,6,5.684065934065934,467.0,572.1666666666666,0.8333333333333334,7.333333333333333,0.0,1
85332,5,4.117878787878788,382.4,432.4,1.0,4.8,0.0,1
85401,9,2.791737891737892,528.3333333333334,583.7777777777778,0.7777777777777778,4.0,0.0,1
85427,7,2.9859148787720216,386.7142857142857,436.4285714285714,0.5714285714285714,5.428571428571429,0.0,1
85437,10,1.953071928071928,459.0,445.3,0.3,0.5,0.0,1
85449,5,2.5,490.6,548.4,12.0,2.4,0.0,1
85501,5,5.304615384615385,449.2,497.6,0.6,8.4,0.0,1
85578,6,2.1820707070707077,376.0,409.5,0.0,0.0,0.0,1
85583,11,4.2388134592680045,516.2727272727273,504.6363636363636,0.6363636363636364,1.0909090909090908,0.0,1
85669,5,2.706212121212121,454.8,472.6,1.8,3.6,0.2,0
85720,6,4.933333333333334,422.6666666666667,453.0,3.333333333333333,4.666666666666667,0.0,1
85721,6,1.826899951899952,446.6666666666667,446.1666666666667,8.5,1.0,0.0,1
85733,5,7.3240093240093245,571.2,592.8,3.4,14.4,0.0,1
85793,9,1.7165242165242165,280.6666666666667,299.22222222222223,0.0,0.0,0.0,1
85798,5,2.822366522366522,474.4,516.6,1.4,3.6,0.0,1
85808,5,4.526984126984127,428.2,465.6,0.8,11.6,0.0,1
85910,5,1.847532467532468,451.6,424.4,0.4,1.2,0.0,1
85919,5,1.993831168831169,383.8,463.6,0.2,1.2,0.0,1
85983,5,2.181794871794872,328.0,338.4,1.4,0.8,0.0,1
86039,5,3.7623809523809526,397.0,449.4,0.6,9.2,0.0,1
86047,5,1.8806302521008404,284.6,357.0,1.4,3.2,0.0,1
86058,5,2.3722222222222222,403.8,408.0,0.2,1.4,0.0,1
86123,10,2.1623970473970475,369.3,432.0,1.2,3.5,0.0,1
86134,5,1.7127272727272724,337.0,373.0,0.2,3.0,0.0,1
86135,5,3.2088888888888887,539.0,561.8,0.2,2.2,0.0,1
86158,5,2.099157509157509,332.4,349.0,0.4,1.0,0.0,1
86230,9,4.075834350834351,481.55555555555554,538.1111111111111,3.0,3.555555555555556,0.0,1
86232,5,4.971904761904762,597.8,520.0,7.6,6.6,0.0,1
86247,5,2.1344444444444446,434.6,490.0,4.2,8.4,0.0,1
86266,6,2.6925925925925926,404.6666666666667,342.8333333333333,0.5,1.3333333333333333,0.1666666666666666,0
86283,5,2.23170359052712,347.2,363.6,4.6,12.0,0.0,1
86310,8,3.557386363636364,556.875,641.0,0.125,1.375,0.125,0
86337,5,1.434965034965035,391.2,403.0,1.2,4.8,0.0,1
86358,9,3.593795093795093,476.55555555555554,428.77777777777777,1.5555555555555556,1.3333333333333333,0.1111111111111111,0
86361,9,3.487469937469937,387.1111111111111,418.8888888888889,0.4444444444444444,2.111111111111111,0.0,1
86365,6,5.103174603174604,418.8333333333333,496.6666666666667,1.5,0.8333333333333334,0.0,1
86390,9,2.480246913580247,378.6666666666667,373.77777777777777,2.888888888888889,3.111111111111111,0.0,1
86393,5,1.6139122315592904,356.0,368.6,0.0,0.0,0.2,0
86411,9,3.27738791423002,369.3333333333333,390.6666666666667,1.4444444444444444,4.333333333333333,0.0,1
86412,5,7.664285714285714,459.6,543.2,1.8,4.8,0.0,1
86413,5,5.735454545454546,529.6,540.4,0.8,2.8,0.0,1
86437,6,4.657051282051282,552.6666666666666,541.8333333333334,1.8333333333333333,4.666666666666667,0.0,1
86519,5,3.9333333333333336,486.4,520.0,0.0,0.0,0.2,0
86520,7,6.401434676434676,376.2857142857143,410.0,0.5714285714285714,1.1428571428571428,0.0,1
86584,7,3.920531849103278,472.4285714285714,462.7142857142857,9.571428571428571,10.0,0.0,1
86635,11,4.703443526170799,508.45454545454544,429.8181818181818,0.2727272727272727,3.636363636363636,0.0,1
86638,11,8.025079465988556,538.0909090909091,554.6363636363636,3.8181818181818175,8.0,0.0,1
86639,5,2.9746608946608943,378.6,360.6,0.0,0.0,0.0,1
86666,5,2.29030303030303,421.8,417.8,5.6,6.0,0.0,1
86672,5,1.9946969696969696,490.2,528.0,0.6,3.2,0.0,1
86673,5,1.5047902097902095,439.0,466.8,1.2,7.6,0.0,1
86697,8,3.1590277777777778,292.375,303.25,0.0,0.0,0.0,1
86700,8,4.036858974358975,505.5,557.75,1.75,2.25,0.0,1
86704,5,2.944949494949495,403.2,423.8,0.6,1.6,0.0,1
86784,5,2.9153679653679654,258.6,267.2,0.2,1.2,0.0,1
86785,8,2.7370670995671,293.75,299.0,0.0,0.0,0.0,1
86790,6,1.8217592592592595,335.8333333333333,348.6666666666667,2.333333333333333,8.666666666666666,0.0,1
86802,5,1.9625396825396824,322.8,394.0,0.6,1.6,0.0,1
86812,6,1.724386724386724,354.1666666666667,356.0,6.333333333333333,3.0,0.0,1
86846,5,1.9066666666666667,282.0,285.2,2.2,9.0,0.0,1
86849,6,3.603205128205128,442.5,500.8333333333333,1.6666666666666667,1.3333333333333333,0.0,1
86853,5,1.673015873015873,402.8,446.6,0.4,2.8,0.0,1
86891,10,4.459701213818861,424.3,444.7,0.3,1.4,0.0,1
86961,6,3.4416666666666664,384.1666666666667,393.6666666666667,0.0,0.0,0.0,1
86979,12,5.406868825618826,465.8333333333333,569.0,0.6666666666666666,1.75,0.0,1
87042,6,2.088131313131313,354.8333333333333,383.1666666666667,3.0,8.0,0.0,1
87048,5,1.7197402597402598,343.6,376.0,0.0,0.0,0.0,1
87087,5,1.775033936651584,389.4,404.6,1.2,6.6,0.0,1
87186,5,4.224242424242425,443.0,491.6,2.6,1.6,0.0,1
87193,9,2.396974630307964,407.3333333333333,451.8888888888889,0.1111111111111111,1.0,0.0,1
87200,12,2.459783966033966,390.3333333333333,459.9166666666667,1.8333333333333333,7.5,0.0,1
87201,11,3.315535222353404,515.9090909090909,523.9090909090909,0.0909090909090909,0.8181818181818182,0.0,1
87228,7,1.5938221442423122,339.7142857142857,395.7142857142857,0.1428571428571428,1.8571428571428568,0.2857142857142857,0
87229,9,2.17636684303351,360.6666666666667,434.22222222222223,0.2222222222222222,0.8888888888888888,0.1111111111111111,0
87230,5,2.1491122766122763,404.0,431.8,0.0,0.0,0.0,1
87241,5,2.907380952380952,361.8,347.8,0.0,0.0,0.0,1
87297,5,1.4066666666666667,501.4,584.0,1.8,2.2,0.0,1
87356,10,3.338939393939394,547.9,509.9,0.6,0.6,0.0,1
87362,6,1.186790986790987,402.1666666666667,441.0,0.0,0.0,0.0,1
87403,8,2.254035547785548,324.625,347.25,1.75,8.75,0.0,1
87404,6,3.406944444444445,415.0,460.1666666666667,0.0,0.0,0.0,1
87426,5,2.391111111111111,353.6,353.0,1.0,0.8,0.0,1
87455,5,1.7235209235209237,350.2,419.6,1.2,1.2,0.0,1
87456,6,2.540488215488216,394.5,457.3333333333333,11.333333333333334,1.5,0.0,1
87467,11,3.2241309195854653,431.0,483.54545454545456,0.0909090909090909,0.1818181818181818,0.0,1
87468,7,2.2400742115027827,383.4285714285714,378.4285714285714,10.142857142857142,8.428571428571429,0.0,1
87471,7,4.179808286951144,472.8571428571428,482.2857142857143,1.2857142857142858,3.857142857142857,0.0,1
87492,7,3.945436507936509,379.0,362.0,0.0,0.0,0.0,1
87503,10,1.5153186274509802,365.2,393.6,1.7,5.4,0.0,1
87516,5,3.159004329004329,516.6,574.8,0.8,6.8,0.0,1
87541,5,3.796410256410256,273.4,309.6,1.2,3.2,0.0,1
87559,6,3.2375000000000003,384.3333333333333,418.3333333333333,0.3333333333333333,1.3333333333333333,0.0,1
87560,6,1.6070473644003058,326.1666666666667,339.5,0.0,0.0,0.0,1
87590,5,3.046837606837607,497.4,588.0,1.2,1.6,0.0,1
87654,5,1.3634920634920635,325.2,340.6,0.2,1.0,0.0,1
87678,6,2.0428571428571427,466.3333333333333,518.5,1.1666666666666667,7.0,0.0,1
87704,5,8.885714285714286,562.4,581.2,1.0,2.0,0.0,1
87705,5,3.4904761904761905,339.8,320.2,3.4,3.6,0.0,1
87759,5,6.65,647.4,744.4,0.4,1.4,0.0,1
87794,5,3.4933333333333336,484.4,450.4,1.8,2.4,0.0,1
87796,6,3.764880952380953,398.5,436.5,1.8333333333333333,5.333333333333333,0.0,1
87816,5,2.4845238095238096,440.0,440.2,1.0,3.4,0.2,0
87889,5,6.508571428571429,487.6,430.8,3.6,2.0,0.2,0
87924,5,1.753939393939394,458.6,460.4,4.0,4.0,0.0,1
87951,5,2.108888888888889,433.4,464.4,1.2,4.8,0.0,1
87953,7,7.076190476190476,490.4285714285714,520.4285714285714,1.7142857142857142,2.2857142857142856,0.0,1
87986,8,1.903183621933622,374.875,383.5,1.75,5.5,0.0,1
88028,5,3.668181818181818,347.2,341.2,1.0,1.0,0.0,1
88046,6,2.776997920380273,322.1666666666667,380.0,1.5,7.0,0.0,1
88047,6,2.6660052910052907,479.3333333333333,536.1666666666666,0.3333333333333333,4.333333333333333,0.0,1
88110,5,6.5,578.0,619.2,0.2,1.6,0.0,1
88128,5,2.6029411764705883,435.8,453.8,9.4,8.8,0.2,0
88290,7,2.121315192743764,380.7142857142857,396.4285714285714,2.7142857142857144,8.571428571428571,0.0,1
88301,10,3.7132756132756137,383.7,393.3,0.7,4.5,0.0,1
88307,5,3.8925396825396814,517.0,543.4,2.6,4.2,0.0,1
88323,8,3.000378787878788,356.0,404.625,0.25,3.0,0.0,1
88338,5,3.2079292929292933,519.6,472.2,0.0,0.0,0.0,1
88379,5,3.453888888888889,387.4,474.0,0.8,1.8,0.0,1
88400,5,3.009358974358974,459.4,538.0,0.0,0.0,0.0,1
88401,5,2.621666666666667,376.4,457.8,2.2,4.8,0.0,1
88430,8,3.482332516339869,335.25,346.0,14.0,2.0,0.0,1
88431,9,3.822474747474748,414.55555555555554,460.0,4.111111111111111,2.7777777777777777,0.1111111111111111,0
88443,5,2.562247474747475,498.2,488.6,0.6,1.4,0.0,1
88462,5,3.4607142857142854,423.0,444.8,3.2,7.4,0.0,1
88485,8,2.0723651960784317,316.625,265.625,0.25,0.75,0.0,1
88499,5,2.107222222222222,400.8,417.2,1.8,5.2,0.0,1
88531,5,3.0543900543900544,381.0,417.0,0.0,0.0,0.0,1
88537,11,2.7496753246753247,350.45454545454544,400.45454545454544,0.4545454545454545,2.5454545454545454,0.0,1
88552,5,4.390000000000001,431.0,472.0,0.0,0.0,0.0,1
88563,5,3.602777777777778,554.6,557.8,4.6,3.6,0.2,0
88621,8,3.5021303258145364,566.375,580.875,1.125,2.25,0.0,1
88622,5,5.08,530.2,488.6,0.6,1.2,0.0,1
88766,8,1.502251221001221,363.0,418.125,1.25,6.0,0.0,1
88785,6,3.452861952861953,592.5,586.8333333333334,0.5,1.5,0.0,1
88787,6,2.3734126984126984,428.5,428.6666666666667,0.3333333333333333,1.0,0.0,1
88799,10,8.438333333333333,772.3,833.6,0.3,0.8,0.0,1
88846,9,5.476190476190476,420.8888888888889,484.8888888888889,0.6666666666666666,3.888888888888889,0.0,1
88854,6,2.0903078403078403,504.5,533.1666666666666,0.6666666666666666,2.333333333333333,0.0,1
88863,6,5.716269841269842,529.0,581.0,1.0,6.0,0.0,1
88971,6,5.062301587301588,665.0,722.8333333333334,0.0,0.0,0.0,1
89026,7,2.760119047619048,388.8571428571428,354.0,0.4285714285714285,2.0,0.0,1
89068,6,2.5365079365079364,462.8333333333333,487.3333333333333,0.5,1.5,0.0,1
89069,7,3.0732993197278917,426.2857142857143,439.0,0.2857142857142857,1.1428571428571428,0.0,1
89079,6,2.441468253968254,385.1666666666667,432.0,1.3333333333333333,1.6666666666666667,0.0,1
89080,8,1.6082678351060704,404.125,427.5,2.5,2.25,0.0,1
89089,17,2.149006875477464,393.9411764705882,413.3529411764706,0.1764705882352941,0.7058823529411765,0.0,1
89114,6,2.202290764790765,280.5,336.5,0.3333333333333333,3.5,0.0,1
89131,5,2.780777555777556,425.6,461.8,3.0,1.6,0.0,1
89172,5,1.90753663003663,433.0,470.0,1.6,3.6,0.0,1
89235,5,8.599761904761905,447.0,526.2,2.6,8.0,0.0,1
89271,6,3.25,394.6666666666667,477.8333333333333,1.5,1.0,0.0,1
89287,12,3.6643097643097646,472.8333333333333,548.9166666666666,4.916666666666667,4.25,0.0,1
89294,6,2.109259259259259,364.6666666666667,385.0,0.3333333333333333,3.333333333333333,0.0,1
89312,5,2.642857142857143,458.6,444.4,2.0,2.4,0.0,1
89332,5,1.803095238095238,283.4,346.2,1.8,6.4,0.0,1
89337,5,5.111666666666666,693.8,681.0,3.8,1.6,0.0,1
89346,5,5.437142857142857,445.2,466.8,3.6,18.0,0.0,1
89482,5,3.8977622377622376,427.6,456.8,4.6,6.0,0.0,1
89511,19,2.7267897307370994,495.05263157894734,525.1578947368421,1.2105263157894737,1.5789473684210529,0.0526315789473684,0
89514,6,2.0915889665889664,354.8333333333333,387.3333333333333,4.5,5.0,0.0,1
89516,11,3.840873015873016,467.0,521.9090909090909,0.4545454545454545,2.5454545454545454,0.0,1
89517,8,1.6483270202020202,246.875,265.625,0.875,2.0,0.0,1
89518,5,3.1166666666666667,329.2,379.8,1.2,12.6,0.0,1
89617,5,2.492857142857143,355.0,400.0,0.0,0.0,0.0,1
89622,8,5.154446248196248,390.875,438.75,0.25,1.5,0.0,1
89623,8,4.222222222222222,400.75,459.75,0.625,3.0,0.0,1
89624,8,6.1032738095238095,340.875,412.875,2.375,5.0,0.0,1
89656,7,3.999991674991675,451.7142857142857,439.4285714285714,0.2857142857142857,1.1428571428571428,0.1428571428571428,0
89666,7,2.432234432234432,412.4285714285714,419.0,1.7142857142857142,8.857142857142858,0.0,1
89667,8,6.661778846153846,495.25,575.5,0.0,0.0,0.0,1
89671,5,2.3084415584415585,346.4,374.2,0.0,0.0,0.0,1
89689,6,2.355555555555556,337.6666666666667,393.1666666666667,1.0,2.6666666666666665,0.0,1
89712,5,3.199365079365079,481.6,500.8,1.0,10.2,0.0,1
89758,6,1.739691027926322,316.5,324.0,1.8333333333333333,1.0,0.0,1
89834,6,3.4019230769230773,440.5,465.5,0.0,0.0,0.0,1
89836,6,4.038888888888889,405.3333333333333,418.1666666666667,1.5,2.0,0.0,1
89886,5,2.078809523809524,483.2,525.8,4.6,5.4,0.0,1
89935,5,2.2211904761904764,418.8,432.2,0.8,4.4,0.0,1
89995,5,2.457692307692308,419.2,457.0,0.0,0.0,0.0,1
90000,6,1.5652777777777775,409.1666666666667,442.8333333333333,0.5,3.333333333333333,0.0,1
90011,6,1.8181360306360304,428.1666666666667,413.3333333333333,1.3333333333333333,7.666666666666667,0.0,1
90012,7,5.634183673469388,404.57142857142856,404.57142857142856,0.1428571428571428,0.5714285714285714,0.0,1
90073,8,4.444171626984127,521.875,560.25,0.25,1.375,0.0,1
90097,8,4.351438492063492,458.625,524.125,3.625,2.625,0.0,1
90109,14,1.9168625025767885,410.2857142857143,470.4285714285714,0.9285714285714286,2.0,0.0,1
90138,5,2.5137012987012985,373.0,406.4,0.0,0.0,0.2,0
90143,5,1.7269841269841268,335.8,379.6,0.4,1.6,0.0,1
90182,5,2.185714285714286,361.0,340.4,1.0,1.2,0.0,1
90189,5,3.4799999999999995,375.0,400.6,1.6,4.0,0.0,1
90256,6,3.0408549783549788,454.3333333333333,465.5,0.5,2.0,0.0,1
90276,5,4.199603174603174,328.8,291.4,5.8,16.0,0.0,1
90278,5,2.9433333333333334,380.2,390.8,0.6,10.8,0.0,1
90283,5,3.66,533.6,544.4,2.8,1.2,0.0,1
90309,6,5.322916666666667,415.6666666666667,429.1666666666667,1.5,1.1666666666666667,0.0,1
90361,6,1.116324307500778,307.6666666666667,353.0,0.5,1.3333333333333333,0.1666666666666666,0
90369,8,3.025545634920635,355.75,398.25,0.0,0.0,0.0,1
90393,5,2.8,423.2,368.0,2.0,1.6,0.0,1
90439,5,3.428333333333333,391.6,400.2,0.0,0.0,0.0,1
90469,5,3.833015873015873,486.4,513.4,1.2,7.2,0.0,1
90506,5,3.033333333333333,464.6,457.2,1.0,2.4,0.0,1
90514,7,2.515044479330194,303.2857142857143,312.57142857142856,0.1428571428571428,1.1428571428571428,0.0,1
90528,8,3.215909090909091,432.75,436.25,1.0,0.5,0.0,1
90532,6,5.439087301587303,489.3333333333333,440.3333333333333,4.5,6.0,0.0,1
90559,6,4.002777777777777,459.5,490.8333333333333,0.1666666666666666,2.833333333333333,0.0,1
90575,5,1.2606060606060605,280.2,320.8,0.0,0.0,0.0,1
90607,5,4.310897435897436,500.0,520.2,6.4,7.0,0.0,1
90647,5,1.454981684981685,334.8,316.8,2.2,5.0,0.0,1
90654,5,1.7830303030303027,327.0,364.6,3.4,2.8,0.0,1
90701,13,4.620604395604396,404.84615384615387,507.46153846153845,0.2307692307692307,2.3076923076923075,0.0769230769230769,0
90706,8,2.064741161616161,349.5,370.375,0.875,3.375,0.0,1
90711,5,4.3966666666666665,536.4,616.4,1.6,14.0,0.0,1
90712,6,2.519047619047619,359.0,398.6666666666667,1.1666666666666667,7.5,0.0,1
90793,6,2.9448412698412696,296.8333333333333,325.1666666666667,5.833333333333333,18.0,0.0,1
90796,5,2.8089285714285714,305.2,406.2,0.0,0.0,0.0,1
90841,5,1.7919047619047617,353.4,388.6,0.2,0.8,0.0,1
90843,5,2.5897619047619047,343.4,382.4,1.2,6.6,0.0,1
90898,5,2.6162538699690403,464.8,536.4,2.0,0.8,0.0,1
90899,8,2.76071047008547,330.875,389.625,0.875,8.25,0.0,1
90932,11,2.8865800865800866,322.45454545454544,343.1818181818182,0.2727272727272727,4.0,0.0,1
90937,5,2.476839826839827,463.0,528.0,0.4,2.8,0.0,1
90978,5,3.1441558441558444,354.4,419.0,0.4,2.6,0.0,1
91002,5,1.448888888888889,316.4,308.0,0.0,0.0,0.0,1
91035,6,2.6888888888888887,397.0,418.0,2.333333333333333,4.5,0.1666666666666666,0
91052,5,3.538095238095238,593.0,624.2,0.4,0.6,0.0,1
91106,5,1.952877122877123,460.4,452.0,1.8,7.8,0.0,1
91134,6,1.806307118807119,377.8333333333333,395.5,0.1666666666666666,0.8333333333333334,0.0,1
91139,5,1.87,368.6,382.8,0.2,0.6,0.0,1
91212,5,2.16698752228164,311.2,343.0,0.8,5.6,0.2,0
91214,5,2.414025974025974,455.0,484.2,0.6,0.8,0.0,1
91228,5,2.200396825396825,441.2,461.2,1.0,3.6,0.0,1
91248,5,1.9866666666666668,437.6,541.4,0.2,0.4,0.0,1
91286,7,1.942743764172336,334.85714285714283,354.2857142857143,1.4285714285714286,5.714285714285714,0.0,1
91300,6,3.594973544973545,351.6666666666667,389.8333333333333,0.3333333333333333,0.8333333333333334,0.0,1
91309,6,2.685515873015873,352.1666666666667,364.1666666666667,0.1666666666666666,3.333333333333333,0.3333333333333333,0
91338,8,2.0009920634920637,264.375,279.5,1.25,1.875,0.0,1
91414,6,2.7247474747474745,479.8333333333333,511.5,0.3333333333333333,1.1666666666666667,0.0,1
91603,8,1.4801014957264955,334.75,380.625,0.875,3.0,0.0,1
91604,6,2.464285714285714,413.8333333333333,487.8333333333333,1.8333333333333333,11.166666666666666,0.0,1
91605,11,2.307655238403901,584.9090909090909,478.7272727272728,0.0909090909090909,1.0,0.1818181818181818,0
91621,6,2.7267269767269764,340.0,433.5,1.6666666666666667,4.5,0.0,1
91622,6,2.58063973063973,354.8333333333333,425.3333333333333,2.333333333333333,6.5,0.0,1
91623,6,5.2728174603174605,594.5,645.0,3.0,1.6666666666666667,0.0,1
91627,7,2.4733766233766232,474.0,482.7142857142857,3.7142857142857135,2.0,0.1428571428571428,0
91655,5,2.131818181818182,405.0,435.4,0.2,2.6,0.0,1
91724,5,2.8606060606060604,408.8,428.8,11.2,4.2,0.0,1
91744,8,3.046956168831169,538.125,545.625,0.5,1.75,0.0,1
91787,5,3.465555555555556,542.6,607.2,0.8,2.4,0.0,1
91794,6,2.948569023569024,431.3333333333333,476.1666666666667,0.5,2.333333333333333,0.0,1
91795,6,3.925,520.5,611.5,0.1666666666666666,2.0,0.0,1
91797,17,2.4909727527374588,415.5882352941176,436.2941176470589,2.7058823529411766,10.058823529411764,0.0588235294117647,0
91803,6,2.2500624375624376,429.3333333333333,443.8333333333333,0.0,0.0,0.0,1
91852,5,1.6024009324009325,417.0,433.4,0.2,2.4,0.0,1
91912,6,1.9316442816442816,426.1666666666667,363.5,2.6666666666666665,2.0,0.1666666666666666,0
91974,5,5.0277622377622375,437.2,464.0,7.2,0.8,0.0,1
91984,7,1.9344052772624205,353.57142857142856,352.42857142857144,1.1428571428571428,3.4285714285714284,0.0,1
91989,7,1.6791383219954648,376.2857142857143,410.7142857142857,1.1428571428571428,0.8571428571428571,0.0,1
92008,6,5.275,540.6666666666666,562.8333333333334,0.3333333333333333,3.6666666666666665,0.0,1
92016,6,1.8657407407407407,401.0,422.8333333333333,0.1666666666666666,1.3333333333333333,0.0,1
92029,6,3.322619047619048,410.3333333333333,437.1666666666667,0.0,0.0,0.0,1
92034,8,3.481200396825397,455.125,471.0,0.25,1.75,0.0,1
92050,6,2.4708333333333337,501.3333333333333,477.3333333333333,1.3333333333333333,2.6666666666666665,0.1666666666666666,0
92094,6,1.946794871794872,287.0,355.5,0.1666666666666666,1.3333333333333333,0.0,1
92112,5,2.4427777777777777,337.8,376.0,0.0,0.0,0.0,1
92237,15,2.786345136345136,532.4,562.7333333333333,0.2666666666666666,0.9333333333333332,0.0,1
92238,21,3.970772349343778,439.1428571428572,497.5238095238095,0.0476190476190476,0.0952380952380952,0.0476190476190476,0
92243,6,3.8880050505050505,462.5,492.6666666666667,3.5,2.333333333333333,0.0,1
92283,5,1.555952380952381,328.0,323.6,4.0,4.2,0.0,1
92391,5,9.213333333333336,817.4,735.0,0.0,0.0,0.0,1
92429,9,2.891547958214625,376.0,450.0,0.4444444444444444,1.3333333333333333,0.0,1
92492,5,2.3866666666666667,400.0,432.2,1.8,2.4,0.0,1
92657,5,2.5735042735042737,441.0,421.8,1.0,6.0,0.0,1
92713,7,2.9259070294784584,468.4285714285714,465.4285714285714,0.8571428571428571,5.142857142857143,0.0,1
92714,6,0.9859487734487736,332.5,337.5,0.5,4.666666666666667,0.0,1
92743,5,3.3952380952380947,383.2,378.6,0.2,0.8,0.2,0
92791,9,1.8543169793169796,314.22222222222223,332.0,0.1111111111111111,2.333333333333333,0.0,1
92852,5,9.256666666666668,439.0,506.8,0.6,0.8,0.0,1
92853,5,2.569523809523809,444.8,407.4,0.0,0.0,0.0,1
92867,10,2.7511976911976914,348.2,403.7,0.1,0.4,0.1,0
92884,7,4.478571428571429,420.57142857142856,416.8571428571428,0.0,0.0,0.0,1
92885,7,12.761904761904765,739.2857142857143,735.8571428571429,0.4285714285714285,0.5714285714285714,0.0,1
92924,11,2.660858585858586,323.3636363636364,374.27272727272725,0.6363636363636364,9.545454545454543,0.0,1
92975,5,3.253910533910534,434.8,485.0,1.4,2.8,0.0,1
92976,5,1.5699999999999998,263.6,347.2,0.4,1.4,0.0,1
92997,8,2.2408071095571094,415.375,404.75,7.875,3.75,0.0,1
93095,5,1.701010101010101,460.2,515.4,0.0,0.0,0.0,1
93096,5,1.7681718281718282,343.4,372.2,0.0,0.0,0.0,1
93097,5,1.643333333333333,348.0,383.8,0.0,0.0,0.0,1
93162,5,1.5995670995670994,337.4,332.0,0.0,0.0,0.0,1
93194,7,1.436734693877551,301.0,323.2857142857143,0.7142857142857143,1.1428571428571428,0.0,1
93206,14,3.0625,447.7142857142857,435.8571428571428,0.3571428571428571,3.2142857142857144,0.0,1
93269,7,5.268398268398268,459.1428571428572,498.2857142857143,0.0,0.0,0.0,1
93289,7,3.1025224775224776,461.2857142857143,440.0,1.4285714285714286,3.7142857142857135,0.0,1
93302,5,3.1277777777777778,381.2,454.8,1.8,2.0,0.0,1
93371,7,2.2532261389404247,382.7142857142857,428.0,0.4285714285714285,0.5714285714285714,0.1428571428571428,0
93374,5,2.367676767676768,405.4,389.0,0.2,3.4,0.0,1
93509,7,1.9800247371675943,349.1428571428572,371.2857142857143,0.1428571428571428,0.7142857142857143,0.1428571428571428,0
93548,6,1.7319444444444445,442.6666666666667,462.5,4.666666666666667,14.333333333333334,0.0,1
93617,6,3.242094017094017,498.5,528.5,0.0,0.0,0.0,1
93793,5,4.052777777777778,505.0,522.4,0.0,0.0,0.0,1
93877,7,2.377551020408163,373.57142857142856,420.2857142857143,0.5714285714285714,3.0,0.0,1
93893,6,3.0795634920634924,399.8333333333333,378.3333333333333,14.666666666666666,18.0,0.0,1
94021,5,1.5352380952380953,307.4,304.2,0.0,0.0,0.0,1
94022,5,3.154242424242424,527.6,544.6,1.8,4.8,0.2,0
94034,6,2.784722222222222,396.5,390.6666666666667,0.1666666666666666,1.3333333333333333,0.0,1
94051,6,1.3768518518518518,303.8333333333333,337.6666666666667,0.0,0.0,0.0,1
94084,18,2.766812191076897,352.8888888888889,377.1666666666667,1.8888888888888888,6.611111111111111,0.0,1
94172,7,2.305411255411255,387.2857142857143,396.8571428571428,0.4285714285714285,2.571428571428572,0.1428571428571428,0
94226,6,3.154761904761905,443.6666666666667,525.3333333333334,2.0,4.166666666666667,0.0,1
94231,5,3.9,415.2,531.6,1.2,5.6,0.0,1
94275,5,2.3324675324675326,335.6,396.6,2.2,7.0,0.0,1
94288,6,3.255555555555555,537.5,593.5,0.0,0.0,0.0,1
94318,5,1.5966233766233766,306.4,318.0,0.0,0.0,0.0,1
94364,8,3.6909722222222223,541.25,567.375,0.25,1.75,0.0,1
94443,5,3.309343434343434,381.6,406.0,0.4,0.8,0.0,1
94502,5,1.3822222222222222,265.0,245.2,0.2,1.6,0.0,1
94529,7,3.3773809523809524,326.0,366.8571428571428,1.0,1.7142857142857142,0.0,1
94553,7,5.990816326530612,471.57142857142856,463.4285714285714,0.7142857142857143,7.285714285714286,0.0,1
94595,5,4.51,454.2,485.4,4.8,4.2,0.0,1
94615,12,4.138888888888889,428.4166666666667,449.4166666666667,3.6666666666666665,5.0,0.0,1
94773,7,4.476082251082251,360.1428571428572,431.4285714285714,1.7142857142857142,5.142857142857143,0.0,1
94859,6,3.1417887667887663,304.0,339.0,0.3333333333333333,7.333333333333333,0.0,1
94883,6,2.8477870813397126,502.3333333333333,539.3333333333334,2.5,1.3333333333333333,0.0,1
94900,5,3.88,593.4,609.8,9.2,12.0,0.0,1
95011,7,3.377736549165121,510.57142857142856,532.2857142857143,1.7142857142857142,1.7142857142857142,0.0,1
95023,11,2.6368616232252595,278.72727272727275,321.6363636363636,6.545454545454546,7.181818181818182,0.0,1
95061,6,4.05897435897436,483.8333333333333,532.6666666666666,5.666666666666667,2.6666666666666665,0.0,1
95062,6,1.6733660130718953,297.8333333333333,346.8333333333333,0.1666666666666666,1.5,0.0,1
95066,15,1.8450570043991097,402.9333333333333,448.0,0.4,0.8,0.0,1
95070,5,2.102777777777778,336.8,390.4,1.8,16.0,0.0,1
95123,6,2.5324074074074074,319.8333333333333,327.3333333333333,0.1666666666666666,3.333333333333333,0.0,1
95124,7,4.884637188208616,353.85714285714283,368.7142857142857,0.5714285714285714,0.7142857142857143,0.0,1
95156,5,3.0743589743589745,478.8,521.6,6.4,4.8,0.0,1
95201,10,1.651677489177489,328.3,374.4,3.2,15.4,0.0,1
95202,10,2.6054292929292933,368.7,410.1,1.1,5.0,0.0,1
95225,10,2.899556277056277,411.1,426.3,0.5,4.6,0.0,1
95355,5,2.316666666666667,437.2,460.4,4.2,3.6,0.0,1
95397,6,2.28236531986532,287.0,303.6666666666667,0.6666666666666666,1.6666666666666667,0.0,1
95530,12,2.093188293188293,407.6666666666667,497.0,3.75,1.75,0.0,1
95545,6,5.708333333333333,366.0,340.1666666666667,5.5,5.5,0.0,1
95555,8,4.556994047619048,404.75,467.625,0.25,3.0,0.0,1
95681,5,4.032051282051283,516.4,582.0,0.4,1.6,0.0,1
95699,5,2.788484848484849,495.4,577.0,0.0,0.0,0.0,1
95816,7,1.8595761381475668,493.0,506.2857142857143,0.7142857142857143,1.8571428571428568,0.0,1
95843,5,1.780412087912088,348.8,392.8,0.0,0.0,0.0,1
95911,5,3.057171717171717,530.8,496.0,4.8,7.2,0.0,1
95984,5,3.4904761904761905,403.8,443.2,1.6,3.0,0.0,1
96031,12,3.8422487371016794,529.0,522.0,1.0,4.0,0.0,1
96042,7,2.1362193362193365,393.8571428571428,408.7142857142857,0.2857142857142857,2.7142857142857144,0.0,1
96115,8,1.5617108585858586,386.75,409.75,0.0,0.0,0.0,1
96116,9,7.861111111111111,553.7777777777778,541.2222222222222,0.6666666666666666,3.888888888888889,0.0,1
96118,8,1.9732142857142856,437.75,484.25,0.25,1.0,0.0,1
96127,7,2.882086167800453,466.1428571428572,479.57142857142856,0.2857142857142857,2.857142857142857,0.0,1
96178,9,2.1460437710437708,302.44444444444446,358.0,0.0,0.0,0.0,1
96179,7,2.774311006453864,422.4285714285714,444.7142857142857,0.7142857142857143,1.7142857142857142,0.0,1
96206,5,1.4345454545454546,416.6,424.2,0.0,0.0,0.0,1
96208,6,2.5885225885225887,396.8333333333333,471.8333333333333,0.5,9.0,0.0,1
96214,5,2.7766666666666664,313.2,328.4,1.4,2.2,0.0,1
96245,8,2.753658841158841,423.0,427.75,6.125,2.5,0.0,1
96273,10,1.9009269162210336,389.0,442.8,5.4,4.4,0.1,0
96279,5,4.273484848484848,275.4,327.2,0.4,6.8,0.0,1
96290,5,2.4603174603174605,318.4,327.0,1.0,2.4,0.0,1
96369,5,10.09142857142857,500.8,557.2,3.8,2.4,0.0,1
96395,14,2.609848484848485,394.57142857142856,454.7857142857143,1.6428571428571428,5.142857142857143,0.0,1
96468,5,2.802747252747253,418.8,407.0,1.4,1.6,0.0,1
96546,5,2.264545454545454,327.8,268.8,0.0,0.0,0.0,1
96587,5,9.383333333333333,581.2,599.6,5.6,2.0,0.0,1
96646,7,2.7615015936444505,446.7142857142857,491.57142857142856,0.1428571428571428,0.2857142857142857,0.0,1
96816,9,2.919349477682811,328.1111111111111,330.1111111111111,0.4444444444444444,4.666666666666667,0.0,1
96835,6,2.51003626003626,418.0,454.6666666666667,0.0,0.0,0.0,1
96837,5,3.6542857142857135,529.8,592.8,0.2,2.6,0.2,0
96917,6,1.8019272394272392,382.0,447.0,2.5,3.0,0.0,1
96921,5,4.482222222222222,416.2,478.2,0.8,2.4,0.0,1
97097,7,2.5615079365079367,393.7142857142857,483.8571428571428,0.1428571428571428,1.8571428571428568,0.0,1
97109,5,3.7226190476190473,369.2,419.8,0.2,2.2,0.0,1
97127,6,9.708333333333334,584.0,605.0,0.0,0.0,0.0,1
97337,5,2.087034632034632,368.8,383.0,0.0,0.0,0.0,1
97351,5,3.618571428571428,465.0,532.2,1.4,5.8,0.0,1
97359,7,5.893424036281179,453.4285714285714,450.8571428571428,0.5714285714285714,1.7142857142857142,0.0,1
97373,6,5.466666666666666,796.0,778.0,3.333333333333333,2.6666666666666665,0.0,1
97598,5,2.9557692307692305,560.8,523.4,8.8,10.4,0.0,1
97689,6,4.068013468013468,464.5,542.1666666666666,1.0,5.5,0.0,1
97757,5,1.4957875457875458,317.4,330.8,0.4,1.0,0.0,1
97810,6,4.689814814814814,487.1666666666667,518.1666666666666,0.0,0.0,0.0,1
97851,5,2.416666666666667,476.2,463.0,0.0,0.0,0.2,0
97876,10,2.4992647058823527,372.1,368.7,0.2,2.2,0.0,1
97958,5,7.123333333333333,545.4,590.6,4.4,4.0,0.0,1
97991,5,1.354945054945055,291.4,289.6,0.8,10.2,0.0,1
98193,5,2.896470588235294,400.2,392.4,1.4,2.4,0.0,1
98203,5,2.062987012987013,341.8,365.2,0.8,2.6,0.0,1
98238,7,3.5265306122448976,475.0,494.2857142857143,1.0,3.857142857142857,0.0,1
98331,5,3.107692307692308,602.8,698.8,0.2,1.8,0.0,1
98340,14,3.377465986394558,469.6428571428572,508.7142857142857,0.4285714285714285,3.142857142857143,0.0,1
98371,6,2.513553113553113,323.5,310.3333333333333,1.8333333333333333,5.333333333333333,0.0,1
98377,8,2.6042533855033856,478.625,505.75,0.0,0.0,0.0,1
98416,6,2.751335068440332,502.8333333333333,552.8333333333334,3.6666666666666665,10.0,0.0,1
98474,5,3.0795238095238098,376.0,433.4,3.2,2.0,0.0,1
98649,16,4.287594696969697,447.6875,545.9375,1.3125,3.5,0.0,1
98713,9,2.057483565816899,438.22222222222223,468.1111111111111,0.1111111111111111,0.4444444444444444,0.0,1
98718,5,6.304166666666667,592.4,586.8,0.8,3.2,0.0,1
98730,10,1.8268121661620116,416.3,406.3,7.1,8.4,0.0,1
98978,6,2.965734265734266,397.8333333333333,391.5,0.3333333333333333,1.0,0.1666666666666666,0
99038,5,3.305194805194805,491.2,467.4,0.2,3.8,0.0,1
99057,9,7.557275132275133,552.4444444444445,625.1111111111111,0.5555555555555556,8.444444444444445,0.0,1
99058,12,5.729100529100529,499.5833333333333,538.5,0.75,5.0,0.0,1
99059,10,6.884722222222223,363.4,405.9,0.3,1.2,0.0,1
99184,6,2.4040598290598294,417.1666666666667,514.3333333333334,2.333333333333333,7.333333333333333,0.0,1
99287,6,2.3856150793650794,414.1666666666667,528.3333333333334,0.8333333333333334,5.333333333333333,0.0,1
99324,12,1.9064218310928835,341.9166666666667,350.0,4.25,2.083333333333333,0.0,1
99350,5,1.0353535353535352,316.4,366.0,0.0,0.0,0.0,1
99495,5,2.579761904761905,319.6,356.2,2.0,11.6,0.0,1
99520,5,0.9466883116883118,257.2,301.0,0.4,2.0,0.0,1
99545,9,2.9981481481481485,405.0,438.44444444444446,0.5555555555555556,2.4444444444444446,0.0,1
99557,6,2.842857142857143,338.1666666666667,351.1666666666667,0.8333333333333334,2.5,0.0,1
99726,9,3.3996913580246915,467.55555555555554,459.22222222222223,0.0,0.0,0.0,1
99728,18,2.921801346801347,341.6111111111111,391.44444444444446,0.8333333333333334,11.22222222222222,0.0,1
99820,6,2.579082491582492,353.3333333333333,431.3333333333333,0.1666666666666666,1.3333333333333333,0.0,1
99915,6,2.672438672438673,322.6666666666667,381.5,3.6666666666666665,3.1666666666666665,0.0,1
99916,5,2.780555555555556,398.6,451.8,0.8,3.8,0.0,1
100055,5,2.2433239962651728,409.6,441.0,2.8,3.6,0.0,1
100075,5,5.428571428571429,519.2,539.2,6.2,7.2,0.2,0
100078,5,1.690909090909091,318.2,354.4,0.6,0.6,0.0,1
100103,6,2.266203703703704,433.1666666666667,446.3333333333333,0.3333333333333333,2.0,0.0,1
100189,9,4.126879910213244,570.7777777777778,592.3333333333334,1.6666666666666667,2.2222222222222223,0.0,1
100346,5,1.250845295055821,378.2,442.4,1.6,6.0,0.0,1
100381,8,2.931448412698413,298.5,321.875,0.125,2.125,0.0,1
100418,5,1.725897435897436,300.2,353.4,6.4,3.6,0.2,0
100420,5,1.918888888888889,339.8,329.0,0.4,1.0,0.2,0
100448,5,4.977272727272728,405.4,534.2,1.2,6.6,0.0,1
100458,7,3.3692640692640694,502.7142857142857,512.1428571428571,6.0,10.0,0.0,1
100702,5,1.480844155844156,306.4,309.8,0.2,1.4,0.0,1
100723,5,2.030982905982906,342.4,358.4,1.6,4.0,0.0,1
100790,7,4.097402597402597,452.2857142857143,488.0,0.1428571428571428,1.1428571428571428,0.0,1
100799,7,2.828499278499278,270.2857142857143,278.42857142857144,0.2857142857142857,1.8571428571428568,0.0,1
100875,14,3.3463798106655247,487.2857142857143,545.0714285714286,0.7142857142857143,0.8571428571428571,0.0,1
100915,8,2.369282106782107,377.25,403.875,0.0,0.0,0.0,1
100939,12,3.312560125060125,342.5833333333333,398.0833333333333,0.5,1.75,0.0,1
100958,6,3.791452991452992,377.5,392.1666666666667,0.0,0.0,0.0,1
101002,8,2.442135642135642,481.625,537.75,0.375,2.75,0.0,1
101030,6,2.295459850606909,460.1666666666667,542.5,1.3333333333333333,2.333333333333333,0.0,1
101081,5,3.545530492898913,493.8,526.0,0.6,0.6,0.0,1
101105,5,1.156969696969697,308.0,324.8,0.0,0.0,0.0,1
101177,5,2.184047619047619,397.0,499.2,0.6,3.2,0.0,1
101178,5,1.7736796536796535,405.2,450.6,0.0,0.0,0.0,1
101257,5,2.8466666666666667,497.6,550.8,0.0,0.0,0.0,1
101370,5,9.05968253968254,623.4,631.0,0.4,2.0,0.0,1
101473,7,5.428235653235653,440.57142857142856,495.8571428571428,0.1428571428571428,1.5714285714285714,0.0,1
101474,7,3.434910327767471,526.5714285714286,536.5714285714286,0.2857142857142857,0.8571428571428571,0.0,1
101504,8,4.689213564213564,406.875,490.75,1.0,1.125,0.0,1
101586,5,3.1420024420024424,293.6,283.8,7.6,4.8,0.0,1
101587,5,3.8987412587412575,424.8,413.0,0.8,1.2,0.0,1
101588,5,1.2658974358974358,309.0,328.2,3.2,1.6,0.0,1
101675,12,3.5826592389092387,372.4166666666667,413.0,2.0,1.3333333333333333,0.0,1
101688,6,2.147222222222222,388.3333333333333,404.3333333333333,0.1666666666666666,0.8333333333333334,0.0,1
101689,5,2.786666666666666,363.4,356.2,0.4,2.8,0.0,1
101706,5,3.2587445887445887,377.6,458.4,2.2,4.2,0.0,1
101716,14,2.2594322344322344,535.8571428571429,560.3571428571429,1.1428571428571428,3.142857142857143,0.0,1
101778,12,2.5296867484367485,343.5833333333333,346.1666666666667,0.1666666666666666,1.1666666666666667,0.0,1
101779,6,5.222222222222222,449.3333333333333,453.0,0.6666666666666666,2.6666666666666665,0.0,1
101993,5,4.456923076923077,418.2,418.2,0.4,1.4,0.0,1
102069,5,2.1444444444444444,353.8,432.8,0.0,0.0,0.0,1
102077,5,2.21,410.0,477.0,1.8,5.6,0.0,1
102080,5,5.147008547008547,443.8,485.2,0.0,0.0,0.0,1
102084,5,5.713939393939394,561.2,487.0,0.2,1.2,0.2,0
102127,6,1.798344017094017,356.0,386.0,0.0,0.0,0.0,1
102128,6,3.044047619047619,343.5,368.5,0.1666666666666666,2.5,0.0,1
102129,6,2.0643745143745145,405.1666666666667,428.6666666666667,0.1666666666666666,3.8333333333333335,0.0,1
102209,5,5.723809523809524,560.2,600.2,2.0,6.0,0.0,1
102221,5,2.7085714285714286,402.2,464.6,0.2,1.6,0.0,1
102255,5,0.9356060606060606,316.8,293.4,0.0,0.0,0.0,1
102326,8,2.434911616161616,340.375,376.875,0.0,0.0,0.0,1
102350,7,2.071794475365904,367.4285714285714,371.4285714285714,1.0,1.7142857142857142,0.0,1
102450,7,4.075641025641025,448.0,520.4285714285714,1.2857142857142858,1.2857142857142858,0.0,1
102461,5,5.372857142857143,658.2,749.8,0.8,1.4,0.0,1
102769,8,1.5149114774114774,300.5,319.625,0.5,2.75,0.0,1
102791,7,2.5789527932385075,432.1428571428572,486.1428571428572,0.5714285714285714,2.857142857142857,0.0,1
102792,10,1.913236208236208,374.2,385.9,0.9,1.0,0.0,1
102794,10,3.2080808080808083,350.2,368.9,0.8,1.2,0.0,1
102797,5,1.7825,331.6,346.0,6.4,3.6,0.0,1
102798,5,1.8266666666666669,393.2,382.8,0.4,4.2,0.0,1
102936,11,2.40126590581136,324.45454545454544,348.72727272727275,0.4545454545454545,1.0909090909090908,0.0,1
103066,5,2.7114285714285717,540.0,571.2,0.0,0.0,0.0,1
103115,8,3.5156475468975468,417.0,448.75,2.0,4.375,0.0,1
103253,5,2.3650815850815854,466.0,520.4,2.4,5.4,0.0,1
103268,6,3.0477952602952603,364.1666666666667,363.8333333333333,0.5,1.3333333333333333,0.0,1
103319,9,2.9117283950617283,354.44444444444446,388.44444444444446,2.4444444444444446,2.2222222222222223,0.0,1
103331,7,2.388888888888889,442.2857142857143,414.4285714285714,1.1428571428571428,7.285714285714286,0.0,1
103338,7,2.0427334570191715,420.7142857142857,404.2857142857143,0.0,0.0,0.0,1
103379,5,3.129689440993789,336.0,369.0,0.0,0.0,0.0,1
103440,11,3.0497966679784856,395.3636363636364,460.3636363636364,0.6363636363636364,1.4545454545454546,0.0,1
103500,6,2.0475961538461536,489.8333333333333,486.0,3.0,4.333333333333333,0.0,1
103527,5,2.516825396825397,471.6,558.8,0.0,0.0,0.0,1
103542,6,5.462962962962963,477.8333333333333,541.1666666666666,0.0,0.0,0.0,1
103566,5,1.537062937062937,284.8,283.0,0.6,5.6,0.0,1
103610,9,1.675925925925926,302.6666666666667,327.55555555555554,0.6666666666666666,4.0,0.0,1
103667,5,5.9695238095238095,414.6,454.6,4.6,2.0,0.0,1
103678,5,1.4339181286549707,326.2,371.6,1.4,4.4,0.0,1
103758,6,6.448412698412699,479.3333333333333,518.1666666666666,9.666666666666666,4.666666666666667,0.1666666666666666,0
103781,6,1.7968253968253969,359.0,308.5,0.0,0.0,0.0,1
103945,7,4.917120181405896,401.57142857142856,447.4285714285714,0.2857142857142857,1.1428571428571428,0.0,1
103946,7,3.6644664858950575,422.0,492.7142857142857,2.0,6.0,0.0,1
104079,5,3.3088235294117645,305.0,295.0,0.0,0.0,0.0,1
104080,5,3.6071428571428568,490.8,513.8,0.2,1.0,0.0,1
104192,6,2.337920875420876,336.0,355.1666666666667,0.5,11.5,0.0,1
104193,5,1.9858333333333331,327.0,345.6,0.4,2.8,0.0,1
104195,6,3.6534090909090913,540.6666666666666,571.5,0.3333333333333333,8.333333333333334,0.0,1
104230,6,2.494973544973545,436.0,445.3333333333333,0.1666666666666666,2.1666666666666665,0.1666666666666666,0
104264,9,3.1368022863120903,411.8888888888889,443.6666666666667,4.555555555555555,12.0,0.0,1
104265,9,4.421164021164021,473.3333333333333,501.22222222222223,0.0,0.0,0.1111111111111111,0
104415,13,2.974652697729621,372.46153846153845,438.46153846153845,0.3076923076923077,2.3076923076923075,0.0,1
104419,5,4.667373737373738,470.8,563.2,1.0,4.4,0.0,1
104420,5,3.353333333333333,441.2,471.2,2.2,2.8,0.0,1
104536,6,2.089277389277389,387.8333333333333,434.3333333333333,0.0,0.0,0.0,1
104600,5,3.0752380952380958,345.4,422.4,0.2,1.4,0.0,1
104658,14,1.54190293833151,316.2857142857143,317.5,0.6428571428571429,1.5714285714285714,0.0,1
104659,8,2.1822916666666665,361.625,371.625,1.625,3.0,0.0,1
104770,5,6.663203463203463,542.0,625.0,0.0,0.0,0.0,1
104774,5,3.425,584.4,610.6,4.2,4.8,0.0,1
104791,6,3.795634920634921,521.0,569.0,1.8333333333333333,5.833333333333333,0.0,1
104827,7,3.8928262213976494,590.0,557.7142857142857,2.7142857142857144,2.142857142857143,0.0,1
104852,8,2.336233211233212,401.25,442.25,14.125,5.25,0.0,1
104853,11,4.545808736717827,484.1818181818182,544.3636363636364,3.4545454545454546,9.454545454545457,0.0,1
104879,11,3.739678503314867,456.09090909090907,504.0,0.2727272727272727,1.4545454545454546,0.0,1
104988,5,2.040909090909091,223.4,218.2,6.0,3.6,0.4,0
104998,5,2.0525252525252524,306.6,352.4,1.0,3.6,0.0,1
105151,19,2.383204222677907,347.10526315789474,357.2105263157895,0.0526315789473684,0.1578947368421052,0.0,1
105165,5,2.5253030303030304,392.0,458.8,3.0,12.8,0.2,0
105210,5,0.8772893772893774,316.6,332.8,3.6,3.6,0.0,1
105228,5,2.837171717171717,353.8,384.0,0.6,5.6,0.0,1
105310,5,7.307878787878788,543.6,540.2,1.0,1.8,0.0,1
105372,5,3.572619047619048,356.0,332.8,0.2,1.2,0.2,0
105402,8,4.284126984126984,484.125,521.125,2.625,1.125,0.0,1
105535,10,1.717950937950938,447.9,496.9,1.6,5.5,0.0,1
105554,5,2.186004273504273,323.2,338.6,0.0,0.0,0.0,1
105581,5,4.450757575757576,512.8,564.0,2.6,5.6,0.0,1
105625,5,3.2125,465.4,433.2,5.4,5.4,0.0,1
105649,7,3.5972222222222223,342.0,359.0,0.0,0.0,0.0,1
105661,6,3.785912698412698,557.8333333333334,500.0,1.8333333333333333,8.166666666666666,0.0,1
105738,5,3.3314228255404728,502.2,527.6,8.6,2.4,0.0,1
105782,6,2.150956450956451,303.0,351.6666666666667,0.1666666666666666,2.5,0.0,1
105862,7,2.127056277056277,436.4285714285714,497.1428571428572,0.0,0.0,0.0,1
105885,5,4.113650793650794,505.2,506.2,0.2,1.4,0.0,1
105960,6,3.0197089947089952,365.0,449.6666666666667,1.6666666666666667,2.6666666666666665,0.0,1
105970,6,1.5613782051282052,360.1666666666667,378.0,1.1666666666666667,4.5,0.0,1
106023,10,2.909035409035409,534.8,569.3,0.0,0.0,0.0,1
106123,6,3.368722943722944,369.1666666666667,393.0,0.6666666666666666,1.6666666666666667,0.0,1
106152,5,4.096818181818182,450.6,514.2,0.4,12.0,0.0,1
106361,5,1.810767973856209,463.8,503.6,0.0,0.0,0.0,1
106365,5,1.1917171717171715,332.4,378.4,0.2,1.0,0.0,1
106373,15,2.066828900946548,425.4666666666666,510.06666666666666,1.0,1.6,0.0,1
106464,19,3.0234221918432445,373.8421052631579,380.3157894736842,0.2631578947368421,2.0526315789473686,0.0526315789473684,0
106535,5,2.948571428571429,293.6,339.8,0.2,3.2,0.0,1
106685,6,3.477777777777778,525.1666666666666,577.5,1.3333333333333333,9.333333333333334,0.0,1
106780,6,2.227777777777778,336.1666666666667,325.5,0.1666666666666666,2.333333333333333,0.0,1
106807,5,4.212698412698413,398.4,474.2,0.0,0.0,0.0,1
106844,20,2.5581511544011546,468.25,480.75,2.85,2.4,0.1,0
106875,6,3.5765873015873013,440.0,476.6666666666667,0.0,0.0,0.0,1
107036,5,1.484061200237671,371.0,393.4,2.4,4.8,0.0,1
107136,8,2.654166666666667,319.25,389.125,1.75,3.125,0.0,1
107137,13,3.8362026862026863,358.2307692307692,431.9230769230769,2.8461538461538463,7.0,0.0,1
107138,13,4.048382173382174,515.3076923076923,584.3076923076923,4.538461538461538,8.615384615384615,0.0,1
107174,9,2.9851851851851854,449.3333333333333,476.22222222222223,0.0,0.0,0.0,1
107189,7,1.3483335439438933,296.42857142857144,316.2857142857143,0.0,0.0,0.0,1
107214,7,1.847314986600701,323.42857142857144,381.4285714285714,0.0,0.0,0.0,1
107266,5,2.997692307692308,387.8,473.2,1.8,2.4,0.0,1
107273,5,2.6722179781003312,453.8,458.4,0.2,1.0,0.0,1
107317,6,2.1757936507936506,411.5,436.8333333333333,0.0,0.0,0.0,1
107343,6,2.425925925925926,317.1666666666667,363.6666666666667,2.6666666666666665,1.3333333333333333,0.0,1
107344,5,3.270555555555556,347.8,383.4,1.0,0.8,0.0,1
107345,5,5.799841269841269,558.0,610.2,0.4,3.2,0.0,1
107382,8,5.5465277777777775,452.625,540.375,0.375,2.5,0.0,1
107415,10,3.371363636363636,483.7,562.1,0.3,1.6,0.0,1
107450,8,7.083680555555556,553.375,541.375,0.125,0.875,0.0,1
107467,5,3.898809523809524,491.2,442.0,0.0,0.0,0.2,0
107487,6,2.1982142857142857,388.5,417.6666666666667,1.0,2.333333333333333,0.0,1
107510,10,4.049285714285714,536.8,564.2,0.2,1.4,0.0,1
107537,10,3.3301136363636368,516.2,531.4,1.7,4.2,0.0,1
107722,6,1.953102453102453,410.5,453.5,0.6666666666666666,16.666666666666668,0.0,1
107737,10,1.6647010016127664,379.8,413.3,5.5,13.6,0.0,1
107752,5,4.928571428571429,677.6,573.6,0.8,2.2,0.0,1
107790,6,1.8046544958309665,251.33333333333331,288.8333333333333,5.833333333333333,8.333333333333334,0.0,1
107791,13,3.111954711954712,498.3076923076923,585.0769230769231,1.5384615384615383,3.692307692307693,0.0,1
107842,8,6.13125,659.5,690.5,0.625,1.0,0.0,1
107844,9,2.4746472663139327,411.22222222222223,433.55555555555554,2.333333333333333,3.111111111111111,0.0,1
107893,5,1.9766233766233767,462.8,574.6,0.0,0.0,0.0,1
107976,12,1.8929022366522368,310.9166666666667,358.25,1.0833333333333333,0.5,0.0,1
107992,5,2.927350427350427,339.8,381.4,0.8,3.6,0.0,1
107999,5,1.8974458874458875,295.8,325.2,0.0,0.0,0.0,1
108000,6,5.116666666666666,477.0,507.8333333333333,0.0,0.0,0.0,1
108019,5,1.2100000000000002,306.0,339.0,0.2,2.6,0.0,1
108020,25,2.9142127872127874,487.68,529.32,2.48,7.04,0.04,0
108033,5,2.455151515151515,422.0,532.8,5.0,3.6,0.0,1
108035,14,2.1227799977799977,324.2142857142857,349.2857142857143,1.6428571428571428,2.142857142857143,0.1428571428571428,0
108112,5,3.2983333333333333,464.8,458.4,1.4,1.8,0.0,1
108192,6,1.4351851851851851,339.3333333333333,368.5,12.333333333333334,6.666666666666667,0.0,1
108377,5,1.714120879120879,471.6,526.0,1.0,1.4,0.0,1
108378,6,3.955555555555556,541.6666666666666,588.5,1.3333333333333333,6.0,0.0,1
108501,5,1.393939393939394,294.8,337.4,0.8,4.8,0.0,1
108543,10,2.046082251082251,385.6,407.7,0.2,0.6,0.0,1
108580,8,2.0094780219780217,382.875,440.75,0.375,1.75,0.0,1
108634,8,1.773036858974359,340.25,389.0,0.0,0.0,0.0,1
108725,9,6.594356261022927,392.8888888888889,405.6666666666667,0.5555555555555556,2.2222222222222223,0.0,1
108726,9,6.428395061728395,553.6666666666666,548.2222222222222,0.6666666666666666,3.7777777777777777,0.0,1
108727,8,3.1002705627705627,550.75,525.25,2.125,6.75,0.0,1
108728,9,6.509539842873177,351.44444444444446,354.44444444444446,0.4444444444444444,1.1111111111111112,0.0,1
108816,6,3.5666666666666664,384.5,432.0,0.0,0.0,0.0,1
108860,8,3.4921037296037296,596.125,561.125,0.125,0.625,0.125,0
108882,5,2.902197802197802,355.4,321.6,0.2,2.4,0.0,1
108904,5,1.9371428571428573,395.6,422.0,1.2,5.4,0.0,1
109002,11,2.3477272727272727,309.6363636363636,370.0,0.6363636363636364,4.909090909090909,0.0,1
109011,5,2.842619047619048,362.4,395.8,1.2,2.4,0.0,1
109116,8,3.1779761904761905,378.625,375.375,0.0,0.0,0.0,1
109135,5,2.887857142857143,314.0,327.6,0.0,0.0,0.0,1
109164,5,1.4433549783549782,396.2,393.8,0.0,0.0,0.2,0
109218,7,2.811054421768707,518.8571428571429,575.8571428571429,1.8571428571428568,2.142857142857143,0.0,1
109246,5,1.871515151515152,337.6,367.8,0.2,1.4,0.0,1
109313,5,5.391111111111111,611.0,677.6,6.4,8.4,0.0,1
109388,5,2.8956043956043955,410.0,427.0,0.2,1.0,0.0,1
109406,9,1.7537277537277538,393.77777777777777,437.3333333333333,0.2222222222222222,1.1111111111111112,0.0,1
109480,6,5.072619047619048,376.6666666666667,355.3333333333333,2.5,4.666666666666667,0.1666666666666666,0
109601,6,3.85218253968254,368.1666666666667,375.6666666666667,0.1666666666666666,1.8333333333333333,0.0,1
109636,7,2.511233211233211,514.2857142857143,522.7142857142857,4.285714285714286,2.142857142857143,0.0,1
109679,5,7.075,312.2,336.8,0.2,1.8,0.0,1
109725,5,1.7490909090909093,404.4,463.6,0.2,3.4,0.0,1
109733,8,3.095833333333333,403.25,452.125,0.875,5.25,0.0,1
109847,6,2.7133838383838387,417.0,475.5,1.3333333333333333,2.333333333333333,0.0,1
109932,15,1.396682609616046,382.8666666666667,389.9333333333333,1.2666666666666666,2.1333333333333333,0.0,1
110003,8,2.5431277056277057,365.125,458.75,0.875,2.5,0.0,1
110098,15,2.0498963609489924,368.06666666666666,426.6,1.0,2.0,0.0,1
110135,7,2.0083487940630795,399.4285714285714,390.57142857142856,2.7142857142857144,5.714285714285714,0.0,1
110139,5,1.2866666666666666,339.2,287.8,0.2,0.8,0.2,0
110288,12,2.1875,491.8333333333333,516.0833333333334,0.0,0.0,0.0,1
110299,11,2.6103207398661947,363.7272727272728,396.7272727272728,1.2727272727272727,7.727272727272727,0.0,1
110396,5,2.351659451659452,379.4,377.4,0.2,2.6,0.0,1
110408,6,1.4846560846560848,347.6666666666667,398.5,1.5,3.0,0.0,1
110581,6,2.1174963924963923,322.8333333333333,399.5,2.0,8.0,0.0,1
110650,6,3.1329545454545453,447.6666666666667,474.8333333333333,2.6666666666666665,1.0,0.0,1
110666,6,4.906944444444444,410.1666666666667,430.3333333333333,0.3333333333333333,1.6666666666666667,0.0,1
110667,6,3.328632478632479,396.8333333333333,399.5,0.0,0.0,0.0,1
110713,5,2.7728571428571427,322.0,338.8,2.0,1.2,0.0,1
110737,5,3.1322222222222225,518.4,340.4,0.6,6.0,0.0,1
110763,5,4.326666666666666,594.2,607.8,0.0,0.0,0.0,1
110782,5,1.7904154668860552,409.4,485.6,0.6,2.0,0.0,1
110909,6,5.39537037037037,630.8333333333334,660.8333333333334,2.1666666666666665,5.5,0.0,1
110971,5,3.254945054945055,478.4,480.4,0.0,0.0,0.0,1
111061,6,2.371916278166278,447.0,446.0,0.5,2.333333333333333,0.0,1
111069,5,1.927412587412588,360.0,432.8,0.8,2.4,0.0,1
111106,5,2.031746031746032,300.4,365.2,1.0,0.8,0.2,0
111208,5,2.3305339105339105,421.6,431.4,8.8,8.8,0.0,1
111237,5,2.88015873015873,308.2,277.2,0.2,1.4,0.2,0
111283,11,3.09663518299882,382.45454545454544,414.45454545454544,0.2727272727272727,1.2727272727272727,0.0,1
111357,5,3.045555555555556,347.2,397.8,0.4,7.2,0.0,1
111402,5,4.0,509.2,531.4,0.6,6.8,0.0,1
111466,5,3.151923076923077,401.0,392.4,0.6,1.6,0.0,1
111476,7,2.969738198309627,360.7142857142857,368.2857142857143,0.4285714285714285,0.5714285714285714,0.0,1
111497,9,3.6671957671957673,408.3333333333333,430.44444444444446,0.3333333333333333,8.333333333333334,0.0,1
111600,5,4.290707070707071,373.8,358.6,1.6,2.4,0.0,1
111706,5,1.1833333333333331,293.2,350.0,2.4,2.4,0.0,1
111713,5,2.522698412698413,420.0,524.2,0.0,0.0,0.0,1
111714,9,2.7435592185592186,341.6666666666667,362.8888888888889,1.0,3.888888888888889,0.0,1
111752,8,3.769593253968254,397.25,425.0,3.0,8.5,0.0,1
111753,8,4.718771853146853,452.5,482.875,5.375,10.0,0.125,0
111797,5,3.5,392.6,454.4,0.0,0.0,0.0,1
111798,7,4.266666666666667,330.57142857142856,404.7142857142857,0.2857142857142857,1.7142857142857142,0.0,1
111799,7,2.418040293040293,378.57142857142856,407.1428571428572,0.4285714285714285,3.0,0.0,1
112015,5,2.7098412698412697,412.0,458.8,0.2,1.4,0.0,1
112040,6,3.437301587301587,564.3333333333334,548.1666666666666,0.8333333333333334,3.6666666666666665,0.0,1
112091,5,3.5264285714285712,561.0,552.8,1.0,4.8,0.0,1
112143,5,2.632857142857143,424.2,470.0,0.8,1.8,0.0,1
112222,6,1.3708333333333331,233.5,219.33333333333331,0.1666666666666666,1.1666666666666667,0.1666666666666666,0
112307,5,2.9107142857142856,394.4,473.4,0.0,0.0,0.0,1
112391,6,2.816931216931217,312.0,321.6666666666667,1.6666666666666667,3.0,0.0,1
112395,5,3.903571428571429,614.8,531.8,0.6,2.2,0.2,0
112421,5,2.0375,427.6,456.0,0.0,0.0,0.2,0
112476,5,3.4304761904761905,383.4,440.8,0.2,2.8,0.0,1
112513,6,2.2896224146224147,345.0,382.0,1.0,2.6666666666666665,0.0,1
112566,5,2.986988795518207,387.0,471.6,2.8,3.2,0.0,1
112682,8,1.9164299242424243,437.0,481.625,2.0,7.0,0.0,1
112686,5,3.536666666666666,528.0,494.8,1.2,9.4,0.2,0
112797,13,3.3743950493950496,454.2307692307692,504.61538461538464,1.3076923076923077,3.230769230769231,0.0769230769230769,0
112799,5,3.2830303030303027,331.8,425.2,1.2,7.2,0.0,1
112800,5,2.7774603174603176,398.2,469.6,1.2,12.0,0.0,1
112821,6,2.507936507936508,437.8333333333333,459.5,2.833333333333333,2.333333333333333,0.0,1
112822,9,2.2768065268065265,367.77777777777777,411.55555555555554,1.1111111111111112,2.333333333333333,0.0,1
112834,6,2.7391788766788765,435.6666666666667,480.6666666666667,1.3333333333333333,2.0,0.0,1
112906,6,3.5257936507936507,541.5,554.8333333333334,0.8333333333333334,3.0,0.0,1
113001,6,2.343446368446368,325.0,313.6666666666667,0.1666666666666666,1.3333333333333333,0.0,1
113068,14,1.869791121576836,336.57142857142856,348.2142857142857,1.9285714285714288,2.571428571428572,0.0714285714285714,0
113074,14,2.2237602935911207,465.1428571428572,505.2142857142857,0.5714285714285714,1.0,0.0714285714285714,0
113080,6,2.165509259259259,313.0,368.3333333333333,0.0,0.0,0.0,1
113187,8,3.4124368686868687,390.25,454.375,2.125,2.5,0.0,1
113188,8,3.071875,418.875,503.375,0.875,5.25,0.0,1
113283,5,3.405555555555556,456.2,423.4,0.6,3.2,0.0,1
113309,5,1.913333333333333,397.4,452.2,2.4,2.8,0.0,1
113310,7,1.735173556602128,316.42857142857144,370.1428571428572,1.5714285714285714,4.0,0.0,1
113358,5,3.3628571428571425,417.4,374.6,0.8,3.4,0.0,1
113371,6,4.37077922077922,443.0,475.0,0.3333333333333333,0.6666666666666666,0.0,1
113487,6,2.231914381914382,341.3333333333333,420.1666666666667,0.8333333333333334,1.3333333333333333,0.0,1
113488,6,3.079076479076479,434.6666666666667,485.5,1.8333333333333333,2.0,0.0,1
113536,6,2.595328282828283,450.6666666666667,513.8333333333334,4.666666666666667,3.333333333333333,0.0,1
113618,6,4.259920634920635,382.6666666666667,371.8333333333333,3.5,7.0,0.0,1
113746,6,1.959722222222222,405.1666666666667,437.3333333333333,2.333333333333333,5.5,0.0,1
113901,5,1.9,286.6,350.4,0.2,1.4,0.0,1
113966,7,2.8243197278911567,310.85714285714283,333.1428571428572,2.0,3.142857142857143,0.0,1
114020,6,3.4592592592592597,447.3333333333333,472.8333333333333,0.1666666666666666,1.1666666666666667,0.0,1
114209,7,2.413051234479806,367.1428571428572,387.2857142857143,0.1428571428571428,0.5714285714285714,0.0,1
114235,7,2.433106575963719,338.0,373.57142857142856,0.0,0.0,0.0,1
114364,17,2.4590835634953283,365.2941176470589,397.5882352941176,0.9411764705882352,1.411764705882353,0.0,1
114471,10,5.711565656565656,596.7,623.4,0.0,0.0,0.0,1
114472,8,4.321981837606838,622.25,601.875,1.0,7.625,0.0,1
114473,6,2.604761904761905,309.8333333333333,323.8333333333333,0.5,4.333333333333333,0.0,1
114474,6,2.716089466089466,360.3333333333333,397.3333333333333,0.0,0.0,0.0,1
114475,5,1.4648951048951049,436.8,431.0,0.2,1.8,0.0,1
114478,5,2.7285425685425686,365.8,354.4,7.4,1.2,0.0,1
114518,6,3.986111111111111,595.5,635.1666666666666,0.3333333333333333,2.6666666666666665,0.0,1
114579,5,2.45,357.0,389.4,0.0,0.0,0.0,1
114583,5,3.922222222222222,452.2,436.8,0.2,2.4,0.0,1
114617,5,3.2107142857142854,404.4,376.4,0.2,1.8,0.0,1
114619,5,3.4370879120879123,485.0,489.4,3.6,3.2,0.0,1
114665,5,4.922222222222223,539.4,545.2,0.2,1.6,0.0,1
114685,8,3.3936011904761902,503.125,511.875,0.5,0.375,0.125,0
114728,9,3.7015432098765433,407.3333333333333,403.0,0.1111111111111111,1.0,0.2222222222222222,0
114736,6,2.729253154253154,417.1666666666667,434.8333333333333,5.666666666666667,10.0,0.0,1
114989,7,2.8012428048142333,339.2857142857143,387.2857142857143,0.1428571428571428,1.0,0.0,1
115022,5,5.369999999999999,413.0,332.2,0.8,1.8,0.0,1
115072,5,2.3002886002886003,397.6,429.0,2.0,23.0,0.0,1
115121,11,4.832782369146005,398.6363636363636,451.45454545454544,1.5454545454545454,3.272727272727273,0.0,1
115122,9,3.2669677544677547,534.7777777777778,514.6666666666666,0.8888888888888888,4.333333333333333,0.0,1
115189,7,6.182278039420896,441.1428571428572,470.1428571428572,0.0,0.0,0.0,1
115202,7,3.247619047619048,434.1428571428572,464.4285714285714,1.5714285714285714,4.428571428571429,0.0,1
115381,22,2.131353621126348,396.77272727272725,441.1363636363636,1.681818181818182,4.2727272727272725,0.0,1
115423,5,4.354761904761905,528.6,571.8,0.4,1.6,0.0,1
115460,10,3.6848445998446,379.9,408.8,0.5,1.8,0.0,1
115487,15,3.119006734006734,474.1333333333333,533.2666666666667,0.8,6.533333333333333,0.0,1
115489,6,3.6032407407407407,387.0,432.3333333333333,0.3333333333333333,1.6666666666666667,0.0,1
115500,7,3.561904761904762,347.7142857142857,363.7142857142857,1.0,9.857142857142858,0.0,1
115509,6,3.474074074074073,458.0,433.8333333333333,0.1666666666666666,0.6666666666666666,0.0,1
115640,5,2.556767676767677,352.2,415.8,2.4,6.0,0.0,1
115704,12,5.0314484126984125,412.75,400.75,2.583333333333333,4.666666666666667,0.0,1
115780,5,2.453333333333333,302.4,329.8,2.2,3.2,0.0,1
115784,7,2.457864357864358,392.57142857142856,454.0,0.1428571428571428,2.142857142857143,0.0,1
115832,5,2.802777777777778,421.0,482.0,0.4,1.2,0.0,1
115924,6,1.894059644059644,317.5,342.3333333333333,0.0,0.0,0.0,1
115937,5,4.340909090909091,445.6,422.4,1.0,2.4,0.0,1
116059,5,1.5032579185520365,283.8,330.2,1.0,1.2,0.0,1
116078,5,4.488571428571428,541.8,537.4,1.2,4.4,0.0,1
116088,7,1.6323099415204678,346.7142857142857,400.7142857142857,0.1428571428571428,1.7142857142857142,0.0,1
116110,6,1.571464646464647,358.3333333333333,386.1666666666667,0.8333333333333334,2.333333333333333,0.0,1
116121,6,2.447863247863248,388.8333333333333,456.8333333333333,0.0,0.0,0.0,1
116122,5,2.4564935064935063,482.8,508.8,0.0,0.0,0.0,1
116142,5,2.12,375.4,409.8,1.4,3.0,0.0,1
116169,8,7.808707264957265,428.125,466.75,1.625,2.5,0.0,1
116201,5,3.085714285714286,381.8,473.8,0.8,2.0,0.0,1
116232,8,2.607068452380952,467.0,517.75,0.125,2.375,0.125,0
116236,5,2.9765079365079368,523.0,582.2,1.2,1.0,0.0,1
116288,6,1.6621803350970017,428.0,473.6666666666667,1.3333333333333333,6.5,0.1666666666666666,0
116326,5,1.5955555555555556,341.2,389.0,5.2,4.0,0.0,1
116391,9,2.976290684624018,384.1111111111111,416.8888888888889,1.1111111111111112,8.88888888888889,0.1111111111111111,0
116401,5,2.0901298701298705,448.0,487.4,0.6,1.6,0.0,1
116453,5,2.112626262626262,400.4,407.4,6.4,3.0,0.0,1
116542,5,3.276752136752137,445.8,523.2,1.4,2.8,0.0,1
116639,6,6.164219576719577,554.3333333333334,564.0,1.5,6.0,0.0,1
116727,5,3.3466666666666667,564.4,532.2,1.0,1.0,0.2,0
116777,8,3.5354166666666664,452.25,448.5,2.5,6.25,0.0,1
116832,6,4.0853174603174605,374.8333333333333,410.6666666666667,0.6666666666666666,3.5,0.0,1
116860,8,2.493411796536797,351.875,367.375,0.0,0.0,0.0,1
116881,7,3.538095238095238,396.1428571428572,400.1428571428572,0.1428571428571428,0.4285714285714285,0.1428571428571428,0
116970,6,2.0596320346320347,336.6666666666667,371.0,0.0,0.0,0.0,1
117008,5,2.708333333333333,490.0,509.2,1.2,7.4,0.0,1
117009,6,3.6865079365079367,441.8333333333333,519.6666666666666,1.0,1.6666666666666667,0.0,1
117195,6,4.056818181818182,648.0,605.8333333333334,4.666666666666667,15.0,0.0,1
117205,8,2.0458222333222333,389.875,404.125,0.125,2.125,0.0,1
117501,7,3.916666666666667,438.4285714285714,491.57142857142856,0.2857142857142857,1.0,0.0,1
117531,9,1.2497132497132497,308.8888888888889,346.8888888888889,0.1111111111111111,0.5555555555555556,0.0,1
117577,5,5.518730158730159,419.4,456.0,0.0,0.0,0.0,1
117582,6,1.8162781662781664,276.1666666666667,290.0,4.833333333333333,8.0,0.0,1
117633,8,2.369047619047619,373.875,441.125,1.75,2.0,0.0,1
117733,5,2.700467032967033,416.0,509.4,2.8,4.0,0.0,1
117739,16,5.392688041125541,395.125,427.5,2.5625,3.25,0.0,1
117753,15,2.034719817219817,431.6666666666667,428.2,1.1333333333333333,5.2,0.0666666666666666,0
117754,15,3.782784992784993,412.4666666666666,470.3333333333333,1.0,4.8,0.0666666666666666,0
117780,5,2.969177489177489,474.0,527.4,10.6,12.0,0.0,1
117794,5,2.8580952380952382,400.2,450.2,1.2,0.8,0.0,1
117797,5,4.096666666666667,469.8,551.6,3.0,4.0,0.0,1
117809,6,1.4376743626743629,431.8333333333333,445.1666666666667,1.3333333333333333,1.3333333333333333,0.0,1
117845,6,1.5322649572649574,374.8333333333333,403.0,0.5,1.0,0.0,1
117853,14,3.6177830106401534,470.8571428571428,505.07142857142856,0.6428571428571429,2.142857142857143,0.0,1
117979,5,1.810822510822511,286.2,289.8,1.6,10.8,0.0,1
117996,8,2.778612012987013,482.625,542.625,2.0,3.75,0.0,1
118042,5,2.397008547008548,514.2,497.0,0.4,2.4,0.0,1
118092,8,2.5864696067821065,331.625,369.25,0.75,1.5,0.0,1
118104,12,4.0062500000000005,467.1666666666667,496.4166666666667,0.75,3.75,0.0,1
118141,5,2.683766233766234,407.6,396.4,1.6,1.0,0.0,1
118161,7,3.0551020408163265,341.1428571428572,375.2857142857143,1.2857142857142858,3.4285714285714284,0.0,1
118359,5,3.477777777777778,546.0,469.6,1.0,3.4,0.0,1
118422,6,8.066498316498317,543.5,545.6666666666666,0.3333333333333333,5.333333333333333,0.0,1
118434,5,3.891428571428572,539.4,628.6,0.0,0.0,0.0,1
118435,5,1.7035064935064934,272.0,292.0,0.0,0.0,0.0,1
118462,7,2.371315192743764,416.7142857142857,434.0,2.2857142857142856,5.0,0.0,1
118495,7,3.0318181818181817,398.7142857142857,460.0,0.7142857142857143,2.0,0.0,1
118547,5,2.047020202020202,530.2,524.4,0.0,0.0,0.0,1
118558,5,8.526666666666667,557.6,534.2,0.0,0.0,0.0,1
118574,7,2.2666666666666666,411.8571428571428,469.7142857142857,1.0,2.0,0.0,1
118578,7,2.8663265306122447,316.42857142857144,331.42857142857144,0.0,0.0,0.1428571428571428,0
118587,12,2.4219842657342654,379.5833333333333,453.6666666666667,0.1666666666666666,1.5,0.0,1
118688,6,2.244553376906318,373.3333333333333,413.5,2.0,4.666666666666667,0.0,1
118710,10,3.216346153846154,342.1,318.7,0.2,1.6,0.0,1
118739,5,2.056623376623377,356.2,425.4,0.4,1.6,0.0,1
118758,7,3.4967687074829934,438.8571428571428,498.0,6.285714285714286,13.857142857142858,0.0,1
118862,5,2.993333333333333,447.0,454.4,2.4,1.4,0.0,1
118976,8,3.9791666666666665,431.375,491.0,0.5,3.75,0.125,0
119004,8,3.0862418831168834,349.25,306.125,0.0,0.0,0.0,1
119050,6,3.533603896103896,519.6666666666666,589.3333333333334,0.8333333333333334,4.0,0.0,1
119051,7,2.2164502164502164,380.1428571428572,437.1428571428572,0.8571428571428571,5.428571428571429,0.0,1
119075,5,4.228571428571429,624.4,547.8,0.0,0.0,0.0,1
119082,5,2.9816666666666665,447.4,406.4,3.8,7.8,0.0,1
119089,7,5.469047619047619,557.8571428571429,655.0,1.0,8.571428571428571,0.0,1
119090,7,2.0,313.2857142857143,335.1428571428572,0.1428571428571428,1.1428571428571428,0.0,1
119102,7,2.040759637188209,415.4285714285714,423.1428571428572,2.4285714285714284,1.7142857142857142,0.0,1
119126,11,2.350734618916437,390.0,416.45454545454544,0.5454545454545454,1.3636363636363635,0.0909090909090909,0
119134,6,3.4787758537758537,444.0,461.0,0.5,5.333333333333333,0.1666666666666666,0
119166,5,2.113966588966589,438.0,518.8,0.4,1.0,0.0,1
119175,6,3.006658692185008,327.6666666666667,392.3333333333333,0.5,1.0,0.0,1
119193,5,2.8566666666666665,403.8,450.8,0.6,2.0,0.0,1
119198,11,1.8649059274059276,329.27272727272725,353.1818181818182,0.0909090909090909,1.3636363636363635,0.0,1
119199,9,3.097390572390572,403.22222222222223,419.0,1.1111111111111112,12.77777777777778,0.0,1
119200,5,2.8200757575757573,436.0,422.4,4.6,26.0,0.0,1
119212,5,7.666666666666667,653.4,599.2,0.2,1.0,0.0,1
119249,5,3.928333333333333,465.6,434.0,0.2,0.6,0.0,1
119337,5,2.513636363636364,407.0,398.4,10.0,8.8,0.0,1
119404,5,4.36,483.6,508.6,0.2,1.6,0.0,1
119411,5,3.043260073260073,351.8,357.6,1.8,14.4,0.0,1
119412,5,4.2700000000000005,408.6,431.8,1.2,4.8,0.0,1
119475,5,1.3753246753246753,520.4,505.6,0.4,1.8,0.0,1
119489,5,1.705952380952381,412.2,416.0,0.2,0.8,0.0,1
119571,6,2.423941798941799,396.1666666666667,448.3333333333333,2.833333333333333,3.5,0.0,1
119655,8,4.176388888888889,468.5,556.375,0.0,0.0,0.0,1
119746,6,2.3033799533799537,426.6666666666667,487.6666666666667,3.5,2.333333333333333,0.0,1
119838,5,2.6695238095238096,476.6,526.8,0.2,3.8,0.0,1
119887,11,1.6536607183666008,334.27272727272725,377.8181818181818,0.3636363636363636,2.363636363636364,0.0,1
120029,14,2.6185090702947846,409.8571428571428,487.7857142857143,3.071428571428572,4.0,0.0,1
120125,8,2.0748511904761906,312.0,340.5,1.375,5.5,0.0,1
120147,6,4.8498168498168495,624.5,575.8333333333334,8.666666666666666,5.833333333333333,0.0,1
120184,5,2.4374847374847373,579.4,569.0,9.0,4.8,0.2,0
120315,10,3.647979797979798,546.0,578.5,1.7,2.8,0.0,1
120316,9,3.098172198172198,384.0,397.77777777777777,0.8888888888888888,0.6666666666666666,0.0,1
120625,8,3.189930555555556,429.375,513.375,2.125,12.5,0.0,1
120662,5,2.5686403508771933,411.4,362.6,1.4,6.0,0.0,1
120773,8,4.324621212121212,540.125,571.5,0.75,2.25,0.0,1
120879,6,3.116666666666667,487.3333333333333,539.3333333333334,1.0,4.333333333333333,0.0,1
120928,10,6.958333333333333,462.3,504.5,3.4,3.6,0.1,0
120930,5,2.521428571428572,356.4,415.4,6.8,7.2,0.0,1
121000,7,2.157142857142857,422.1428571428572,481.0,0.7142857142857143,5.714285714285714,0.0,1
121001,6,2.4463684463684463,364.5,417.5,0.0,0.0,0.0,1
121002,6,4.3388888888888895,564.1666666666666,619.3333333333334,2.0,3.5,0.0,1
121004,6,1.2520833333333334,287.3333333333333,323.3333333333333,1.8333333333333333,6.0,0.0,1
121024,5,2.4984848484848485,523.2,506.2,2.0,4.8,0.0,1
121040,5,3.267142857142857,461.2,447.8,2.6,2.8,0.2,0
121102,6,5.096296296296296,542.6666666666666,541.5,0.1666666666666666,2.1666666666666665,0.0,1
121192,12,4.418674843674844,470.5,501.0833333333333,3.5,3.75,0.0,1
121252,6,2.714309587471352,436.8333333333333,497.1666666666667,0.0,0.0,0.0,1
121284,9,1.2413105413105414,239.66666666666663,237.44444444444449,0.0,0.0,0.1111111111111111,0
121365,5,2.3699494949494957,311.2,397.8,1.0,6.4,0.0,1
121498,5,4.773809523809524,512.6,631.8,0.4,1.6,0.0,1
121726,6,1.5990410052910051,295.0,356.0,1.8333333333333333,5.333333333333333,0.0,1
121727,5,1.666111111111111,298.4,304.8,2.4,2.4,0.2,0
121785,5,1.4628282828282828,349.0,401.8,0.0,0.0,0.0,1
121874,5,1.882857142857143,285.6,363.8,5.8,5.4,0.0,1
121878,6,2.0367063492063493,329.8333333333333,302.1666666666667,0.0,0.0,0.0,1
121981,5,1.930757575757576,363.4,390.0,2.0,3.0,0.0,1
122024,6,1.7314814814814816,361.0,389.8333333333333,1.5,3.6666666666666665,0.0,1
122056,5,1.5373015873015874,363.0,368.8,5.2,7.4,0.0,1
122190,5,3.5666666666666664,396.4,449.8,0.6,5.4,0.0,1
122274,6,4.897222222222222,492.5,544.8333333333334,0.8333333333333334,1.1666666666666667,0.0,1
122400,13,4.786130536130536,488.3076923076923,491.1538461538461,0.1538461538461538,1.1538461538461535,0.0,1
122509,5,2.995093795093795,273.4,273.6,0.4,1.0,0.0,1
122708,6,2.867748917748918,391.0,433.0,1.6666666666666667,4.666666666666667,0.3333333333333333,0
122782,5,0.9459890109890108,292.8,319.0,0.0,0.0,0.0,1
122883,8,2.10074083445794,350.25,320.125,0.125,0.875,0.125,0
123002,5,2.231648351648352,333.6,385.6,1.0,9.6,0.0,1
123004,5,1.853260073260073,495.8,444.2,0.0,0.0,0.2,0
123130,5,2.118151260504201,416.6,458.4,0.4,1.2,0.0,1
123226,9,2.4288936372269707,382.8888888888889,490.77777777777777,0.0,0.0,0.0,1
123392,5,1.7660979543332485,362.0,413.0,0.0,0.0,0.4,0
123418,7,2.350453514739229,460.2857142857143,500.1428571428572,0.7142857142857143,2.857142857142857,0.0,1
123506,5,1.7914996767937943,320.4,347.6,0.6,3.2,0.0,1
123593,5,2.8524475524475528,335.0,368.2,1.2,4.0,0.0,1
123657,8,9.671130952380953,591.625,580.875,1.25,5.625,0.0,1
123663,5,2.7990476190476192,417.4,453.6,0.2,0.8,0.0,1
123664,5,3.1184523809523808,422.0,474.2,0.2,1.6,0.0,1
123710,5,4.625,459.2,519.4,5.0,13.2,0.0,1
123767,7,2.26017316017316,283.2857142857143,335.7142857142857,0.1428571428571428,1.8571428571428568,0.0,1
123792,5,4.455238095238096,425.2,450.4,1.2,5.0,0.0,1
123801,11,3.001472265108629,441.7272727272728,505.0,3.272727272727273,14.636363636363637,0.0,1
123817,6,4.142857142857143,496.6666666666667,583.3333333333334,2.0,7.0,0.0,1
123904,8,1.8103919977081744,423.875,506.25,3.875,5.625,0.0,1
123918,8,1.2530802530802532,360.0,416.25,3.5,2.375,0.0,1
123921,5,3.088888888888889,408.8,407.6,2.0,1.6,0.0,1
123925,8,3.4340659340659343,494.125,558.75,0.5,1.375,0.0,1
123963,5,1.2045670995670996,334.0,349.6,0.6,2.0,0.0,1
124006,5,8.545,472.6,474.8,0.8,1.8,0.0,1
124049,6,2.671924603174603,461.0,528.8333333333334,3.6666666666666665,2.333333333333333,0.0,1
124084,5,3.796969696969697,486.0,540.0,0.4,2.4,0.0,1
124104,5,4.705,389.4,459.2,0.0,0.0,0.0,1
124224,5,2.14189393939394,413.0,443.6,1.4,3.0,0.0,1
124225,5,1.9245754245754243,343.0,365.4,3.2,2.0,0.0,1
124247,6,2.781746031746032,329.5,364.1666666666667,0.1666666666666666,0.8333333333333334,0.0,1
124351,5,3.0285714285714285,402.8,474.8,0.4,1.2,0.0,1
124379,5,2.8600000000000003,363.8,409.2,2.8,3.0,0.0,1
124430,6,1.935185185185185,474.6666666666667,519.5,0.1666666666666666,1.0,0.0,1
124479,5,4.073917748917749,368.4,405.0,0.4,1.6,0.0,1
124496,6,2.4878663003663006,360.3333333333333,392.5,1.0,3.5,0.0,1
124497,5,2.4340548340548342,379.2,437.6,1.2,3.2,0.0,1
124535,5,2.6735930735930737,279.6,253.8,0.4,4.0,0.0,1
124611,14,2.5613275613275617,515.0714285714286,506.7857142857143,2.142857142857143,3.642857142857143,0.0,1
124646,6,2.014933166248956,380.0,409.6666666666667,0.8333333333333334,2.6666666666666665,0.0,1
124805,9,3.4602212602212603,464.1111111111111,494.8888888888889,0.2222222222222222,1.3333333333333333,0.1111111111111111,0
124908,21,4.112528344671202,386.1904761904762,434.2857142857143,0.3809523809523809,2.619047619047619,0.0,1
124955,9,2.6372829603221764,342.1111111111111,399.6666666666667,1.1111111111111112,1.0,0.0,1
124957,9,3.218070818070818,395.1111111111111,470.55555555555554,0.1111111111111111,1.3333333333333333,0.0,1
125102,5,1.711111111111111,405.4,439.2,0.6,5.6,0.0,1
125111,5,3.6021428571428573,641.0,682.6,2.0,12.0,0.0,1
125285,5,2.916666666666667,582.4,605.0,10.4,3.6,0.0,1
125339,7,7.0797313797313794,530.1428571428571,570.1428571428571,0.2857142857142857,4.285714285714286,0.0,1
125556,5,4.388461538461539,477.2,494.4,0.8,2.2,0.0,1
125829,10,4.38202380952381,463.3,529.5,0.3,1.0,0.0,1
125900,8,1.6512726856476858,315.625,321.875,0.0,0.0,0.125,0
125901,8,6.657589285714286,603.0,576.625,0.25,1.0,0.125,0
126029,6,3.125226625226625,378.0,428.3333333333333,0.1666666666666666,0.5,0.0,1
126044,6,1.6356841415664949,255.16666666666663,272.5,0.6666666666666666,8.0,0.0,1
126057,7,2.367539603253889,333.0,406.2857142857143,0.8571428571428571,4.428571428571429,0.0,1
126127,8,4.248049693362193,532.0,562.75,5.5,12.5,0.0,1
126202,6,1.2336157628920783,347.8333333333333,360.0,0.5,1.8333333333333333,0.0,1
126203,6,2.6678418803418804,460.8333333333333,471.3333333333333,0.8333333333333334,0.8333333333333334,0.1666666666666666,0
126204,6,3.135938135938136,441.0,423.1666666666667,0.3333333333333333,2.1666666666666665,0.1666666666666666,0
126309,11,3.3348484848484845,496.3636363636364,486.3636363636364,0.7272727272727273,1.9090909090909087,0.0,1
126341,6,4.602272727272728,496.1666666666667,504.0,0.5,2.6666666666666665,0.0,1
126358,8,1.7271103896103897,403.25,447.125,1.5,5.0,0.0,1
126419,5,1.0325983227299018,265.0,285.0,0.0,0.0,0.0,1
126632,5,1.5414285714285714,346.4,365.8,0.0,0.0,0.0,1
126648,6,2.9124542124542123,509.6666666666667,550.8333333333334,2.5,6.0,0.0,1
126649,6,4.020370370370371,323.0,344.6666666666667,0.5,2.333333333333333,0.0,1
126651,6,5.357142857142858,568.1666666666666,593.6666666666666,0.0,0.0,0.0,1
126922,5,4.29047619047619,434.2,409.0,1.0,1.4,0.0,1
126932,5,1.8916666666666668,303.2,310.6,0.0,0.0,0.0,1
126984,5,3.014025974025974,666.4,660.8,0.0,0.0,0.0,1
127049,5,2.1357142857142857,398.4,455.6,4.8,2.4,0.0,1
127098,6,1.3390139136462669,371.1666666666667,441.0,1.0,5.666666666666667,0.1666666666666666,0
127110,5,2.0470238095238096,391.4,473.2,1.8,1.0,0.0,1
127289,5,2.0204040404040406,278.2,317.6,0.0,0.0,0.0,1
127290,5,3.0360101010101013,394.4,442.6,0.4,0.8,0.0,1
127291,5,2.484444444444444,325.8,345.8,0.0,0.0,0.0,1
127396,5,4.378030303030303,468.6,463.4,5.2,18.0,0.0,1
127477,7,3.910863739435168,590.1428571428571,560.2857142857143,1.2857142857142858,3.4285714285714284,0.0,1
127821,5,1.0672650878533232,338.0,391.2,0.2,0.4,0.4,0
127828,7,2.636538461538461,422.0,461.4285714285714,0.5714285714285714,0.8571428571428571,0.0,1
127939,6,2.697420634920635,399.1666666666667,440.6666666666667,1.3333333333333333,1.1666666666666667,0.0,1
128143,5,2.4684920634920635,567.8,568.2,5.0,4.0,0.0,1
128184,6,2.339285714285714,444.3333333333333,528.8333333333334,0.5,1.0,0.0,1
128229,9,2.2975596933930267,450.44444444444446,464.1111111111111,0.5555555555555556,2.0,0.0,1
128330,6,6.180952380952381,503.0,536.0,2.0,2.6666666666666665,0.0,1
128453,6,1.3607905982905983,343.5,425.6666666666667,0.0,0.0,0.0,1
128537,7,1.7181302824159967,344.42857142857144,349.2857142857143,2.0,1.2857142857142858,0.0,1
128823,7,4.892176870748299,528.0,596.5714285714286,5.285714285714286,7.285714285714286,0.0,1
128863,5,2.738888888888889,484.2,492.8,0.0,0.0,0.0,1
128887,5,2.165873015873016,312.4,361.0,1.2,3.6,0.0,1
128919,8,2.3020868020868024,284.875,262.75,0.125,2.625,0.125,0
129068,8,2.1092261904761904,390.0,491.875,0.625,6.0,0.0,1
129145,6,3.1006493506493507,446.5,482.0,1.0,2.0,0.0,1
129377,5,2.443888888888889,365.0,449.0,0.0,0.0,0.0,1
129466,6,3.9879629629629623,314.5,313.0,0.0,0.0,0.0,1
129583,5,7.292857142857143,424.8,487.6,1.6,2.4,0.0,1
129596,6,2.063456450956451,343.1666666666667,360.0,0.3333333333333333,4.0,0.0,1
129615,6,3.687962962962963,406.3333333333333,398.1666666666667,4.5,4.0,0.0,1
129636,6,3.685335497835498,375.6666666666667,410.5,3.6666666666666665,3.333333333333333,0.0,1
129644,5,1.1136270265682031,318.6,335.4,1.8,1.2,0.0,1
129894,7,7.329563492063492,474.57142857142856,477.4285714285714,4.571428571428571,6.857142857142857,0.0,1
130078,10,1.721625874125874,357.6,382.8,0.7,4.5,0.1,0
130128,13,1.6815910585141354,348.15384615384613,381.0769230769231,2.6153846153846154,4.153846153846154,0.0,1
130147,5,1.6811624649859944,339.4,336.6,0.0,0.0,0.2,0
130285,5,3.788846153846154,402.2,425.2,3.4,7.0,0.0,1
130296,9,2.099847683181016,386.44444444444446,426.0,0.8888888888888888,5.222222222222222,0.0,1
130367,5,2.291923076923077,418.8,408.6,0.2,3.0,0.0,1
130505,6,2.4857142857142858,377.5,417.3333333333333,0.1666666666666666,1.3333333333333333,0.1666666666666666,0
130611,8,2.613446969696969,430.5,538.25,0.125,1.25,0.0,1
130651,10,5.828730158730158,441.2,452.4,0.0,0.0,0.0,1
130661,5,2.2536352536352537,351.8,376.4,1.2,3.6,0.0,1
130876,5,2.396153846153846,424.4,458.6,0.4,12.4,0.0,1
130917,5,0.9615384615384616,251.2,264.8,0.2,1.8,0.0,1
130943,9,2.4915223665223665,352.3333333333333,426.22222222222223,2.111111111111111,5.0,0.0,1
130978,8,3.0307539682539684,339.75,366.75,0.75,5.25,0.0,1
131001,6,2.0443542568542568,265.0,283.0,0.1666666666666666,1.1666666666666667,0.0,1
131035,10,2.7961427461427464,383.4,461.5,2.5,4.8,0.0,1
131106,7,2.868324698300373,375.2857142857143,401.4285714285714,3.0,2.857142857142857,0.0,1
131158,6,3.465277777777778,400.0,477.6666666666667,0.0,0.0,0.0,1
131159,5,2.6761904761904765,295.8,299.0,0.0,0.0,0.0,1
131184,9,1.2821869488536155,257.1111111111111,268.6666666666667,0.6666666666666666,1.7777777777777777,0.1111111111111111,0
131278,6,2.270108363858364,334.0,439.6666666666667,5.666666666666667,1.6666666666666667,0.0,1
131497,7,1.9759056732740945,389.4285714285714,448.7142857142857,0.8571428571428571,3.4285714285714284,0.0,1
131619,7,2.3615749330035043,511.2857142857143,555.2857142857143,0.7142857142857143,2.0,0.0,1
131878,5,4.107727272727272,544.0,628.8,4.2,3.6,0.2,0
132006,6,1.367550505050505,239.33333333333331,264.6666666666667,0.0,0.0,0.0,1
132255,5,1.680982905982906,367.0,372.2,0.0,0.0,0.2,0
132361,5,2.0044444444444443,401.6,466.8,0.4,2.6,0.0,1
132437,5,1.8216666666666668,371.4,445.2,1.0,3.0,0.0,1
132438,6,2.699915824915825,287.3333333333333,305.5,1.6666666666666667,3.333333333333333,0.0,1
132501,6,4.732142857142857,534.8333333333334,579.5,0.0,0.0,0.0,1
133076,5,3.948888888888889,575.4,584.6,1.8,2.8,0.0,1
133853,5,2.172222222222222,380.0,524.4,0.8,2.2,0.0,1
133854,5,1.9754761904761904,373.2,484.6,0.4,4.8,0.0,1
134240,5,3.1157287157287152,405.8,425.2,0.0,0.0,0.0,1
134284,5,1.88,428.4,466.6,2.6,6.0,0.0,1
134311,7,3.1591424448567307,347.57142857142856,385.0,0.1428571428571428,0.7142857142857143,0.0,1
134312,7,3.201886209029066,432.57142857142856,441.57142857142856,2.142857142857143,2.571428571428572,0.0,1
134378,5,3.303333333333333,382.6,440.4,1.4,4.8,0.0,1
134429,8,2.226875837977812,431.125,453.875,0.75,2.25,0.0,1
134630,5,2.678095238095238,535.8,482.8,1.8,2.0,0.0,1
134634,7,2.1104359925788496,422.57142857142856,478.0,0.1428571428571428,1.8571428571428568,0.0,1
134675,5,2.4742063492063493,328.6,381.2,1.8,1.6,0.0,1
134701,5,2.1348717948717946,351.2,396.4,0.4,0.6,0.0,1
134837,5,2.3405555555555555,322.4,343.0,1.0,0.4,0.0,1
134866,9,2.210401635401636,333.8888888888889,383.6666666666667,0.3333333333333333,2.4444444444444446,0.0,1
135512,5,1.1166666666666667,226.4,239.0,0.0,0.0,0.4,0
135783,7,1.9370748299319729,389.0,371.8571428571428,0.7142857142857143,2.2857142857142856,0.0,1
135784,7,1.5712218220621583,356.0,335.1428571428572,1.1428571428571428,5.142857142857143,0.0,1
136168,6,2.103156565656566,295.3333333333333,298.0,1.0,5.0,0.0,1
136182,9,2.328882602128216,310.0,362.44444444444446,1.4444444444444444,3.111111111111111,0.1111111111111111,0
136183,9,2.456779748936612,347.6666666666667,401.1111111111111,1.1111111111111112,1.6666666666666667,0.0,1
136212,5,4.405555555555556,406.8,373.0,3.6,6.8,0.2,0
136264,6,2.62221620971621,507.6666666666667,540.0,2.6666666666666665,4.5,0.1666666666666666,0
136318,5,1.2266083916083916,356.6,398.0,0.0,0.0,0.0,1
136727,5,3.763095238095238,509.6,482.6,0.8,1.0,0.0,1
136934,5,4.578253968253968,463.6,529.2,0.0,0.0,0.0,1
136957,5,5.122619047619048,530.6,573.6,0.8,3.0,0.0,1
136962,6,3.711970899470899,441.3333333333333,533.3333333333334,1.8333333333333333,9.5,0.0,1
137171,6,2.778174603174603,329.3333333333333,333.1666666666667,0.3333333333333333,3.6666666666666665,0.0,1
137340,7,4.488744588744589,557.5714285714286,572.4285714285714,1.2857142857142858,3.4285714285714284,0.0,1
137359,6,2.3556743909685083,409.8333333333333,422.3333333333333,4.666666666666667,0.5,0.0,1
137428,5,3.4582352941176477,439.8,501.4,0.6,4.2,0.0,1
137459,10,1.4267857142857143,305.0,329.0,1.2,1.6,0.0,1
137669,7,2.147675736961451,372.0,413.1428571428572,0.8571428571428571,0.7142857142857143,0.0,1
137673,5,2.383174603174603,311.8,333.0,0.0,0.0,0.0,1
137696,5,2.636904761904762,346.2,371.0,2.6,5.6,0.0,1
137926,5,6.369206349206349,496.0,542.2,1.8,4.0,0.0,1
138016,6,3.039081289081289,532.6666666666666,502.3333333333333,4.833333333333333,9.0,0.0,1
138017,6,3.064880952380952,581.1666666666666,571.5,0.8333333333333334,0.5,0.0,1
138085,6,3.2471153846153844,482.1666666666667,503.1666666666667,0.5,2.0,0.0,1
138111,5,4.941969696969697,534.6,603.8,1.2,4.4,0.0,1
138133,5,2.6221645021645026,370.0,430.8,0.6,3.0,0.0,1
138198,5,3.33968253968254,517.2,568.2,0.4,1.2,0.0,1
138278,6,3.1648148148148145,481.0,460.6666666666667,1.3333333333333333,2.0,0.0,1
138368,7,2.2421768707482994,436.4285714285714,459.57142857142856,1.2857142857142858,1.4285714285714286,0.0,1
138417,7,1.972222222222222,332.2857142857143,364.7142857142857,2.2857142857142856,3.4285714285714284,0.0,1
138429,6,1.5759920634920634,304.5,325.5,0.6666666666666666,7.666666666666667,0.1666666666666666,0
138695,9,6.288422688422688,437.55555555555554,459.55555555555554,0.0,0.0,0.0,1
138700,5,1.903333333333333,436.0,481.8,2.4,4.4,0.2,0
138765,5,1.6754156954156951,322.0,380.2,0.0,0.0,0.0,1
138766,5,2.6035714285714286,389.2,464.6,0.2,2.8,0.0,1
139066,5,1.697142857142857,350.2,391.2,0.2,3.4,0.0,1
139215,5,7.305714285714285,771.8,708.8,4.4,4.8,0.0,1
139237,5,5.096666666666667,544.6,612.8,2.6,4.8,0.0,1
139507,5,3.840317460317461,418.4,387.8,0.2,2.2,0.0,1
139509,5,8.93047619047619,389.0,425.4,0.8,1.8,0.0,1
139551,5,2.4333333333333336,409.2,435.2,0.0,0.0,0.0,1
140308,5,1.780952380952381,457.2,490.0,0.0,0.0,0.0,1
140656,9,3.0945767195767195,330.77777777777777,345.1111111111111,4.888888888888889,12.0,0.0,1
140693,7,5.113378684807256,478.7142857142857,488.8571428571428,1.5714285714285714,7.142857142857143,0.0,1
140694,7,6.615022675736961,391.2857142857143,432.4285714285714,1.7142857142857142,1.7142857142857142,0.0,1
140695,7,4.515595515595516,361.1428571428572,370.0,0.7142857142857143,0.8571428571428571,0.0,1
140764,7,1.9608843537414968,391.1428571428572,409.7142857142857,0.1428571428571428,1.1428571428571428,0.1428571428571428,0
140898,7,3.952164502164502,431.0,444.7142857142857,0.2857142857142857,0.5714285714285714,0.0,1
142924,5,2.719227994227994,413.0,517.4,2.4,8.4,0.0,1
142954,5,1.696068376068376,316.0,382.2,0.6,2.6,0.0,1
143659,5,1.8581818181818184,329.8,369.6,0.4,1.6,0.0,1
143725,5,1.925353535353536,387.4,464.4,1.0,3.2,0.0,1
144797,5,2.1422222222222222,441.0,509.6,2.6,7.8,0.0,1
146145,6,3.551388888888889,564.0,553.6666666666666,1.1666666666666667,3.6666666666666665,0.0,1
146947,5,5.529545454545454,561.8,589.8,0.0,0.0,0.0,1
147459,7,1.0861765218908075,302.2857142857143,319.42857142857144,0.7142857142857143,1.4285714285714286,0.0,1
147775,9,1.6676767676767676,387.77777777777777,449.0,2.6666666666666665,5.777777777777778,0.0,1
148074,5,2.6404761904761904,373.0,416.6,3.0,3.6,0.0,1
148204,5,1.92,373.0,477.8,2.4,2.8,0.0,1
148522,6,4.063888888888889,376.3333333333333,439.1666666666667,0.0,0.0,0.0,1
152104,10,2.190231092436975,404.1,438.1,0.9,8.4,0.0,1
152134,6,2.321428571428572,536.6666666666666,543.1666666666666,0.5,1.3333333333333333,0.0,1
152135,6,2.153439153439153,267.3333333333333,264.8333333333333,0.5,6.0,0.0,1
153874,6,1.6231690336953497,378.6666666666667,402.6666666666667,0.0,0.0,0.0,1
153875,6,1.680067155067155,434.6666666666667,467.6666666666667,0.6666666666666666,3.5,0.0,1
153928,5,4.26095238095238,595.2,556.4,0.0,0.0,0.0,1
153997,5,2.663852813852814,313.0,380.0,0.0,0.0,0.0,1
155600,5,2.1906349206349205,349.4,400.0,2.2,6.6,0.0,1
155794,5,3.0908741258741257,576.2,670.2,0.8,0.4,0.0,1
155795,5,4.327976190476191,366.2,483.4,0.4,5.6,0.0,1
